Date,tx_id,raw_row_id,import_batch_id,source_bank,source_account,posted_date,amount,currency,counterparty,reference,memo,type,balance,bank_txn_number,bank_category,bank_subcategory,effective_subcategory,match_text,description_x,parent_tx_id,is_superseded,property_code,category,subcategory,description_y,confidence,rule_id,rule_strength,needs_review,source
2026-09-01,eaea7d34c0c267ea556fc53e1dd3a6ce6da09cfd923c678864488cacc39f540b,SEP2026_BC_6045_SEP2026.csv_1,SEP2026,barclays,20-74-09 60458872,2026-09-01,-7.0,GBP,,,ALESSIO               MONEYINDADSACCOUNT FT,,,0,,Funds Transfer,Funds Transfer,ALESSIO               MONEYINDADSACCOUNT FT,,,0,,PersonalExpense,Alessio,,0.99,override_7,strong,0,rule
2026-09-01,ba9f933b6b4a0a327f7acfc5cf5df4da6fafee83c66bf3f7fbd28d3f0f891ee4,SEP2026_BC_6045_SEP2026.csv_2,SEP2026,barclays,20-74-09 60458872,2026-09-01,-194.15,GBP,,,PIC RE ARGOS PET      PETAG934657920001 DDR,,,451019,,Direct Debit,Direct Debit,PIC RE ARGOS PET      PETAG934657920001 DDR,,,0,,RegularPayment,,,0.99,cat_regularpayment_27,strong,0,rule
2026-09-01,fd9bf01f525d8dc9c5e354b4460e446cad3bf06f7a039fd478cecfa6547d6ab7,SEP2026_BC_6045_SEP2026.csv_3,SEP2026,barclays,20-74-09 60458872,2026-09-01,-47.03,GBP,,,EE LIMITED            Q13077400752912038 DD,,,941284,,Direct Debit,Direct Debit,EE LIMITED            Q13077400752912038 DD,,,0,,RegularPayment,,,0.99,cat_regularpayment_27,strong,0,rule
2026-09-01,f48a4197e31ca70e1a0ee35ea3312b6bef6fcba1e79e0eee653cd58ea50181c2,SEP2026_BC_6045_SEP2026.csv_4,SEP2026,barclays,20-74-09 60458872,2026-09-01,-50.0,GBP,,,NATIONWIDE            0604/229172770 STO,,,0,,Standing Order,Standing Order,NATIONWIDE            0604/229172770 STO,,,0,,RegularPayment,,,0.99,cat_regularpayment_25,strong,0,rule
2026-09-01,d094f4677f7ce665b1bebba539e4e8574c44ff3fe0076a0fe3f7071b773795f3,SEP2026_BC_3072_SEP2026.csv_1,SEP2026,barclays,20-53-97 30728691,2026-09-01,-304.08,GBP,,,BHAM MIDSHIRES        6092036837070000 DDR,,,184800,,Direct Debit,Direct Debit,BHAM MIDSHIRES        6092036837070000 DDR,,,0,F4163FRA,Mortgage,,,0.99,prop_mort_F4163FRA_20,strong,0,rule
2026-09-01,79b6135f4fbf5381202ff3863bc2b8d722df51b5130725b652990f2c3f157a8c,SEP2026_BC_3072_SEP2026.csv_2,SEP2026,barclays,20-53-97 30728691,2026-09-01,-457.65,GBP,,,TOPAZ FIN JASPER      PRU00010/190859005 DD,,,169547,,Direct Debit,Direct Debit,TOPAZ FIN JASPER      PRU00010/190859005 DD,,,0,F31618ALH,Mortgage,,,0.99,prop_mort_F31618ALH_51,strong,0,rule
2026-09-01,addc3c4889fa64abac445cb5a2e9f071f4e457b15360036ab17a705a8809bb68,SEP2026_BC_3072_SEP2026.csv_3,SEP2026,barclays,20-53-97 30728691,2026-09-01,-887.02,GBP,,,HESSONITE MORTGAGE    TND00001/631516204 DD,,,573997,,Direct Debit,Direct Debit,HESSONITE MORTGAGE    TND00001/631516204 DD,,,0,23CHAM,Mortgage,,,0.99,prop_mort_23CHAM_28,strong,0,rule
2026-09-01,bd6fdae311a55810fac2a626d95c3d3da0df11c9178c8308430b6905c1952892,SEP2026_BC_3072_SEP2026.csv_4,SEP2026,barclays,20-53-97 30728691,2026-09-01,-469.79,GBP,,,TOPAZ RE ROSINCA      ROW20004/560476808 DD,,,169548,,Direct Debit,Direct Debit,TOPAZ RE ROSINCA      ROW20004/560476808 DD,,,0,F61618ALH,Mortgage,,,0.99,prop_mort_F61618ALH_61,strong,0,rule
2026-09-01,0b88b25adf5f86b20dc3ff137d5beacd3d8b109608034de4f789cb84aacda0ab,SEP2026_BC_3072_SEP2026.csv_5,SEP2026,barclays,20-53-97 30728691,2026-09-01,-509.79,GBP,,,TOPAZ RE ROSINCA      ROW20004/560471701 DD,,,169548,,Direct Debit,Direct Debit,TOPAZ RE ROSINCA      ROW20004/560471701 DD,,,0,F2046ALH,Mortgage,,,0.99,prop_mort_F2046ALH_59,strong,0,rule
2026-09-01,8e3feaec5545014749e437a5395049f7b482386eef1e4a6c2bbc0aea4c259070,SEP2026_BC_3072_SEP2026.csv_6,SEP2026,barclays,20-53-97 30728691,2026-09-01,-620.94,GBP,,,TOPAZ RE SIBERITE     SIB00001/480016104 DD,,,177794,,Direct Debit,Direct Debit,TOPAZ RE SIBERITE     SIB00001/480016104 DD,,,0,F2146ALH,Mortgage,,,0.99,prop_mort_F2146ALH_38,strong,0,rule
2026-09-01,1767819934a61b45bf5d41e600d80a02d236202036e425e30642db64790fc790,SEP2026_BC_3072_SEP2026.csv_7,SEP2026,barclays,20-53-97 30728691,2026-09-01,-314.84,GBP,,,JASPER MORTGAGES      JAC00002/390255001 DD,,,457918,,Direct Debit,Direct Debit,JASPER MORTGAGES      JAC00002/390255001 DD,,,0,F3321LON,Mortgage,,,0.99,prop_mort_F3321LON_6,strong,0,rule
2026-09-01,ee8fa84edac2bd579d25cce01c5edd5ce315885dbf806ee10935edc514a6e087,SEP2026_BC_3072_SEP2026.csv_8,SEP2026,barclays,20-53-97 30728691,2026-09-01,-313.0,GBP,,,JASPER MORTGAGES      JAC00002/390255110 DD,,,457918,,Direct Debit,Direct Debit,JASPER MORTGAGES      JAC00002/390255110 DD,,,0,F2169FAW,Mortgage,,,0.99,prop_mort_F2169FAW_9,strong,0,rule
2026-09-01,7e49f2c1015780cc9714ccb62082ef638bd9391fc3dcb45a302ff12c8313d16b,SEP2026_BC_3072_SEP2026.csv_9,SEP2026,barclays,20-53-97 30728691,2026-09-01,3877.11,GBP,,,Rsa Capital Limite    mortgages BGC,,,0,,Counter Credit,Counter Credit,Rsa Capital Limite    mortgages BGC,,,0,,Interbank,,,0.99,override_40,strong,0,rule
2026-09-01,3f8c488db6d4eb128c0930a9cc060ac1f856d348bbba8783b893d3b1ebbe31a1,SEP2026_BC_4040_SEP2026.csv_1,SEP2026,barclays,20-74-09 40406538,2026-09-01,-3.0,GBP,,,ALESSIO VALENTINO-    FROM MUMMY FT,,,0,,Funds Transfer,Funds Transfer,ALESSIO VALENTINO-    FROM MUMMY FT,,,0,,PersonalExpense,Alessio,,0.99,override_7,strong,0,rule
2026-09-01,5423510f6684c076e150fb37f2ed4e4f3d6d77404022f07ad435e118827ab4b2,SEP2026_StarlingStatement_2026-09.csv_1,SEP2026,starling,60-83-71 00558156,2026-09-01,-465.0,GBP,Alhambra Road,M Tucker SC,Alhambra Road M Tucker SC,FASTER PAYMENT,53846.92,,REPAIRS_AND_MAINTENANCE,,REPAIRS_AND_MAINTENANCE,Alhambra Road M Tucker SC Alhambra Road M Tucker SC FASTER PAYMENT,,,0,,ServiceCharge,,,0.99,cat_servicecharge_11,strong,0,rule
2026-09-01,c16e3526a082a689e6f45c0d85ec0f40645e98cbefc1b2a37d3324c24e2274cd,SEP2026_StarlingStatement_2026-09.csv_2,SEP2026,starling,60-83-71 00558156,2026-09-01,-315.0,GBP,ALHHAMBRA ROAD,M Tucker SC,ALHHAMBRA ROAD M Tucker SC,FASTER PAYMENT,53531.92,,REPAIRS_AND_MAINTENANCE,,REPAIRS_AND_MAINTENANCE,ALHHAMBRA ROAD M Tucker SC ALHHAMBRA ROAD M Tucker SC FASTER PAYMENT,,,0,,ServiceCharge,,,0.99,cat_servicecharge_11,strong,0,rule
2026-09-01,44d97e2209efecde000358430025577317429b4f55fa67459b8a160406cf142c,SEP2026_StarlingStatement_2026-09.csv_3,SEP2026,starling,60-83-71 00558156,2026-09-01,-100.0,GBP,Lordswood Estates,M Tucker SC,Lordswood Estates M Tucker SC,FASTER PAYMENT,53431.92,,REPAIRS_AND_MAINTENANCE,,REPAIRS_AND_MAINTENANCE,Lordswood Estates M Tucker SC Lordswood Estates M Tucker SC FASTER PAYMENT,,,0,,ServiceCharge,,,0.99,cat_servicecharge_11,strong,0,rule
2026-09-01,2340d32313c8527430d61a888755a91777972abbfb374412dce7f70f1a44a9ce,SEP2026_StarlingStatement_2026-09.csv_4,SEP2026,starling,60-83-71 00558156,2026-09-01,100.0,GBP,Lordswood Estates,M Tucker SC,Lordswood Estates M Tucker SC,FASTER PAYMENT,53531.92,,REVENUE,,REVENUE,Lordswood Estates M Tucker SC Lordswood Estates M Tucker SC FASTER PAYMENT,,,0,,ServiceCharge,,,0.99,cat_servicecharge_11,strong,0,rule
2026-09-01,44739e73c32a2fd63e524ab027c1cd2f62ad55a53387a06374dffe9ea94b305f,SEP2026_StarlingStatement_2026-09.csv_5,SEP2026,starling,60-83-71 00558156,2026-09-01,-320.0,GBP,Alhambra Road,M Tucker SC,Alhambra Road M Tucker SC,FASTER PAYMENT,53211.92,,REPAIRS_AND_MAINTENANCE,,REPAIRS_AND_MAINTENANCE,Alhambra Road M Tucker SC Alhambra Road M Tucker SC FASTER PAYMENT,,,0,,ServiceCharge,,,0.99,cat_servicecharge_11,strong,0,rule
2026-09-01,598785d1524197857eff9ff4add6c5fd092b4a4dbca6c7940bb54ddf75d9b6a9,SEP2026_StarlingStatement_2026-09.csv_6,SEP2026,starling,60-83-71 00558156,2026-09-01,925.0,GBP,R Cowie,FLAT 14. PO4 0RF,R Cowie FLAT 14. PO4 0RF,FASTER PAYMENT,54136.92,,REVENUE,,REVENUE,R Cowie FLAT 14. PO4 0RF R Cowie FLAT 14. PO4 0RF FASTER PAYMENT,,,0,F141214ALH,OurRent,,,0.99,prop_rent_F141214ALH_103,strong,0,rule
2026-09-01,c4730aa53158998732121c2c09fe933d29fb7a92e1583388ec046a246c8decdb,SEP2026_StarlingStatement_2026-09.csv_7,SEP2026,starling,60-83-71 00558156,2026-09-01,980.0,GBP,Mr A J  FITZGERALD,FLAT 23 4-6 ALHAMB,Mr A J  FITZGERALD FLAT 23 4-6 ALHAMB,FASTER PAYMENT,55116.92,,REVENUE,,REVENUE,Mr A J  FITZGERALD FLAT 23 4-6 ALHAMB Mr A J  FITZGERALD FLAT 23 4-6 ALHAMB FASTER PAYMENT,,,0,F2346ALH,OurRent,,,0.99,prop_rent_F2346ALH_96,strong,0,rule
2026-09-01,c6211326837bb53e4afdcd25bba53a98199920371238177fb65cee065ff8fe56,SEP2026_StarlingStatement_2026-09.csv_8,SEP2026,starling,60-83-71 00558156,2026-09-01,825.0,GBP,Letisha Lowe,Latisha Rent,Letisha Lowe Latisha Rent,FASTER PAYMENT,55941.92,,REVENUE,,REVENUE,Letisha Lowe Latisha Rent Letisha Lowe Latisha Rent FASTER PAYMENT,,,0,,OtherIncome,,,0.65,cat_otherincome_34,catch_all,1,rule
2026-09-01,f355757f0ce4d8979fd857297dfcc90fb6d1d88e805f3a8322d37eb43fb5cc25,SEP2026_StarlingStatement_2026-09.csv_9,SEP2026,starling,60-83-71 00558156,2026-09-01,775.0,GBP,Nicole  Byrne,FL7 ALHAMBRA RD,Nicole  Byrne FL7 ALHAMBRA RD,FASTER PAYMENT,56716.92,,REVENUE,,REVENUE,Nicole  Byrne FL7 ALHAMBRA RD Nicole  Byrne FL7 ALHAMBRA RD FASTER PAYMENT,,,0,F71618ALH,OurRent,,,0.99,prop_rent_F71618ALH_116,strong,0,rule
2026-09-01,c478767ef2d7eff7f578346aa04210c7294d4fd80f793b46f7dc5d08fc0425fe,SEP2026_StarlingStatement_2026-09.csv_10,SEP2026,starling,60-83-71 00558156,2026-09-01,-3877.11,GBP,Ivana Valentino 3072,mortgages,Ivana Valentino 3072 mortgages,FASTER PAYMENT,52839.81,,INTEREST_PAYMENTS,,INTEREST_PAYMENTS,Ivana Valentino 3072 mortgages Ivana Valentino 3072 mortgages FASTER PAYMENT,,,0,,MortgageRefund,Ivana,,0.99,cat_mortgagerefund_15,strong,0,rule
2026-09-01,cf2c1e3cb660b0a811a558b33e4bb5bba7fac31e9883813891d4db352840dc67,SEP2026_StarlingStatement_2026-09.csv_11,SEP2026,starling,60-83-71 00558156,2026-09-01,775.0,GBP,Matt GRANIL,Flat 2 PO4 ODH,Matt GRANIL Flat 2 PO4 ODH,FASTER PAYMENT,53614.81,,REVENUE,,REVENUE,Matt GRANIL Flat 2 PO4 ODH Matt GRANIL Flat 2 PO4 ODH FASTER PAYMENT,,,0,F2169FAW,OurRent,,,0.99,prop_rent_F2169FAW_77,strong,0,rule
2026-09-02,a46d82c5323b86d7ec5fcc625d5f4bdbfe2d1e9b8430281efd79cf445cf98880,SEP2026_BC_6045_SEP2026.csv_5,SEP2026,barclays,20-74-09 60458872,2026-09-02,-300.0,GBP,,,G & F VALENTINO       M TUCKER STO,,,0,,Standing Order,Standing Order,G & F VALENTINO       M TUCKER STO,,,0,,Hilltop,,,0.99,cat_hilltop_21,strong,0,rule
2026-09-02,ec367a3c06c5bb9c7fa81f04e7ef3dcc5a7a0ea7386a76d839719beae3cf3364,SEP2026_BC_6045_SEP2026.csv_6,SEP2026,barclays,20-74-09 60458872,2026-09-02,1036.54,GBP,,,M Tucker              SF BGC,,,0,,Counter Credit,Counter Credit,M Tucker              SF BGC,,,0,,MTPayment,,,0.99,override_41,strong,0,rule
2026-09-02,a04de7e5842bb1c4bdee1f67ae7664038fd2f84ef9ae4c31ddee13ef7b850f67,SEP2026_BC_3072_SEP2026.csv_10,SEP2026,barclays,20-53-97 30728691,2026-09-02,-37.95,GBP,,,L&G INSURANCE MI      0114399215-260902 DDR,,,511148,,Direct Debit,Direct Debit,L&G INSURANCE MI      0114399215-260902 DDR,,,0,,RegularPayment,,,0.99,cat_regularpayment_27,strong,0,rule
2026-09-02,408bec186b797d4a3589901edf984c251cda89bdd7f2dccbe5242dbcd4195c17,SEP2026_StarlingStatement_2026-09.csv_12,SEP2026,starling,60-83-71 00558156,2026-09-02,1050.0,GBP,A Ancy Treesa Math,23 C HT  SEP  RENT,A Ancy Treesa Math 23 C HT  SEP  RENT,FASTER PAYMENT,54664.81,,REVENUE,,REVENUE,A Ancy Treesa Math 23 C HT  SEP  RENT A Ancy Treesa Math 23 C HT  SEP  RENT FASTER PAYMENT,,,0,23CHAM,OurRent,,,0.99,prop_rent_23CHAM_89,strong,0,rule
2026-09-02,b0cd2b85f489b7185da7bfb4d79aa6f757a42c1392606df3339d34c3a5c0ae95,SEP2026_StarlingStatement_2026-09.csv_13,SEP2026,starling,60-83-71 00558156,2026-09-02,-50.0,GBP,Nathanial Paul Crossley-Turner,elect,Nathanial Paul Crossley-Turner elect,FASTER PAYMENT,54614.81,,REPAIRS_AND_MAINTENANCE,,REPAIRS_AND_MAINTENANCE,Nathanial Paul Crossley-Turner elect Nathanial Paul Crossley-Turner elect FASTER PAYMENT,,,0,,PropertyExpense,,,0.99,cat_propertyexpense_19,strong,1,rule
2026-09-02,bb62d2b61d5c63de2edf843c16081d156528e2e7e151d420ca0ce79b694baa0a,SEP2026_StarlingStatement_2026-09.csv_14,SEP2026,starling,60-83-71 00558156,2026-09-02,-34.9,GBP,Peter Taperek,3163 repairs,Peter Taperek 3163 repairs,FASTER PAYMENT,54579.91,,REPAIRS_AND_MAINTENANCE,,REPAIRS_AND_MAINTENANCE,Peter Taperek 3163 repairs Peter Taperek 3163 repairs FASTER PAYMENT,,,0,F3163FRA,PropertyExpense,,,0.99,prop_rent_F3163FRA_83,strong,0,rule
2026-09-02,9f4f7f907df70967310a7ec2b5cd2ea966fc12acf5fc142425a600809bfaa0b4,SEP2026_StarlingStatement_2026-09.csv_15,SEP2026,starling,60-83-71 00558156,2026-09-02,-29.26,GBP,Peter Taperek,3 163 repairs,Peter Taperek 3 163 repairs,FASTER PAYMENT,54550.65,,REPAIRS_AND_MAINTENANCE,,REPAIRS_AND_MAINTENANCE,Peter Taperek 3 163 repairs Peter Taperek 3 163 repairs FASTER PAYMENT,,,0,F3163FRA,PropertyExpense,,,0.99,prop_rent_F3163FRA_83,strong,0,rule
2026-09-02,b5eb52ee8414931e00bf559eeeac085fd2b5f5dc601cb46bae62ec3663260bef,SEP2026_StarlingStatement_2026-09.csv_16,SEP2026,starling,60-83-71 00558156,2026-09-02,-19.74,GBP,Peter Taperek,3163 repairs,Peter Taperek 3163 repairs,FASTER PAYMENT,54530.91,,REPAIRS_AND_MAINTENANCE,,REPAIRS_AND_MAINTENANCE,Peter Taperek 3163 repairs Peter Taperek 3163 repairs FASTER PAYMENT,,,0,F3163FRA,PropertyExpense,,,0.99,prop_rent_F3163FRA_83,strong,0,rule
2026-09-02,546704dc086a042a841094336f28a8043c88ce46a9281498f5e7c2519d2e7b93,SEP2026_StarlingStatement_2026-09.csv_17,SEP2026,starling,60-83-71 00558156,2026-09-02,-40.0,GBP,Rocco VALENTINO TUCKER,admin costs,Rocco VALENTINO TUCKER admin costs,FASTER PAYMENT,54490.91,,REPAIRS_AND_MAINTENANCE,,REPAIRS_AND_MAINTENANCE,Rocco VALENTINO TUCKER admin costs Rocco VALENTINO TUCKER admin costs FASTER PAYMENT,,,0,,PersonalExpense,Rocco,,0.99,cat_propertyexpense_19,strong,0,rule
2026-09-02,78347ff73e6f1f8f9e9a81fdb9409820329570161f03ca368420b94477e2edd4,SEP2026_StarlingStatement_2026-09.csv_18,SEP2026,starling,60-83-71 00558156,2026-09-02,-8.99,GBP,Peter Taperek,3163 repairs,Peter Taperek 3163 repairs,FASTER PAYMENT,54481.92,,REPAIRS_AND_MAINTENANCE,,REPAIRS_AND_MAINTENANCE,Peter Taperek 3163 repairs Peter Taperek 3163 repairs FASTER PAYMENT,,,0,F3163FRA,PropertyExpense,,,0.99,prop_rent_F3163FRA_83,strong,0,rule
2026-09-03,ae291fa50804858510cab2a6ab36fb657baf9edafeacd04fa19746c2c37cbbb9,SEP2026_BC_6045_SEP2026.csv_7,SEP2026,barclays,20-74-09 60458872,2026-09-03,-3488.75,GBP,,,THE HARPUR TRUST D    BVAL000 DDR,,,765055,,Direct Debit,Direct Debit,THE HARPUR TRUST D    BVAL000 DDR,,,0,,SchoolFee,,,0.99,cat_schoolfee_20,strong,0,rule
2026-09-03,233aeb260db854901d281040bd7344f18bfff8d26865a49d0df71cb22a957582,SEP2026_BC_6045_SEP2026.csv_8,SEP2026,barclays,20-74-09 60458872,2026-09-03,3488.75,GBP,,,M Tucker              SF BGC,,,0,,Counter Credit,Counter Credit,M Tucker              SF BGC,,,0,,MTPayment,,,0.99,override_41,strong,0,rule
2026-09-03,c9fd2750bb1eaf04099a7954e74736beaaf7e4559b3ed8a6faedda5db02d7a5a,SEP2026_BC_3072_SEP2026.csv_11,SEP2026,barclays,20-53-97 30728691,2026-09-03,-562.52,GBP,,,TOPAZ FIN JASPER      PRU00010/191462710 DD,,,169547,,Direct Debit,Direct Debit,TOPAZ FIN JASPER      PRU00010/191462710 DD,,,0,F3171FAW,Mortgage,,,0.99,prop_mort_F3171FAW_16,strong,0,rule
2026-09-03,fd726a715536c540fd1e5fd2c4cc0ddd16082797338def250289f665365c07bb,SEP2026_BC_3072_SEP2026.csv_12,SEP2026,barclays,20-53-97 30728691,2026-09-03,-357.62,GBP,,,TOPAZ FIN ROSINCA     BLA00010/130654303 DD,,,169548,,Direct Debit,Direct Debit,TOPAZ FIN ROSINCA     BLA00010/130654303 DD,,,0,F3163FRA,Mortgage,,,0.99,prop_mort_F3163FRA_18,strong,0,rule
2026-09-03,2846214040ff2221716fa081864f4c73d63d4d3b22b46561a727de70aded1a93,SEP2026_BC_3072_SEP2026.csv_13,SEP2026,barclays,20-53-97 30728691,2026-09-03,-391.84,GBP,,,TOPAZ FIN ROSINCA     BLA00010/131188407 DD,,,169548,,Direct Debit,Direct Debit,TOPAZ FIN ROSINCA     BLA00010/131188407 DD,,,0,F4321LON,Mortgage,,,0.99,prop_mort_F4321LON_7,strong,0,rule
2026-09-03,9533e5152dd1e5f98522bcadc49b9c5c9c62ed7881456b61bd26166ccf72b0b8,SEP2026_BC_3072_SEP2026.csv_14,SEP2026,barclays,20-53-97 30728691,2026-09-03,-391.76,GBP,,,TOPAZ FIN ROSINCA     BLA00010/131992707 DD,,,169548,,Direct Debit,Direct Debit,TOPAZ FIN ROSINCA     BLA00010/131992707 DD,,,0,F1321LON,Mortgage,,,0.99,prop_mort_F1321LON_1,strong,0,rule
2026-09-03,d21e378848050e29ee307fb1a7fecebf1e85258a5b7b99260990ce99c6a53572,SEP2026_BC_3072_SEP2026.csv_15,SEP2026,barclays,20-53-97 30728691,2026-09-03,-352.97,GBP,,,TOPAZ FIN ROSINCA     BLA00010/132514207 DD,,,169548,,Direct Debit,Direct Debit,TOPAZ FIN ROSINCA     BLA00010/132514207 DD,,,0,F1169FAW,Mortgage,,,0.99,prop_mort_F1169FAW_8,strong,0,rule
2026-09-03,7f8b71882f4781f39846825fe922adcb554019969d75270655963db04fa57da6,SEP2026_BC_3072_SEP2026.csv_16,SEP2026,barclays,20-53-97 30728691,2026-09-03,-457.61,GBP,,,TOPAZ FIN ROSINCA     BLA00010/134121904 DD,,,169548,,Direct Debit,Direct Debit,TOPAZ FIN ROSINCA     BLA00010/134121904 DD,,,0,F111214ALH,Mortgage,,,0.99,prop_mort_F111214ALH_46,strong,0,rule
2026-09-03,fbe3c54787c4893cbcd92b8099fb346d52e0e00cc897c8abd1b4cdf2631fa3f5,SEP2026_BC_3072_SEP2026.csv_17,SEP2026,barclays,20-53-97 30728691,2026-09-03,-557.12,GBP,,,TOPAZ FIN ROSINCA     BLA00010/134332909 DD,,,169548,,Direct Debit,Direct Debit,TOPAZ FIN ROSINCA     BLA00010/134332909 DD,,,0,F11618ALH,Mortgage,,,0.99,prop_mort_F11618ALH_50,strong,0,rule
2026-09-03,48b79f51fb933aa3a10a59fd76fe20b54fb4c717e757d09e0fdbe0bc5e5d61c7,SEP2026_BC_3072_SEP2026.csv_18,SEP2026,barclays,20-53-97 30728691,2026-09-03,-457.88,GBP,,,TOPAZ FIN ROSINCA     BLA00010/134333009 DD,,,169548,,Direct Debit,Direct Debit,TOPAZ FIN ROSINCA     BLA00010/134333009 DD,,,0,F111618ALH,Mortgage,,,0.99,prop_mort_F111618ALH_54,strong,0,rule
2026-09-03,3fbea89aaaa5af5c735c4f753f2535d4c0b17027b3f5282d13e4f7ce755ab9c5,SEP2026_BC_3072_SEP2026.csv_19,SEP2026,barclays,20-53-97 30728691,2026-09-03,-557.53,GBP,,,TOPAZ FIN ROSINCA     BLA00010/134338410 DD,,,169548,,Direct Debit,Direct Debit,TOPAZ FIN ROSINCA     BLA00010/134338410 DD,,,0,F131618ALH,Mortgage,,,0.99,prop_mort_F131618ALH_56,strong,0,rule
2026-09-03,1ff7e9d51213d639044a93c28957c73513b3bc2c52abd8f5c2cd527097420f14,SEP2026_BC_3072_SEP2026.csv_20,SEP2026,barclays,20-53-97 30728691,2026-09-03,-577.53,GBP,,,TOPAZ FIN ROSINCA     BLA00010/134467209 DD,,,169548,,Direct Debit,Direct Debit,TOPAZ FIN ROSINCA     BLA00010/134467209 DD,,,0,F141214ALH,Mortgage,,,0.99,prop_mort_F141214ALH_48,strong,0,rule
2026-09-03,3dd616a46ae486e938a90b71ef7dd2e64fc40131388163548ebbf60b26f2c564,SEP2026_BC_3072_SEP2026.csv_21,SEP2026,barclays,20-53-97 30728691,2026-09-03,-523.18,GBP,,,TOPAZ FIN ROSINCA     BLA00010/137376006 DD,,,169548,,Direct Debit,Direct Debit,TOPAZ FIN ROSINCA     BLA00010/137376006 DD,,,0,F1171FAW,Mortgage,,,0.99,prop_mort_F1171FAW_14,strong,0,rule
2026-09-03,7a1c1d727806324e563a600977cafb5132ddaf89c7d49d6ed4623df68a7de3e0,SEP2026_BC_3072_SEP2026.csv_22,SEP2026,barclays,20-53-97 30728691,2026-09-03,-462.83,GBP,,,TOPAZ FIN ROSINCA     BLA00010/137376104 DD,,,169548,,Direct Debit,Direct Debit,TOPAZ FIN ROSINCA     BLA00010/137376104 DD,,,0,F2171FAW,Mortgage,,,0.99,prop_mort_F2171FAW_15,strong,0,rule
2026-09-03,6eafdb95bb6ca2eefb443fa1c28024ac54b1e283fd62e3b2018f859c6a8c8593,SEP2026_BC_3072_SEP2026.csv_23,SEP2026,barclays,20-53-97 30728691,2026-09-03,-483.54,GBP,,,SKIPTON B.S.          SBS00001/165905969 DD,,,995416,,Direct Debit,Direct Debit,SKIPTON B.S.          SBS00001/165905969 DD,,,0,F88ALH,Mortgage,,,0.99,prop_mort_F88ALH_33,strong,0,rule
2026-09-03,b93b17470fd08d6393695f250fe963e2afc068a443b69ef2edbba0c41a1585fa,SEP2026_BC_3072_SEP2026.csv_24,SEP2026,barclays,20-53-97 30728691,2026-09-03,6171.88,GBP,,,Rsa Capital Limite    mortgages BGC,,,0,,Counter Credit,Counter Credit,Rsa Capital Limite    mortgages BGC,,,0,,Interbank,,,0.99,override_40,strong,0,rule
2026-09-03,9ff04ab57f60475a3a72b3786b6beef16ca3f007fd41f42a3352a848686a56b0,SEP2026_BC_4040_SEP2026.csv_2,SEP2026,barclays,20-74-09 40406538,2026-09-03,200.0,GBP,,,Rsa Capital Limite    admin BGC,,,0,,Counter Credit,Counter Credit,Rsa Capital Limite    admin BGC,,,0,,Interbank,,,0.99,override_40,strong,0,rule
2026-09-03,a0cf739a5bde5a406920385da3480a1035c48d0d330e649213a331c38468099d,SEP2026_StarlingStatement_2026-09.csv_19,SEP2026,starling,60-83-71 00558156,2026-09-03,-167.0,GBP,Wickes,WICKES BUILDING,Wickes WICKES BUILDING,ONLINE PAYMENT,54314.92,,REPAIRS_AND_MAINTENANCE,,REPAIRS_AND_MAINTENANCE,Wickes WICKES BUILDING Wickes WICKES BUILDING ONLINE PAYMENT,,,0,,PropertyExpense,,,0.99,cat_propertyexpense_19,strong,1,rule
2026-09-03,7bbbdb20be7048c5a931f84c0ce59068dc89a89c7e7956d47e7b91dfc6bb21ad,SEP2026_StarlingStatement_2026-09.csv_20,SEP2026,starling,60-83-71 00558156,2026-09-03,-17.5,GBP,Co-op,CO OPERATIVE FOOD,Co-op CO OPERATIVE FOOD,CONTACTLESS,54297.42,,REPAIRS_AND_MAINTENANCE,,REPAIRS_AND_MAINTENANCE,Co-op CO OPERATIVE FOOD Co-op CO OPERATIVE FOOD CONTACTLESS,,,0,,PersonalExpense,COOP,,0.99,cat_propertyexpense_19,strong,0,rule
2026-09-03,13ae4f49b602574314c1e2367d4b7e0f505df2503db1791379ce52033546ce80,SEP2026_StarlingStatement_2026-09.csv_21,SEP2026,starling,60-83-71 00558156,2026-09-03,-13.95,GBP,Timpson,Timpson Ltd 5140,Timpson Timpson Ltd 5140,CONTACTLESS,54283.47,,OTHER,,OTHER,Timpson Timpson Ltd 5140 Timpson Timpson Ltd 5140 CONTACTLESS,,,0,,OtherExpense,,,0.65,cat_otherexpense_35,catch_all,1,rule
2026-09-03,4c7400e5db9cd108e56ec0bc30492fa9f496a6e7c6a33179ab679b0b6a697a5f,SEP2026_StarlingStatement_2026-09.csv_22,SEP2026,starling,60-83-71 00558156,2026-09-03,-200.0,GBP,Ivana  VALENTINO,admin,Ivana  VALENTINO admin,FASTER PAYMENT,54083.47,,REPAIRS_AND_MAINTENANCE,,REPAIRS_AND_MAINTENANCE,Ivana  VALENTINO admin Ivana  VALENTINO admin FASTER PAYMENT,,,0,,PropertyExpense,,,0.99,cat_propertyexpense_19,strong,1,rule
2026-09-03,ccd2c7763f6788734982dc1cfd49c0c31e62ba7d2cd9046d92ee96fc6ab61539,SEP2026_StarlingStatement_2026-09.csv_23,SEP2026,starling,60-83-71 00558156,2026-09-03,-6171.88,GBP,Ivana Valentino 3072,mortgages,Ivana Valentino 3072 mortgages,FASTER PAYMENT,47911.59,,INTEREST_PAYMENTS,,INTEREST_PAYMENTS,Ivana Valentino 3072 mortgages Ivana Valentino 3072 mortgages FASTER PAYMENT,,,0,,MortgageRefund,Ivana,,0.99,cat_mortgagerefund_15,strong,0,rule
2026-09-03,df1e896f2d8d6b5702ffa75e38cd35f150d92ab2b6a56e13701056110f772949,SEP2026_StarlingStatement_2026-09.csv_24,SEP2026,starling,60-83-71 00558156,2026-09-03,-250.0,GBP,Ivana  VALENTINO,admin,Ivana  VALENTINO admin,FASTER PAYMENT,47661.59,,REPAIRS_AND_MAINTENANCE,,REPAIRS_AND_MAINTENANCE,Ivana  VALENTINO admin Ivana  VALENTINO admin FASTER PAYMENT,,,0,,PropertyExpense,,,0.99,cat_propertyexpense_19,strong,1,rule
2026-09-04,9dd5a0cd1412cb595ce4bd44f651c8fd9f7450aaec3970f666db3bedec5921fc,SEP2026_BC_6045_SEP2026.csv_9,SEP2026,barclays,20-74-09 60458872,2026-09-04,-33.1,GBP,,,PAYPAL PAYMENT        5CM22229DF5GW DDR,,,679848,,Direct Debit,Direct Debit,PAYPAL PAYMENT        5CM22229DF5GW DDR,,,0,,RegularPayment,,,0.99,cat_regularpayment_27,strong,0,rule
2026-09-04,b6fc3aa49ecd003b32f58e4d707f66f618aad846436290cf462027dcb175b478,SEP2026_BC_6045_SEP2026.csv_10,SEP2026,barclays,20-74-09 60458872,2026-09-04,-10.0,GBP,,,UNITY MUTUAL KU CT    PL684048A VALENTNO ST,,,0,,Standing Order,Standing Order,UNITY MUTUAL KU CT    PL684048A VALENTNO ST,,,0,,RegularPayment,,,0.99,override_19,strong,0,rule
2026-09-04,05a22828e41dc0728b19bcf4e56a9bf8c1cf393a349a57da0c9ba40c381227f3,SEP2026_BC_4040_SEP2026.csv_3,SEP2026,barclays,20-74-09 40406538,2026-09-04,250.0,GBP,,,Rsa Capital Limite    admin BGC,,,0,,Counter Credit,Counter Credit,Rsa Capital Limite    admin BGC,,,0,,Interbank,,,0.99,override_40,strong,0,rule
2026-09-04,18c7217c2137912b0faf137cc6d912aebbdf49f56735e5586246e2ce53870304,SEP2026_BC_4040_SEP2026.csv_4,SEP2026,barclays,20-74-09 40406538,2026-09-04,-230.0,GBP,,,SOFIA VALENTINO-TU    GLASSES FT,,,0,,Funds Transfer,Funds Transfer,SOFIA VALENTINO-TU    GLASSES FT,,,0,,PersonalExpense,Sofia,,0.99,cat_propertyexpense_9,strong,0,rule
2026-09-04,92edca287f19b03605c3283d4e30003c7ddc6130b894a87497b859a844783456,SEP2026_BC_4040_SEP2026.csv_5,SEP2026,barclays,20-74-09 40406538,2026-09-04,-30.0,GBP,,,ALESSIO VALENTINO-    FROM MUMMY FT,,,0,,Funds Transfer,Funds Transfer,ALESSIO VALENTINO-    FROM MUMMY FT,,,0,,PersonalExpense,Alessio,,0.99,override_7,strong,0,rule
2026-09-04,7726bb80a4fa60aff5c442bbac914d360bf0ba9d1b9d0a625cf885d878cdbd4a,SEP2026_StarlingStatement_2026-09.csv_25,SEP2026,starling,60-83-71 00558156,2026-09-04,309.99,GBP,Flat 20 4-6 Alhamb,SEQUENCE  UK  LIMI,Flat 20 4-6 Alhamb SEQUENCE  UK  LIMI,DIRECT CREDIT,47971.58,,REVENUE,,REVENUE,Flat 20 4-6 Alhamb SEQUENCE  UK  LIMI Flat 20 4-6 Alhamb SEQUENCE  UK  LIMI DIRECT CREDIT,,,0,F2046ALH,PropertyExpense,,,0.99,prop_rent_F2046ALH_93,strong,0,rule
2026-09-04,ec7ca26c73deffd733b75ea6f0c7972fca4da1de2602c5a54677094727f83c64,SEP2026_StarlingStatement_2026-09.csv_26,SEP2026,starling,60-83-71 00558156,2026-09-04,-39.5,GBP,Tesco,TESCO STORES 2547,Tesco TESCO STORES 2547,CONTACTLESS,47932.08,,FOOD_AND_DRINK,,FOOD_AND_DRINK,Tesco TESCO STORES 2547 Tesco TESCO STORES 2547 CONTACTLESS,,,0,,PersonalExpense,Tesco,,0.99,override_9,strong,0,rule
2026-09-04,9fcbae7f645960d57b2dc2d5830fe42994e0187d7571421be3f07ef88ef6f764,SEP2026_StarlingStatement_2026-09.csv_27,SEP2026,starling,60-83-71 00558156,2026-09-04,-11.75,GBP,Marks & Spencer,MARKS&SPENCER PLC,Marks & Spencer MARKS&SPENCER PLC,CONTACTLESS,47920.33,,FOOD_AND_DRINK,,FOOD_AND_DRINK,Marks & Spencer MARKS&SPENCER PLC Marks & Spencer MARKS&SPENCER PLC CONTACTLESS,,,0,,PersonalExpense,M&S,,0.99,override_2,strong,0,rule
2026-09-04,9d3c79737bad153c3998015595ffaa3af1e8ae806e73cef9fdf1589f4946b7d9,SEP2026_StarlingStatement_2026-09.csv_28,SEP2026,starling,60-83-71 00558156,2026-09-04,-37.2,GBP,Marks & Spencer,MARKS&SPENCER PLC,Marks & Spencer MARKS&SPENCER PLC,CHIP & PIN,47883.13,,FOOD_AND_DRINK,,FOOD_AND_DRINK,Marks & Spencer MARKS&SPENCER PLC Marks & Spencer MARKS&SPENCER PLC CHIP & PIN,,,0,,PersonalExpense,M&S,,0.99,override_2,strong,0,rule
2026-09-04,5b2344e38eb8a6adf3a63a2832b7246c974e0954e465607a98f4dc336a6624f0,SEP2026_StarlingStatement_2026-09.csv_29,SEP2026,starling,60-83-71 00558156,2026-09-04,850.0,GBP,Nathanial Paul Crossley-Turner,16 12-14 ALHAMBRA,Nathanial Paul Crossley-Turner 16 12-14 ALHAMBRA,FASTER PAYMENT,48733.13,,REVENUE,,REVENUE,Nathanial Paul Crossley-Turner 16 12-14 ALHAMBRA Nathanial Paul Crossley-Turner 16 12-14 ALHAMBRA FASTER PAYMENT,,,0,F161214ALH,OurRent,,,0.99,prop_rent_F161214ALH_104,strong,0,rule
2026-09-05,f19b49c60df0f7049a5dd98b883d01de9838294a58693cbea5d3054d81b90c91,SEP2026_StarlingStatement_2026-09.csv_30,SEP2026,starling,60-83-71 00558156,2026-09-05,425.0,GBP,I Kissova,121618,I Kissova 121618,FASTER PAYMENT,49158.13,,REVENUE,,REVENUE,I Kissova 121618 I Kissova 121618 FASTER PAYMENT,,,0,,OtherIncome,,,0.65,cat_otherincome_34,catch_all,1,rule
2026-09-05,58dbce1e1d20d1cf77d8a43eb6cc55cb366d8ff44718de0134c1d26363d780c5,SEP2026_StarlingStatement_2026-09.csv_31,SEP2026,starling,60-83-71 00558156,2026-09-05,425.0,GBP,I Kissova,121618,I Kissova 121618,FASTER PAYMENT,49583.13,,REVENUE,,REVENUE,I Kissova 121618 I Kissova 121618 FASTER PAYMENT,,,0,,OtherIncome,,,0.65,cat_otherincome_34,catch_all,1,rule
2026-09-05,e4931cd682f47d4b19bb919d2f0aa75a6e988fcfbb2467760c7aae72518c2ca6,SEP2026_StarlingStatement_2026-09.csv_32,SEP2026,starling,60-83-71 00558156,2026-09-05,1000.0,GBP,S Bijumon,RENT FOR SEP 2026,S Bijumon RENT FOR SEP 2026,FASTER PAYMENT,50583.13,,REVENUE,,REVENUE,S Bijumon RENT FOR SEP 2026 S Bijumon RENT FOR SEP 2026 FASTER PAYMENT,,,0,23BHAM,OurRent,,,0.99,prop_rent_23BHAM_88,strong,0,rule
2026-09-05,fde0c705cac679195be79baf1e1e99d7800c0c72979ebee426b5f469f42dd19d,SEP2026_StarlingStatement_2026-09.csv_33,SEP2026,starling,60-83-71 00558156,2026-09-05,-98.74,GBP,New County Service Sta,NEW COUNTY SERVICE STA,New County Service Sta NEW COUNTY SERVICE STA,CONTACTLESS,50484.39,,VEHICLES,,VEHICLES,New County Service Sta NEW COUNTY SERVICE STA New County Service Sta NEW COUNTY SERVICE STA CONTACTLESS,,,0,,PersonalExpense,Garage,,0.99,override_5,strong,0,rule
2026-09-05,6de096ccdc2e527397e74dd3a72077283c30bbdde18f8b4da3050100e99ef72f,SEP2026_StarlingStatement_2026-09.csv_34,SEP2026,starling,60-83-71 00558156,2026-09-05,-3.49,GBP,Budgens,BUDGENS,Budgens BUDGENS,CONTACTLESS,50480.9,,FOOD_AND_DRINK,,FOOD_AND_DRINK,Budgens BUDGENS Budgens BUDGENS CONTACTLESS,,,0,,PersonalExpense,Budgens,,0.99,override_35,strong,0,rule
2026-09-05,90efafb47bb5e7cf3357d32cf9ca166224c5a51778e391df71c222dc8cdce656,SEP2026_StarlingStatement_2026-09.csv_35,SEP2026,starling,60-83-71 00558156,2026-09-05,-761.99,GBP,Tesco Insurance,TESCO INSURANCE,Tesco Insurance TESCO INSURANCE,CARD SUBSCRIPTION,49718.91,,ADMIN,,ADMIN,Tesco Insurance TESCO INSURANCE Tesco Insurance TESCO INSURANCE CARD SUBSCRIPTION,,,0,,PersonalExpense,Tesco,,0.99,cat_propertyexpense_10,strong,0,rule
2026-09-05,1a4f9e90a64d23f602dd8ef36fa801135039223a680e7548c414aef8dda9ba0a,SEP2026_StarlingStatement_2026-09.csv_36,SEP2026,starling,60-83-71 00558156,2026-09-05,-37.65,GBP,Marks & Spencer,MARKS&SPENCER PLC,Marks & Spencer MARKS&SPENCER PLC,CONTACTLESS,49681.26,,FOOD_AND_DRINK,,FOOD_AND_DRINK,Marks & Spencer MARKS&SPENCER PLC Marks & Spencer MARKS&SPENCER PLC CONTACTLESS,,,0,,PersonalExpense,M&S,,0.99,override_2,strong,0,rule
2026-09-05,0d088cf3ba835e1492be9357fa78afb07c75c87ecbb167357e6a764703d57150,SEP2026_StarlingStatement_2026-09.csv_37,SEP2026,starling,60-83-71 00558156,2026-09-05,-12.39,GBP,Amazon,AMAZON UK* NV0HB6PX4,Amazon AMAZON UK* NV0HB6PX4,ONLINE PAYMENT,49668.87,,REPAIRS_AND_MAINTENANCE,,REPAIRS_AND_MAINTENANCE,Amazon AMAZON UK* NV0HB6PX4 Amazon AMAZON UK* NV0HB6PX4 ONLINE PAYMENT,,,0,,PropertyExpense,,,0.99,cat_propertyexpense_19,strong,1,rule
2026-09-05,9977fd5ffbf1b0b6f440264d9ab9b1150185561ce51976734bc3011823b3c0a1,SEP2026_StarlingStatement_2026-09.csv_38,SEP2026,starling,60-83-71 00558156,2026-09-05,-15.98,GBP,Amazon,AMAZON* NV0K19PK4,Amazon AMAZON* NV0K19PK4,ONLINE PAYMENT,49652.89,,REPAIRS_AND_MAINTENANCE,,REPAIRS_AND_MAINTENANCE,Amazon AMAZON* NV0K19PK4 Amazon AMAZON* NV0K19PK4 ONLINE PAYMENT,,,0,,PropertyExpense,,,0.99,cat_propertyexpense_19,strong,1,rule
2026-09-05,42dd30b67a8363b0e7bb74cf0420af96723fbd1d8c87ceb5479e0a87b0bf4a28,SEP2026_StarlingStatement_2026-09.csv_39,SEP2026,starling,60-83-71 00558156,2026-09-05,-11.0,GBP,IMO Carwash,ANDUFF CAR WASH LIMITE,IMO Carwash ANDUFF CAR WASH LIMITE,CONTACTLESS,49641.89,,VEHICLES,,VEHICLES,IMO Carwash ANDUFF CAR WASH LIMITE IMO Carwash ANDUFF CAR WASH LIMITE CONTACTLESS,,,0,,OtherExpense,,,0.65,cat_otherexpense_35,catch_all,1,rule
2026-09-05,3954c337d6071ab383d2613f3c5f15553ba657a64af750b270bd0c0d33ecec0b,SEP2026_StarlingStatement_2026-09.csv_40,SEP2026,starling,60-83-71 00558156,2026-09-05,-155.99,GBP,No Limitz,No Limitz,No Limitz No Limitz,CHIP & PIN,49485.9,,EQUIPMENT,,EQUIPMENT,No Limitz No Limitz No Limitz No Limitz CHIP & PIN,,,0,,OtherExpense,,,0.65,cat_otherexpense_35,catch_all,1,rule
2026-09-05,24a2498bafbff2bca6aed5467483b50f858e801e7491de6024af15dff6ae64b4,SEP2026_StarlingStatement_2026-09.csv_41,SEP2026,starling,60-83-71 00558156,2026-09-05,850.0,GBP,DANIELLE FULKER,Flat3171Fawcett,DANIELLE FULKER Flat3171Fawcett,FASTER PAYMENT,50335.9,,REVENUE,,REVENUE,DANIELLE FULKER Flat3171Fawcett DANIELLE FULKER Flat3171Fawcett FASTER PAYMENT,,,0,F3171FAW,OurRent,,,0.99,prop_rent_F3171FAW_81,strong,0,rule
2026-09-06,b73f73c492d82371025872a67eec5974c8c8e5a04eb9a75b53b5abe666bc78ec,SEP2026_StarlingStatement_2026-09.csv_42,SEP2026,starling,60-83-71 00558156,2026-09-06,-21.6,GBP,Co-op,CO OPERATIVE FOOD,Co-op CO OPERATIVE FOOD,CONTACTLESS,50314.3,,REPAIRS_AND_MAINTENANCE,,REPAIRS_AND_MAINTENANCE,Co-op CO OPERATIVE FOOD Co-op CO OPERATIVE FOOD CONTACTLESS,,,0,,PersonalExpense,COOP,,0.99,cat_propertyexpense_19,strong,0,rule
2026-09-06,f40ed5ac4548779d9e0000538906fa3a0699969b07a7d972eb2061c1d76f677f,SEP2026_StarlingStatement_2026-09.csv_43,SEP2026,starling,60-83-71 00558156,2026-09-06,-8.15,GBP,BP,NEWNHAM AVENUE SF CONN,BP NEWNHAM AVENUE SF CONN,CONTACTLESS,50306.15,,VEHICLES,,VEHICLES,BP NEWNHAM AVENUE SF CONN BP NEWNHAM AVENUE SF CONN CONTACTLESS,,,0,,OtherExpense,,,0.65,cat_otherexpense_35,catch_all,1,rule
2026-09-07,8e32550875fcd1685b6279f52d37286791a9e88e407e99089aae0002bcf8e528,SEP2026_BC_6045_SEP2026.csv_11,SEP2026,barclays,20-74-09 60458872,2026-09-07,-34.99,GBP,,,NOW 326AF Sky Spor    ON 04 SEP BCC,,,0,,Card Purchase,Card Purchase,NOW 326AF Sky Spor    ON 04 SEP BCC,,,0,,PersonalExpense,Amazon,,0.99,cat_personalexpense_30,strong,0,rule
2026-09-07,a312923f36a8a4af2ca07ee53cc625d1ec52bca70851707c521765c257a44da6,SEP2026_BC_4040_SEP2026.csv_6,SEP2026,barclays,20-74-09 40406538,2026-09-07,-6.1,GBP,,,Starbucks 48005       ON 05 SEP CLP,,,0,,Contactless Card Purchase,Contactless Card Purchase,Starbucks 48005       ON 05 SEP CLP,,,0,,PersonalExpense,Coffee,,0.99,cat_personalexpense_30,strong,0,rule
2026-09-07,8f1cc77736c4e922265b2c18448187c66c60e61244e8ab99d62c3f59751669db,SEP2026_StarlingStatement_2026-09.csv_44,SEP2026,starling,60-83-71 00558156,2026-09-07,825.0,GBP,J BOTTLE,RENT,J BOTTLE RENT,FASTER PAYMENT,51131.15,,REVENUE,,REVENUE,J BOTTLE RENT J BOTTLE RENT FASTER PAYMENT,,,0,F58ALH,OurRent,,,0.99,prop_rent_F58ALH_97,strong,0,rule
2026-09-07,8e3599bd7ca7d315b31f164a45b1df62afa5d3a11d47851ca25042e51613ac7d,SEP2026_StarlingStatement_2026-09.csv_45,SEP2026,starling,60-83-71 00558156,2026-09-07,-26.2,GBP,Baldock,BALDOCK,Baldock BALDOCK,CONTACTLESS,51104.95,,FOOD_AND_DRINK,,FOOD_AND_DRINK,Baldock BALDOCK Baldock BALDOCK CONTACTLESS,,,0,,OtherExpense,,,0.65,cat_otherexpense_35,catch_all,1,rule
2026-09-07,585db2938f0253d7e21a320959aa497c9a4bce07d404ac13630340b22b0fa58e,SEP2026_StarlingStatement_2026-09.csv_46,SEP2026,starling,60-83-71 00558156,2026-09-07,-2.49,GBP,Google Play,Google One,Google Play Google One,CARD SUBSCRIPTION,51102.46,,ADMIN,,ADMIN,Google Play Google One Google Play Google One CARD SUBSCRIPTION,,,0,,PropertyExpense,,,0.99,cat_propertyexpense_10,strong,1,rule
2026-09-07,3bc0469783406cca5550fdaf3d8c99ad9916b802ab375eda47d5e61198b5b86c,SEP2026_StarlingStatement_2026-09.csv_47,SEP2026,starling,60-83-71 00558156,2026-09-07,-2199.99,GBP,HMRC Shipley,120PN035186552703,HMRC Shipley 120PN035186552703,FASTER PAYMENT,48902.47,,VAT,,VAT,HMRC Shipley 120PN035186552703 HMRC Shipley 120PN035186552703 FASTER PAYMENT,,,0,,OtherExpense,,,0.65,cat_otherexpense_35,catch_all,1,rule
2026-09-07,9cf29b3977a71ee3cc994bceba3ea3d484fb9546fe87d06be9c7d6f5be14ad66,SEP2026_StarlingStatement_2026-09.csv_48,SEP2026,starling,60-83-71 00558156,2026-09-07,-4000.0,GBP,Rocco VALENTINO TUCKER,salary  m5,Rocco VALENTINO TUCKER salary  m5,FASTER PAYMENT,44902.47,,ACCOUNTANCY_FEES,,ACCOUNTANCY_FEES,Rocco VALENTINO TUCKER salary  m5 Rocco VALENTINO TUCKER salary  m5 FASTER PAYMENT,,,0,,PersonalExpense,Rocco,,0.99,override_6,strong,0,rule
2026-09-08,0e3eb13eeda75ca0bd98570e920846347e2016dcfb4627bcd9b4ab7fdb57afdc,SEP2026_BC_3072_SEP2026.csv_25,SEP2026,barclays,20-53-97 30728691,2026-09-08,-512.53,GBP,,,BHAM MIDSHIRES        6092076502030000 DDR,,,184800,,Direct Debit,Direct Debit,BHAM MIDSHIRES        6092076502030000 DDR,,,0,196BKIN,Mortgage,,,0.99,prop_mort_196BKIN_25,strong,0,rule
2026-09-08,2500b0b910aac0565351d9ad7e3c2f3f398b822ded59676e231ca2780f21cadd,SEP2026_StarlingStatement_2026-09.csv_49,SEP2026,starling,60-83-71 00558156,2026-09-08,-28.27,GBP,Home Bargains,HOME BARGAINS,Home Bargains HOME BARGAINS,CONTACTLESS,44874.2,,EQUIPMENT,,EQUIPMENT,Home Bargains HOME BARGAINS Home Bargains HOME BARGAINS CONTACTLESS,,,0,,PersonalExpense,Household,,0.99,override_12,strong,0,rule
2026-09-08,d81eef6db4c1e1eaf6086132bee468c4a28e355e636679524bd0ad06a78d9fe1,SEP2026_StarlingStatement_2026-09.csv_50,SEP2026,starling,60-83-71 00558156,2026-09-08,-11.89,GBP,Budgens,BUDGENS,Budgens BUDGENS,CONTACTLESS,44862.31,,FOOD_AND_DRINK,,FOOD_AND_DRINK,Budgens BUDGENS Budgens BUDGENS CONTACTLESS,,,0,,PersonalExpense,Budgens,,0.99,override_35,strong,0,rule
2026-09-08,8ea19d1a239e6ed3376081bea8b9926ad5c0e2777172fbc5c1a08550b2e6b875,SEP2026_StarlingStatement_2026-09.csv_51,SEP2026,starling,60-83-71 00558156,2026-09-08,-67.4,GBP,Marks & Spencer,MARKS&SPENCER PLC,Marks & Spencer MARKS&SPENCER PLC,CONTACTLESS,44794.91,,FOOD_AND_DRINK,,FOOD_AND_DRINK,Marks & Spencer MARKS&SPENCER PLC Marks & Spencer MARKS&SPENCER PLC CONTACTLESS,,,0,,PersonalExpense,M&S,,0.99,override_2,strong,0,rule
2026-09-09,173f40a0a49908a6fc08a742a96e13c9ccdd864db62c607770ffb8d90daab214,SEP2026_BC_6045_SEP2026.csv_12,SEP2026,barclays,20-74-09 60458872,2026-09-09,63.33,GBP,,,DVLA                  CHEQUE VIA BMB REM,,,0,,Remittance,Remittance,DVLA                  CHEQUE VIA BMB REM,,,0,,OtherIncome,,,0.65,cat_otherincome_34,catch_all,1,rule
2026-09-09,8b0fedd14b154d7b3a1cd2f3955a020b8506bb16a605fa7255a720e874275501,SEP2026_BC_6045_SEP2026.csv_13,SEP2026,barclays,20-74-09 60458872,2026-09-09,-63.33,GBP,,,DVLA                  CHEQUE VIA BMB REV,,,0,,Debit,Debit,DVLA                  CHEQUE VIA BMB REV,,,0,,OtherExpense,,,0.65,cat_otherexpense_35,catch_all,1,rule
2026-09-09,269ba61cb6424bcda8cd7c93196d4818d259a0fb090e46cbf1cc5df58063d779,SEP2026_BC_3072_SEP2026.csv_26,SEP2026,barclays,20-53-97 30728691,2026-09-09,-47.02,GBP,,,BHAM MIDSHIRES        6792116703030000 DDR,,,184800,,Direct Debit,Direct Debit,BHAM MIDSHIRES        6792116703030000 DDR,,,0,F3169FAW,Mortgage,,,0.99,prop_mort_F3169FAW_13,strong,0,rule
2026-09-09,ebb73fdad509a29bffe3c539b71f52c41d65e3420e5f829883a5a79bedfc5b97,SEP2026_BC_3072_SEP2026.csv_27,SEP2026,barclays,20-53-97 30728691,2026-09-09,-431.51,GBP,,,TOPAZ FINANCE LTD     560470610 BBP,,,0,,Bill Payment,Bill Payment,TOPAZ FINANCE LTD     560470610 BBP,,,0,F78ALH,Mortgage,,,0.99,prop_mort_F78ALH_62,strong,0,rule
2026-09-09,2eba745bd667bb1b5ab9fe6dffcd97803734d16c0ca8923782ca158a8cfcfc55,SEP2026_BC_3072_SEP2026.csv_28,SEP2026,barclays,20-53-97 30728691,2026-09-09,-508.92,GBP,,,TOPAZ FINANCE LTD     560471810 BBP,,,0,,Bill Payment,Bill Payment,TOPAZ FINANCE LTD     560471810 BBP,,,0,F2246ALH,Mortgage,,,0.99,prop_mort_F2246ALH_58,strong,0,rule
2026-09-09,635b071b90b12e8d5e83f5f12df0bf65e38d0ae4327acd287f8777bece39bc45,SEP2026_BC_3072_SEP2026.csv_29,SEP2026,barclays,20-53-97 30728691,2026-09-09,-513.07,GBP,,,TOPAZ FINANCE LTD     560470708 BBP,,,0,,Bill Payment,Bill Payment,TOPAZ FINANCE LTD     560470708 BBP,,,0,F2346ALH,Mortgage,,,0.99,prop_mort_F2346ALH_60,strong,0,rule
2026-09-09,4173a9c398fd349fdcd902b35bcdc2aa4e6ab5d7dc5f1b0e60bc7098cbee784d,SEP2026_BC_4040_SEP2026.csv_7,SEP2026,barclays,20-74-09 40406538,2026-09-09,-8.0,GBP,,,ID MOBILE LIMITED     12253154/001 DDR,,,298372,,Direct Debit,Direct Debit,ID MOBILE LIMITED     12253154/001 DDR,,,0,,RegularPayment,,,0.99,cat_regularpayment_27,strong,0,rule
2026-09-09,4591ca802b09b684a250d9049043b9907e3bc58f9b8a27ea3a8a9af360352039,SEP2026_StarlingStatement_2026-09.csv_52,SEP2026,starling,60-83-71 00558156,2026-09-09,-46.1,GBP,Marks & Spencer,MARKS&SPENCER PLC,Marks & Spencer MARKS&SPENCER PLC,CONTACTLESS,44748.81,,FOOD_AND_DRINK,,FOOD_AND_DRINK,Marks & Spencer MARKS&SPENCER PLC Marks & Spencer MARKS&SPENCER PLC CONTACTLESS,,,0,,PersonalExpense,M&S,,0.99,override_2,strong,0,rule
2026-09-09,d6590ce437af0d4edfc0aac6eb3b59638fbd7ca52580364f69a4d10ee1018f38,SEP2026_StarlingStatement_2026-09.csv_53,SEP2026,starling,60-83-71 00558156,2026-09-09,-273.0,GBP,CLASSIC CARPETS PORTSMOUTH LIMITED,1701 11618,CLASSIC CARPETS PORTSMOUTH LIMITED 1701 11618,FASTER PAYMENT,44475.81,,REPAIRS_AND_MAINTENANCE,,REPAIRS_AND_MAINTENANCE,CLASSIC CARPETS PORTSMOUTH LIMITED 1701 11618 CLASSIC CARPETS PORTSMOUTH LIMITED 1701 11618 FASTER PAYMENT,,,0,,PropertyExpense,,,0.99,cat_propertyexpense_19,strong,1,rule
2026-09-09,fdffc8cf9cded8701c168e6f1ae6e0293a74ba36b3ebd9a3d9f112c11045df64,SEP2026_StarlingStatement_2026-09.csv_54,SEP2026,starling,60-83-71 00558156,2026-09-09,-616.0,GBP,CLASSIC CARPETS PORTSMOUTH LIMITED,1625 1169,CLASSIC CARPETS PORTSMOUTH LIMITED 1625 1169,FASTER PAYMENT,43859.81,,REPAIRS_AND_MAINTENANCE,,REPAIRS_AND_MAINTENANCE,CLASSIC CARPETS PORTSMOUTH LIMITED 1625 1169 CLASSIC CARPETS PORTSMOUTH LIMITED 1625 1169 FASTER PAYMENT,,,0,F1169FAW,PropertyExpense,,,0.99,prop_rent_F1169FAW_76,strong,0,rule
2026-09-09,6bb57e221f27cdf67da8886f65d65d62b45369e9bd98e9018bbfde6fe66f9434,SEP2026_StarlingStatement_2026-09.csv_55,SEP2026,starling,60-83-71 00558156,2026-09-09,-708.0,GBP,CLASSIC CARPETS PORTSMOUTH LIMITED,2349 1171,CLASSIC CARPETS PORTSMOUTH LIMITED 2349 1171,FASTER PAYMENT,43151.81,,REPAIRS_AND_MAINTENANCE,,REPAIRS_AND_MAINTENANCE,CLASSIC CARPETS PORTSMOUTH LIMITED 2349 1171 CLASSIC CARPETS PORTSMOUTH LIMITED 2349 1171 FASTER PAYMENT,,,0,F1171FAW,PropertyExpense,,,0.99,prop_rent_F1171FAW_79,strong,0,rule
2026-09-09,def7613266fa593491d61808a211d6e3633542659ba1273777d28ee2df7f2e96,SEP2026_StarlingStatement_2026-09.csv_56,SEP2026,starling,60-83-71 00558156,2026-09-09,-360.0,GBP,Central Energy South Limited,996 1171 basement,Central Energy South Limited 996 1171 basement,FASTER PAYMENT,42791.81,,REPAIRS_AND_MAINTENANCE,,REPAIRS_AND_MAINTENANCE,Central Energy South Limited 996 1171 basement Central Energy South Limited 996 1171 basement FASTER PAYMENT,,,0,F1171FAW,PropertyExpense,,,0.99,prop_rent_F1171FAW_79,strong,0,rule
2026-09-09,848986f6e0d5aa23dad5d0f0aeb459e3855b13f6077fb1ea1110d76bc8844729,SEP2026_StarlingStatement_2026-09.csv_57,SEP2026,starling,60-83-71 00558156,2026-09-09,-80.0,GBP,Central Energy South Limited,991 196b light,Central Energy South Limited 991 196b light,FASTER PAYMENT,42711.81,,REPAIRS_AND_MAINTENANCE,,REPAIRS_AND_MAINTENANCE,Central Energy South Limited 991 196b light Central Energy South Limited 991 196b light FASTER PAYMENT,,,0,196BKIN,PropertyExpense,,,0.99,prop_rent_196BKIN_87,strong,0,rule
2026-09-09,6681d1246bcf29d6c51a528277ec2c2dc5c76e2ecfcae071176482b4a47273d1,SEP2026_StarlingStatement_2026-09.csv_58,SEP2026,starling,60-83-71 00558156,2026-09-09,-90.0,GBP,Central Energy South Limited,987 111214 toilet,Central Energy South Limited 987 111214 toilet,FASTER PAYMENT,42621.81,,REPAIRS_AND_MAINTENANCE,,REPAIRS_AND_MAINTENANCE,Central Energy South Limited 987 111214 toilet Central Energy South Limited 987 111214 toilet FASTER PAYMENT,,,0,F111214ALH,PropertyExpense,,,0.99,prop_rent_F111214ALH_102,strong,0,rule
2026-09-09,defdf853e83dcd01415bd45042b0d2034a1304bfdfd3947ee457570c4660a643,SEP2026_StarlingStatement_2026-09.csv_59,SEP2026,starling,60-83-71 00558156,2026-09-09,-60.0,GBP,Central Energy South Limited,988 31618 doorseal,Central Energy South Limited 988 31618 doorseal,FASTER PAYMENT,42561.81,,REPAIRS_AND_MAINTENANCE,,REPAIRS_AND_MAINTENANCE,Central Energy South Limited 988 31618 doorseal Central Energy South Limited 988 31618 doorseal FASTER PAYMENT,,,0,,PropertyExpense,,,0.99,cat_propertyexpense_19,strong,1,rule
2026-09-10,552c995d58c1ce823c1afe3f597b2d8b667ba0ee0660b8902b2859c90901b9e2,SEP2026_BC_6045_SEP2026.csv_14,SEP2026,barclays,20-74-09 60458872,2026-09-10,-6.6,GBP,,,AMAZON* NF9EA2TL4     ON 10 SEP BCC,,,0,,Card Purchase,Card Purchase,AMAZON* NF9EA2TL4     ON 10 SEP BCC,,,0,,PersonalExpense,Amazon,,0.99,cat_personalexpense_30,strong,0,rule
2026-09-10,5b923565b86caf0e6dc81bfc38eac6d78c83018bb3a2122653d0d03c50c13aa0,SEP2026_BC_6045_SEP2026.csv_15,SEP2026,barclays,20-74-09 60458872,2026-09-10,-15.0,GBP,,,SOFIA                 READYMEAL FT,,,0,,Funds Transfer,Funds Transfer,SOFIA                 READYMEAL FT,,,0,,PersonalExpense,Sofia,,0.99,override_8,strong,0,rule
2026-09-10,0e777609c4d0c8c42b7089659e8c3f03bdc26efb2a12295ba4add8dcf21c7469,SEP2026_BC_3072_SEP2026.csv_30,SEP2026,barclays,20-53-97 30728691,2026-09-10,-352.32,GBP,,,BHAM MIDSHIRES        6092096352060000 DDR,,,184800,,Direct Debit,Direct Debit,BHAM MIDSHIRES        6092096352060000 DDR,,,0,F41214ALH,Mortgage,,,0.99,prop_mort_F41214ALH_43,strong,0,rule
2026-09-10,cf9eb7cf18894358d2e43472a564e2f828459f59d57b27c3595c6574ed2775da,SEP2026_BC_3072_SEP2026.csv_31,SEP2026,barclays,20-53-97 30728691,2026-09-10,2365.37,GBP,,,Rsa Capital Limite    mortgages BGC,,,0,,Counter Credit,Counter Credit,Rsa Capital Limite    mortgages BGC,,,0,,Interbank,,,0.99,override_40,strong,0,rule
2026-09-10,58d52d9d049005f7fbe464696a700a9e2b8694f852cf6abf83e8980886d61b02,SEP2026_StarlingStatement_2026-09.csv_60,SEP2026,starling,60-83-71 00558156,2026-09-10,-59.98,GBP,TK Maxx,TKMAXX_UK,TK Maxx TKMAXX_UK,CONTACTLESS,42501.83,,OTHER,,OTHER,TK Maxx TKMAXX_UK TK Maxx TKMAXX_UK CONTACTLESS,,,0,,PersonalExpense,Clothing,,0.99,override_25,strong,0,rule
2026-09-10,ff236495abda757911f18dc61cc56df90076098f79f6d2b0be45fc5af5a44abd,SEP2026_StarlingStatement_2026-09.csv_61,SEP2026,starling,60-83-71 00558156,2026-09-10,-934.0,GBP,Ip*vita Student,IP*MEZZINO,Ip*vita Student IP*MEZZINO,ONLINE PAYMENT,41567.83,,STAFF,,STAFF,Ip*vita Student IP*MEZZINO Ip*vita Student IP*MEZZINO ONLINE PAYMENT,,,0,,OtherExpense,,,0.65,cat_otherexpense_35,catch_all,1,rule
2026-09-10,d3cc0a8ab36edb82ff7d7de829d1ecc76564563e5acc1f44515bb76ed322e120,SEP2026_StarlingStatement_2026-09.csv_62,SEP2026,starling,60-83-71 00558156,2026-09-10,-2365.37,GBP,Ivana Valentino 3072,mortgages,Ivana Valentino 3072 mortgages,FASTER PAYMENT,39202.46,,INTEREST_PAYMENTS,,INTEREST_PAYMENTS,Ivana Valentino 3072 mortgages Ivana Valentino 3072 mortgages FASTER PAYMENT,,,0,,MortgageRefund,Ivana,,0.99,cat_mortgagerefund_15,strong,0,rule
2026-09-10,8510f3dd6212c2c4a736fe2a7334a08b4e65a2fd4b32f0bacad0e00dd688e798,SEP2026_StarlingStatement_2026-09.csv_63,SEP2026,starling,60-83-71 00558156,2026-09-10,-32.3,GBP,Marks & Spencer,MARKS&SPENCER PLC,Marks & Spencer MARKS&SPENCER PLC,CONTACTLESS,39170.16,,FOOD_AND_DRINK,,FOOD_AND_DRINK,Marks & Spencer MARKS&SPENCER PLC Marks & Spencer MARKS&SPENCER PLC CONTACTLESS,,,0,,PersonalExpense,M&S,,0.99,override_2,strong,0,rule
2026-09-10,bb3b204a49b815fdde63e24d5f32635d7aa2dd563f5f9f6daf02eb593ff2f16d,SEP2026_StarlingStatement_2026-09.csv_64,SEP2026,starling,60-83-71 00558156,2026-09-10,900.0,GBP,Brett Ricketts,"8, 8 Alhambra","Brett Ricketts 8, 8 Alhambra",FASTER PAYMENT,40070.16,,REVENUE,,REVENUE,"Brett Ricketts 8, 8 Alhambra Brett Ricketts 8, 8 Alhambra FASTER PAYMENT",,,0,F3163FRA,OurRent,,,0.99,prop_rent_F3163FRA_83,strong,0,rule
2026-09-11,a5c0d4fdc0ec79d600ee47d6e311b96ebef07a41074f447ff3700b78f7b13772,SEP2026_BC_6045_SEP2026.csv_16,SEP2026,barclays,20-74-09 60458872,2026-09-11,-9.99,GBP,,,NOW X8687 UK HBO M    ON 10 SEP BCC,,,0,,Card Purchase,Card Purchase,NOW X8687 UK HBO M    ON 10 SEP BCC,,,0,,PersonalExpense,Amazon,,0.99,cat_personalexpense_30,strong,0,rule
2026-09-11,c47d6562256ad53b9a05805947d5de8c58d46a8b0a56b51c33b3b327c29b71da,SEP2026_BC_6045_SEP2026.csv_17,SEP2026,barclays,20-74-09 60458872,2026-09-11,-20.0,GBP,,,SOFIA                 DAD IS THE BEST FT,,,0,,Funds Transfer,Funds Transfer,SOFIA                 DAD IS THE BEST FT,,,0,,PersonalExpense,Sofia,,0.99,override_8,strong,0,rule
2026-09-11,715c07750061b1329eb8838174d8331cc0e7a20c1c7ff99d70c11a5a2db2ab69,SEP2026_StarlingStatement_2026-09.csv_65,SEP2026,starling,60-83-71 00558156,2026-09-11,-5.7,GBP,Budgens,BUDGENS,Budgens BUDGENS,CONTACTLESS,40064.46,,FOOD_AND_DRINK,,FOOD_AND_DRINK,Budgens BUDGENS Budgens BUDGENS CONTACTLESS,,,0,,PersonalExpense,Budgens,,0.99,override_35,strong,0,rule
2026-09-12,6e4016432db075c5c50b86b50c606988fab9740e3003ad11223043bec1fa7920,SEP2026_StarlingStatement_2026-09.csv_66,SEP2026,starling,60-83-71 00558156,2026-09-12,-35.0,GBP,Trainline,TRAINLINE,Trainline TRAINLINE,ONLINE PAYMENT,40029.46,,TRAVEL,,TRAVEL,Trainline TRAINLINE Trainline TRAINLINE ONLINE PAYMENT,,,0,,OtherExpense,,,0.65,cat_otherexpense_35,catch_all,1,rule
2026-09-12,ff2e9e94d9d69d52a1e5fd50395c5d4915010d6722dc7ac6664dd6b2f361a265,SEP2026_StarlingStatement_2026-09.csv_67,SEP2026,starling,60-83-71 00558156,2026-09-12,-49.97,GBP,ALDI,ALDI,ALDI ALDI,CONTACTLESS,39979.49,,FOOD_AND_DRINK,,FOOD_AND_DRINK,ALDI ALDI ALDI ALDI CONTACTLESS,,,0,,PersonalExpense,ALDI,,0.99,override_20,strong,0,rule
2026-09-12,8ce396b4e07faa4a6a8cbb1d9c0d5be59083986bd9d3a736c97af3db71ca4722,SEP2026_StarlingStatement_2026-09.csv_68,SEP2026,starling,60-83-71 00558156,2026-09-12,-100.3,GBP,New County Service Sta,NEW COUNTY SERVICE STA,New County Service Sta NEW COUNTY SERVICE STA,CHIP & PIN,39879.19,,VEHICLES,,VEHICLES,New County Service Sta NEW COUNTY SERVICE STA New County Service Sta NEW COUNTY SERVICE STA CHIP & PIN,,,0,,PersonalExpense,Garage,,0.99,override_5,strong,0,rule
2026-09-12,aba5498cf05a2943c110dd0ded0086565a9577024fe89f5bf4a2847fe807da2d,SEP2026_StarlingStatement_2026-09.csv_69,SEP2026,starling,60-83-71 00558156,2026-09-12,-55.51,GBP,New County Service Sta,NEW COUNTY SERVICE STA,New County Service Sta NEW COUNTY SERVICE STA,CONTACTLESS,39823.68,,VEHICLES,,VEHICLES,New County Service Sta NEW COUNTY SERVICE STA New County Service Sta NEW COUNTY SERVICE STA CONTACTLESS,,,0,,PersonalExpense,Garage,,0.99,override_5,strong,0,rule
2026-09-12,eec45c5ed980601f420ce7e81a71c2e5e4f5f7e97bb3efc5b99131178a447146,SEP2026_StarlingStatement_2026-09.csv_70,SEP2026,starling,60-83-71 00558156,2026-09-12,-9.05,GBP,Budgens,BUDGENS,Budgens BUDGENS,CHIP & PIN,39814.63,,FOOD_AND_DRINK,,FOOD_AND_DRINK,Budgens BUDGENS Budgens BUDGENS CHIP & PIN,,,0,,PersonalExpense,Budgens,,0.99,override_35,strong,0,rule
2026-09-12,97387b07ca79ed5d0b6d08e20c88a3aa1090c20f66dde23e10ae19bd435298f9,SEP2026_StarlingStatement_2026-09.csv_71,SEP2026,starling,60-83-71 00558156,2026-09-12,-30.11,GBP,Marks & Spencer,MARKS&SPENCER PLC,Marks & Spencer MARKS&SPENCER PLC,CONTACTLESS,39784.52,,FOOD_AND_DRINK,,FOOD_AND_DRINK,Marks & Spencer MARKS&SPENCER PLC Marks & Spencer MARKS&SPENCER PLC CONTACTLESS,,,0,,PersonalExpense,M&S,,0.99,override_2,strong,0,rule
2026-09-12,cb4f20d13100bf2eec3e00ca19e1760b384ef61c649fd536fee8fd3dfe180232,SEP2026_StarlingStatement_2026-09.csv_72,SEP2026,starling,60-83-71 00558156,2026-09-12,-7.3,GBP,Peter Taperek,3163 rep,Peter Taperek 3163 rep,FASTER PAYMENT,39777.22,,REPAIRS_AND_MAINTENANCE,,REPAIRS_AND_MAINTENANCE,Peter Taperek 3163 rep Peter Taperek 3163 rep FASTER PAYMENT,,,0,F3163FRA,PropertyExpense,,,0.99,prop_rent_F3163FRA_83,strong,0,rule
2026-09-12,dd9d31f4d34d84d3d7e8720651f2ea2d0a6c408140227d49979b0327ca2cc94d,SEP2026_StarlingStatement_2026-09.csv_73,SEP2026,starling,60-83-71 00558156,2026-09-12,-7.3,GBP,Peter Taperek,3163 repa,Peter Taperek 3163 repa,FASTER PAYMENT,39769.92,,REPAIRS_AND_MAINTENANCE,,REPAIRS_AND_MAINTENANCE,Peter Taperek 3163 repa Peter Taperek 3163 repa FASTER PAYMENT,,,0,F3163FRA,PropertyExpense,,,0.99,prop_rent_F3163FRA_83,strong,0,rule
2026-09-13,1645d7589169585eac524fbe94907d175ea381629edafbf579b557b7ee47e1dc,SEP2026_StarlingStatement_2026-09.csv_74,SEP2026,starling,60-83-71 00558156,2026-09-13,-7.79,GBP,Budgens,BUDGENS,Budgens BUDGENS,CONTACTLESS,39762.13,,FOOD_AND_DRINK,,FOOD_AND_DRINK,Budgens BUDGENS Budgens BUDGENS CONTACTLESS,,,0,,PersonalExpense,Budgens,,0.99,override_35,strong,0,rule
2026-09-13,61b9f5ca17fbb6428a10bcb48e474fb1d38c38895bb1da1416b02182b707a3e9,SEP2026_StarlingStatement_2026-09.csv_75,SEP2026,starling,60-83-71 00558156,2026-09-13,-40.6,GBP,Sainsbury's,SAINSBURYS S/MKTS,Sainsbury's SAINSBURYS S/MKTS,CONTACTLESS,39721.53,,FOOD_AND_DRINK,,FOOD_AND_DRINK,Sainsbury's SAINSBURYS S/MKTS Sainsbury's SAINSBURYS S/MKTS CONTACTLESS,,,0,,PersonalExpense,Sainsburys,,0.99,override_16,strong,0,rule
2026-09-13,12a3067dcb14e07480077095613f2ed11a2aaa15e185d1429064102c2f514db0,SEP2026_StarlingStatement_2026-09.csv_76,SEP2026,starling,60-83-71 00558156,2026-09-13,-35.93,GBP,Marks & Spencer,MARKS&SPENCER PLC,Marks & Spencer MARKS&SPENCER PLC,CONTACTLESS,39685.6,,FOOD_AND_DRINK,,FOOD_AND_DRINK,Marks & Spencer MARKS&SPENCER PLC Marks & Spencer MARKS&SPENCER PLC CONTACTLESS,,,0,,PersonalExpense,M&S,,0.99,override_2,strong,0,rule
2026-09-13,e9298f133cddc4be29825924417468c10b14475e840b52b87d24d49460af001f,SEP2026_StarlingStatement_2026-09.csv_77,SEP2026,starling,60-83-71 00558156,2026-09-13,-28.65,GBP,Marks & Spencer,MARKS&SPENCER PLC,Marks & Spencer MARKS&SPENCER PLC,CONTACTLESS,39656.95,,FOOD_AND_DRINK,,FOOD_AND_DRINK,Marks & Spencer MARKS&SPENCER PLC Marks & Spencer MARKS&SPENCER PLC CONTACTLESS,,,0,,PersonalExpense,M&S,,0.99,override_2,strong,0,rule
2026-09-14,818d14351003218bcc533efbea829e46033dd8c4ccfc5c1ec3922191f9d46fce,SEP2026_BC_6045_SEP2026.csv_18,SEP2026,barclays,20-74-09 60458872,2026-09-14,-6.0,GBP,,,NOW A9C79 GB Basic    ON 11 SEP BCC,,,0,,Card Purchase,Card Purchase,NOW A9C79 GB Basic    ON 11 SEP BCC,,,0,,PersonalExpense,Amazon,,0.99,cat_personalexpense_30,strong,0,rule
2026-09-14,a29ceaaa6cf66a0bac9b2bb6f8deb34400cae783204b1db77f52cc4a87846c4e,SEP2026_BC_6045_SEP2026.csv_19,SEP2026,barclays,20-74-09 60458872,2026-09-14,-21.99,GBP,,,Spotify Limited       ON 13 SEP BCC,,,0,,Card Purchase,Card Purchase,Spotify Limited       ON 13 SEP BCC,,,0,,RegularPayment,,,0.99,cat_regularpayment_26,strong,0,rule
2026-09-14,791e5d64f3053a0f05a697ed7bb30f3125daebcf4d6ce11099784a48cf036fdc,SEP2026_BC_3072_SEP2026.csv_32,SEP2026,barclays,20-53-97 30728691,2026-09-14,-330.57,GBP,,,BHAM MIDSHIRES        6092021491040000 DDR,,,184800,,Direct Debit,Direct Debit,BHAM MIDSHIRES        6092021491040000 DDR,,,0,F3169FAW,Mortgage,,,0.99,prop_mort_F3169FAW_11,strong,0,rule
2026-09-14,a25970d94568234698a947d0b65f5723c614cf2a3165682ade329b40f6b91140,SEP2026_BC_3072_SEP2026.csv_33,SEP2026,barclays,20-53-97 30728691,2026-09-14,-37.68,GBP,,,AVIVA LIFE            014033997 DDR,,,990457,,Direct Debit,Direct Debit,AVIVA LIFE            014033997 DDR,,,0,,RegularPayment,,,0.99,cat_regularpayment_27,strong,0,rule
2026-09-14,e3d6fa0baae436300c4ce0dd75f71339aa20d0157f234b16291c4ea0f13498cd,SEP2026_StarlingStatement_2026-09.csv_78,SEP2026,starling,60-83-71 00558156,2026-09-14,850.0,GBP,Lucinda Francis,"7, 8 Alhambra Road","Lucinda Francis 7, 8 Alhambra Road",FASTER PAYMENT,40506.95,,REVENUE,,REVENUE,"Lucinda Francis 7, 8 Alhambra Road Lucinda Francis 7, 8 Alhambra Road FASTER PAYMENT",,,0,F78ALH,OurRent,,,0.99,prop_rent_F78ALH_99,strong,0,rule
2026-09-14,6fd1e69437784423e91986894f0fbb1c9658fffe9e06ee1db7be477e6c36f68a,SEP2026_StarlingStatement_2026-09.csv_79,SEP2026,starling,60-83-71 00558156,2026-09-14,800.0,GBP,Samuel Kirwin,Rent 5 12-14 SK,Samuel Kirwin Rent 5 12-14 SK,FASTER PAYMENT,41306.95,,REVENUE,,REVENUE,Samuel Kirwin Rent 5 12-14 SK Samuel Kirwin Rent 5 12-14 SK FASTER PAYMENT,,,0,F51214ALH,OurRent,,,0.99,prop_rent_F51214ALH_107,strong,0,rule
2026-09-14,c5de312d716ff61e45b2fcffd0fe34cf79cad6c61a71b9c511f179847e6504ba,SEP2026_StarlingStatement_2026-09.csv_80,SEP2026,starling,60-83-71 00558156,2026-09-14,900.0,GBP,Lauren Bullock,LBULLOCK-17-Alhamb,Lauren Bullock LBULLOCK-17-Alhamb,FASTER PAYMENT,42206.95,,REVENUE,,REVENUE,Lauren Bullock LBULLOCK-17-Alhamb Lauren Bullock LBULLOCK-17-Alhamb FASTER PAYMENT,,,0,F1746ALH,OurRent,,,0.99,prop_rent_F1746ALH_90,strong,0,rule
2026-09-14,2c938f148680cc02675065921fa3012e2491e9452bb24e7e8684ccff80503eb6,SEP2026_StarlingStatement_2026-09.csv_81,SEP2026,starling,60-83-71 00558156,2026-09-14,-15.6,GBP,Co-op,CO OPERATIVE FOOD,Co-op CO OPERATIVE FOOD,CONTACTLESS,42191.35,,REPAIRS_AND_MAINTENANCE,,REPAIRS_AND_MAINTENANCE,Co-op CO OPERATIVE FOOD Co-op CO OPERATIVE FOOD CONTACTLESS,,,0,,PersonalExpense,COOP,,0.99,cat_propertyexpense_19,strong,0,rule
2026-09-14,5d1dbfd29de2e7702e4abcb7539e31cee7b48421975b57899b7fbe70e1dafc03,SEP2026_StarlingStatement_2026-09.csv_82,SEP2026,starling,60-83-71 00558156,2026-09-14,875.0,GBP,JAKE BISHOP,flat 2 321 london,JAKE BISHOP flat 2 321 london,FASTER PAYMENT,43066.35,,REVENUE,,REVENUE,JAKE BISHOP flat 2 321 london JAKE BISHOP flat 2 321 london FASTER PAYMENT,,,0,F2321LON,OurRent,,,0.99,prop_rent_F2321LON_72,strong,0,rule
2026-09-15,9353573ab02faf1a939e7f894dac4b579763d5c19d6045900b89c8d6ae4dd0f9,SEP2026_BC_3072_SEP2026.csv_34,SEP2026,barclays,20-53-97 30728691,2026-09-15,-457.64,GBP,,,TOPAZ FIN JASPER      PRU00010/190885105 DD,,,169547,,Direct Debit,Direct Debit,TOPAZ FIN JASPER      PRU00010/190885105 DD,,,0,F101214ALH,Mortgage,,,0.99,prop_mort_F101214ALH_47,strong,0,rule
2026-09-15,383ad9f0e1b2a7886c42180ebb92dab777b5afeaf31388540cb7a3bf7a9da311,SEP2026_BC_3072_SEP2026.csv_35,SEP2026,barclays,20-53-97 30728691,2026-09-15,-473.51,GBP,,,TOPAZ FIN JASPER      PRU00010/190885203 DD,,,169547,,Direct Debit,Direct Debit,TOPAZ FIN JASPER      PRU00010/190885203 DD,,,0,F161214ALH,Mortgage,,,0.99,prop_mort_F161214ALH_49,strong,0,rule
2026-09-15,689f7a3bc3751d3205108064ce8d9b08470867174580be8e7b44f906ae13a91e,SEP2026_BC_3072_SEP2026.csv_36,SEP2026,barclays,20-53-97 30728691,2026-09-15,-473.51,GBP,,,TOPAZ FIN JASPER      PRU00010/190892600 DD,,,169547,,Direct Debit,Direct Debit,TOPAZ FIN JASPER      PRU00010/190892600 DD,,,0,F161618ALH,Mortgage,,,0.99,prop_mort_F161618ALH_57,strong,0,rule
2026-09-15,35ce494ed32a37cca42f28ac6a83022fa5f8a6e291944771759494c4165c6e96,SEP2026_BC_3072_SEP2026.csv_37,SEP2026,barclays,20-53-97 30728691,2026-09-15,-457.54,GBP,,,TOPAZ FIN JASPER      PRU00010/190959705 DD,,,169547,,Direct Debit,Direct Debit,TOPAZ FIN JASPER      PRU00010/190959705 DD,,,0,F121618ALH,Mortgage,,,0.99,prop_mort_F121618ALH_55,strong,0,rule
2026-09-15,15bb1dc7444df247445ba071f8cc68e187d142f0d26e183d45c8b02368670093,SEP2026_BC_3072_SEP2026.csv_38,SEP2026,barclays,20-53-97 30728691,2026-09-15,-457.62,GBP,,,TOPAZ FIN JASPER      PRU00010/190778206 DD,,,169547,,Direct Debit,Direct Debit,TOPAZ FIN JASPER      PRU00010/190778206 DD,,,0,F51214ALH,Mortgage,,,0.99,prop_mort_F51214ALH_44,strong,0,rule
2026-09-15,9221a5ad2e23e4c0353d43752024e3e7708226b48cd0e6a3dd436b1de49a9262,SEP2026_BC_3072_SEP2026.csv_39,SEP2026,barclays,20-53-97 30728691,2026-09-15,-457.7,GBP,,,TOPAZ FIN JASPER      PRU00010/190812705 DD,,,169547,,Direct Debit,Direct Debit,TOPAZ FIN JASPER      PRU00010/190812705 DD,,,0,F31214ALH,Mortgage,,,0.99,prop_mort_F31214ALH_41,strong,0,rule
2026-09-15,5e6b5701be478aecfb024c157755c9111c84083f50eb877de00a9ac446d85ae4,SEP2026_BC_3072_SEP2026.csv_40,SEP2026,barclays,20-53-97 30728691,2026-09-15,-457.54,GBP,,,TOPAZ FIN JASPER      PRU00010/190859506 DD,,,169547,,Direct Debit,Direct Debit,TOPAZ FIN JASPER      PRU00010/190859506 DD,,,0,F71618ALH,Mortgage,,,0.99,prop_mort_F71618ALH_53,strong,0,rule
2026-09-15,d56f3a18743f78477187e884263bdab042e378f008e423b6ebe34f8a098663cb,SEP2026_BC_3072_SEP2026.csv_41,SEP2026,barclays,20-53-97 30728691,2026-09-15,-513.03,GBP,,,TOPAZ RE ROSINCA      ROW20004/560471505 DD,,,169548,,Direct Debit,Direct Debit,TOPAZ RE ROSINCA      ROW20004/560471505 DD,,,0,F1946ALH,Mortgage,,,0.99,prop_mort_F1946ALH_63,strong,0,rule
2026-09-15,b29ef61c722ee445e151d9899024b87d10865d2ee5f135ef683520d5f8f71740,SEP2026_BC_3072_SEP2026.csv_42,SEP2026,barclays,20-53-97 30728691,2026-09-15,-431.51,GBP,,,TOPAZ RE ROSINCA      ROW20004/560470501 DD,,,169548,,Direct Debit,Direct Debit,TOPAZ RE ROSINCA      ROW20004/560470501 DD,,,0,F68ALH,Mortgage,,,0.99,prop_mort_F68ALH_64,strong,0,rule
2026-09-15,8d5feff5f0890e7042a975e493df70ad41638009822bce85978b179c8065d4e8,SEP2026_BC_3072_SEP2026.csv_43,SEP2026,barclays,20-53-97 30728691,2026-09-15,4547.85,GBP,,,Rsa Capital Limite    mortgages BGC,,,0,,Counter Credit,Counter Credit,Rsa Capital Limite    mortgages BGC,,,0,,Interbank,,,0.99,override_40,strong,0,rule
2026-09-15,d69cc55637e466a26f2550ac30f6b8855ca60207accf21fc6784b8011837d739,SEP2026_BC_4040_SEP2026.csv_8,SEP2026,barclays,20-74-09 40406538,2026-09-15,-45.71,GBP,,,MARKS&SPENCER PLC     ON 14 SEP CLP,,,0,,Contactless Card Purchase,Contactless Card Purchase,MARKS&SPENCER PLC     ON 14 SEP CLP,,,0,,PersonalExpense,M&S,,0.99,cat_personalexpense_30,strong,0,rule
2026-09-15,785660a6986b3f1ebe3df0b0290cd3fd1e671c45a2a2873d6ec447ef43780457,SEP2026_BC_4040_SEP2026.csv_9,SEP2026,barclays,20-74-09 40406538,2026-09-15,-10.0,GBP,,,ROCCO VALENTINO       FOOD FT,,,0,,Funds Transfer,Funds Transfer,ROCCO VALENTINO       FOOD FT,,,0,,PersonalExpense,Rocco,,0.99,override_6,strong,0,rule
2026-09-15,e781adcfd7a1827af5dab6db312e46691960fb58fac57486adc98e6ab270924f,SEP2026_BC_4040_SEP2026.csv_10,SEP2026,barclays,20-74-09 40406538,2026-09-15,-15.0,GBP,,,ROCCO VALENTINO       NOTES FT,,,0,,Funds Transfer,Funds Transfer,ROCCO VALENTINO       NOTES FT,,,0,,PersonalExpense,Rocco,,0.99,override_6,strong,0,rule
2026-09-15,cbc02fd393a7a02aba20babe460ddbb9fe3d93926a2fad6c12d057e4ae4aa20d,SEP2026_StarlingStatement_2026-09.csv_83,SEP2026,starling,60-83-71 00558156,2026-09-15,-195.34,GBP,Pcc Internet Payment,PCC INTERNET PAYMENT,Pcc Internet Payment PCC INTERNET PAYMENT,ONLINE PAYMENT,42871.01,,PROFESSIONAL_SERVICES,,PROFESSIONAL_SERVICES,Pcc Internet Payment PCC INTERNET PAYMENT Pcc Internet Payment PCC INTERNET PAYMENT ONLINE PAYMENT,,,0,,OtherExpense,,,0.65,cat_otherexpense_35,catch_all,1,rule
2026-09-15,947c8ec9c8032635192c8f60740cd2d488e4195912df5cd77cfe0bc1823f555b,SEP2026_StarlingStatement_2026-09.csv_84,SEP2026,starling,60-83-71 00558156,2026-09-15,-151.74,GBP,Pcc Internet Payment,PCC INTERNET PAYMENT,Pcc Internet Payment PCC INTERNET PAYMENT,ONLINE PAYMENT,42719.27,,PROFESSIONAL_SERVICES,,PROFESSIONAL_SERVICES,Pcc Internet Payment PCC INTERNET PAYMENT Pcc Internet Payment PCC INTERNET PAYMENT ONLINE PAYMENT,,,0,,OtherExpense,,,0.65,cat_otherexpense_35,catch_all,1,rule
2026-09-15,5e2e5f0655dd994f5c3cfd584d0e67c3e881aef5942dbfaca1c5e95238723548,SEP2026_StarlingStatement_2026-09.csv_85,SEP2026,starling,60-83-71 00558156,2026-09-15,-188.36,GBP,Pcc Internet Payment,PCC INTERNET PAYMENT,Pcc Internet Payment PCC INTERNET PAYMENT,ONLINE PAYMENT,42530.91,,PROFESSIONAL_SERVICES,,PROFESSIONAL_SERVICES,Pcc Internet Payment PCC INTERNET PAYMENT Pcc Internet Payment PCC INTERNET PAYMENT ONLINE PAYMENT,,,0,,OtherExpense,,,0.65,cat_otherexpense_35,catch_all,1,rule
2026-09-15,00ad990b481b539f857bc990aeca9bb1d9ef406197a2887785fa540971ec7e58,SEP2026_StarlingStatement_2026-09.csv_86,SEP2026,starling,60-83-71 00558156,2026-09-15,-573.01,GBP,Pcc Internet Payment,PCC INTERNET PAYMENT,Pcc Internet Payment PCC INTERNET PAYMENT,ONLINE PAYMENT,41957.9,,PROFESSIONAL_SERVICES,,PROFESSIONAL_SERVICES,Pcc Internet Payment PCC INTERNET PAYMENT Pcc Internet Payment PCC INTERNET PAYMENT ONLINE PAYMENT,,,0,,OtherExpense,,,0.65,cat_otherexpense_35,catch_all,1,rule
2026-09-15,103b7517aea7d5d41e25c6c253ed31ae275dfeee0c56a2763892434c30ac72fa,SEP2026_StarlingStatement_2026-09.csv_87,SEP2026,starling,60-83-71 00558156,2026-09-15,-727.42,GBP,Pcc Internet Payment,PCC INTERNET PAYMENT,Pcc Internet Payment PCC INTERNET PAYMENT,ONLINE PAYMENT,41230.48,,PROFESSIONAL_SERVICES,,PROFESSIONAL_SERVICES,Pcc Internet Payment PCC INTERNET PAYMENT Pcc Internet Payment PCC INTERNET PAYMENT ONLINE PAYMENT,,,0,,OtherExpense,,,0.65,cat_otherexpense_35,catch_all,1,rule
2026-09-15,cfe60ff8569fec6549f8f0f0a26dcbd476d6e6d3a1e20835bb5ce0344b0192f1,SEP2026_StarlingStatement_2026-09.csv_88,SEP2026,starling,60-83-71 00558156,2026-09-15,-190.6,GBP,Pcc Internet Payment,PCC INTERNET PAYMENT,Pcc Internet Payment PCC INTERNET PAYMENT,ONLINE PAYMENT,41039.88,,PROFESSIONAL_SERVICES,,PROFESSIONAL_SERVICES,Pcc Internet Payment PCC INTERNET PAYMENT Pcc Internet Payment PCC INTERNET PAYMENT ONLINE PAYMENT,,,0,,OtherExpense,,,0.65,cat_otherexpense_35,catch_all,1,rule
2026-09-15,e3b16587fa4a84067d196b9e7e361edc9682632c7c75c7ed8949d53786ae5b34,SEP2026_StarlingStatement_2026-09.csv_89,SEP2026,starling,60-83-71 00558156,2026-09-15,-4547.85,GBP,Ivana Valentino 3072,mortgages,Ivana Valentino 3072 mortgages,FASTER PAYMENT,36492.03,,INTEREST_PAYMENTS,,INTEREST_PAYMENTS,Ivana Valentino 3072 mortgages Ivana Valentino 3072 mortgages FASTER PAYMENT,,,0,,MortgageRefund,Ivana,,0.99,cat_mortgagerefund_15,strong,0,rule
2026-09-15,2fe5add7b2369af3535514bf8087aa6bf97fb05b3c06970841cb9f60221b783a,SEP2026_StarlingStatement_2026-09.csv_90,SEP2026,starling,60-83-71 00558156,2026-09-15,1000.0,GBP,A Abraru,1 171,A Abraru 1 171,FASTER PAYMENT,37492.03,,REVENUE,,REVENUE,A Abraru 1 171 A Abraru 1 171 FASTER PAYMENT,,,0,F1171FAW,OurRent,,,0.99,prop_rent_F1171FAW_79,strong,0,rule
2026-09-16,7e49bb9329937503da3d94c402a061757b7be7cd4c8e715474c164f04e8ae947,SEP2026_BC_6045_SEP2026.csv_20,SEP2026,barclays,20-74-09 60458872,2026-09-16,-18.99,GBP,,,PAYPAL PAYMENT        5CM22229DF5GW DDR,,,679848,,Direct Debit,Direct Debit,PAYPAL PAYMENT        5CM22229DF5GW DDR,,,0,,RegularPayment,,,0.99,cat_regularpayment_27,strong,0,rule
2026-09-16,a65ab3897610b5f31de380743833043dbae7164d173c84c8a8a91d946c5413bc,SEP2026_BC_3072_SEP2026.csv_44,SEP2026,barclays,20-53-97 30728691,2026-09-16,-34.18,GBP,,,BHAM MIDSHIRES        6792116720030000 DDR,,,184800,,Direct Debit,Direct Debit,BHAM MIDSHIRES        6792116720030000 DDR,,,0,F2321LON,Mortgage,,,0.99,prop_mort_F2321LON_5,strong,0,rule
2026-09-16,d90ca6e75ca826b037bd8801602dacd641e26d732676313ac0ebe351573e315d,SEP2026_BC_3072_SEP2026.csv_45,SEP2026,barclays,20-53-97 30728691,2026-09-16,-548.18,GBP,,,BHAM MIDSHIRES        6092045443050000 DDR,,,184800,,Direct Debit,Direct Debit,BHAM MIDSHIRES        6092045443050000 DDR,,,0,23BHAM,Mortgage,,,0.99,prop_mort_23BHAM_27,strong,0,rule
2026-09-16,31bed8277989252780472be43b6cdda15b255f6c46b2786323fbb7eee4c9416c,SEP2026_StarlingStatement_2026-09.csv_91,SEP2026,starling,60-83-71 00558156,2026-09-16,-50.55,GBP,Marks & Spencer,MARKS&SPENCER PLC,Marks & Spencer MARKS&SPENCER PLC,CONTACTLESS,37441.48,,FOOD_AND_DRINK,,FOOD_AND_DRINK,Marks & Spencer MARKS&SPENCER PLC Marks & Spencer MARKS&SPENCER PLC CONTACTLESS,,,0,,PersonalExpense,M&S,,0.99,override_2,strong,0,rule
2026-09-16,5cf2b3180cb3d5a4c31e1ad98ff6542bd95f7db49bf4b3feb5672f19abfe1c86,SEP2026_StarlingStatement_2026-09.csv_92,SEP2026,starling,60-83-71 00558156,2026-09-16,-72.98,GBP,Peter Taperek,1946 worktop,Peter Taperek 1946 worktop,FASTER PAYMENT,37368.5,,REPAIRS_AND_MAINTENANCE,,REPAIRS_AND_MAINTENANCE,Peter Taperek 1946 worktop Peter Taperek 1946 worktop FASTER PAYMENT,,,0,,PropertyExpense,,,0.99,cat_propertyexpense_19,strong,1,rule
2026-09-16,72cf9694c0b86ad84c8c42af0df78034213993ac6df022d7b86bfb4596ad48ff,SEP2026_StarlingStatement_2026-09.csv_93,SEP2026,starling,60-83-71 00558156,2026-09-16,-5.4,GBP,Peter Taperek,1946 paint,Peter Taperek 1946 paint,FASTER PAYMENT,37363.1,,REPAIRS_AND_MAINTENANCE,,REPAIRS_AND_MAINTENANCE,Peter Taperek 1946 paint Peter Taperek 1946 paint FASTER PAYMENT,,,0,,PropertyExpense,,,0.99,cat_propertyexpense_19,strong,1,rule
2026-09-16,b29ae518a324e929bb76f0b269b82f97bc35339e0da0ee24e04e042b123552fb,SEP2026_StarlingStatement_2026-09.csv_94,SEP2026,starling,60-83-71 00558156,2026-09-16,-150.0,GBP,Nathan Guy,55 1946 repairs,Nathan Guy 55 1946 repairs,FASTER PAYMENT,37213.1,,REPAIRS_AND_MAINTENANCE,,REPAIRS_AND_MAINTENANCE,Nathan Guy 55 1946 repairs Nathan Guy 55 1946 repairs FASTER PAYMENT,,,0,,PropertyExpense,,,0.99,cat_propertyexpense_19,strong,1,rule
2026-09-17,ed459ec1c03f5b73e138c3a5e9f04f53e5285ae31ac15a45bfaa7252053e3fcd,SEP2026_StarlingStatement_2026-09.csv_95,SEP2026,starling,60-83-71 00558156,2026-09-17,800.0,GBP,S PERRY,FLAT 3 12-14,S PERRY FLAT 3 12-14,FASTER PAYMENT,38013.1,,REVENUE,,REVENUE,S PERRY FLAT 3 12-14 S PERRY FLAT 3 12-14 FASTER PAYMENT,,,0,F31214ALH,OurRent,,,0.99,prop_rent_F31214ALH_105,strong,0,rule
2026-09-17,af0a4223959cdd668b14dfaef3347cf4c0945532f13119d1bd16c79c62fe0814,SEP2026_StarlingStatement_2026-09.csv_96,SEP2026,starling,60-83-71 00558156,2026-09-17,-37.98,GBP,TK Maxx,TKMAXX_UK,TK Maxx TKMAXX_UK,CONTACTLESS,37975.12,,OTHER,,OTHER,TK Maxx TKMAXX_UK TK Maxx TKMAXX_UK CONTACTLESS,,,0,,PersonalExpense,Clothing,,0.99,override_25,strong,0,rule
2026-09-17,e3db0c0a02628a354607c14e60d30ed750df7147d41fcc75541d54f282c61908,SEP2026_StarlingStatement_2026-09.csv_97,SEP2026,starling,60-83-71 00558156,2026-09-17,775.0,GBP,R Chowdhury,FLAT RENT,R Chowdhury FLAT RENT,FASTER PAYMENT,38750.12,,REVENUE,,REVENUE,R Chowdhury FLAT RENT R Chowdhury FLAT RENT FASTER PAYMENT,,,0,F1321LON,OurRent,,,0.99,prop_rent_F1321LON_71,strong,0,rule
2026-09-17,96fdd60cbbd7c853a5fcae9df43f673a100067c0c15473081a796303df827983,SEP2026_StarlingStatement_2026-09.csv_98,SEP2026,starling,60-83-71 00558156,2026-09-17,-11.29,GBP,Budgens,BUDGENS,Budgens BUDGENS,CONTACTLESS,38738.83,,FOOD_AND_DRINK,,FOOD_AND_DRINK,Budgens BUDGENS Budgens BUDGENS CONTACTLESS,,,0,,PersonalExpense,Budgens,,0.99,override_35,strong,0,rule
2026-09-17,cbadd4ca459ff1145654bd85f09e6cbdf1b7f39b9c27a45feb3954cdf4ffaba2,SEP2026_StarlingStatement_2026-09.csv_99,SEP2026,starling,60-83-71 00558156,2026-09-17,-21.44,GBP,Co-op,CO OPERATIVE FOOD,Co-op CO OPERATIVE FOOD,CONTACTLESS,38717.39,,REPAIRS_AND_MAINTENANCE,,REPAIRS_AND_MAINTENANCE,Co-op CO OPERATIVE FOOD Co-op CO OPERATIVE FOOD CONTACTLESS,,,0,,PersonalExpense,COOP,,0.99,cat_propertyexpense_19,strong,0,rule
2026-09-17,70f07eaae0dcc118b2147684559e820fff7b8b90c57c69242fadcadcd2e5a002,SEP2026_StarlingStatement_2026-09.csv_100,SEP2026,starling,60-83-71 00558156,2026-09-17,-29.1,GBP,Co-op,CO OPERATIVE FOOD,Co-op CO OPERATIVE FOOD,CONTACTLESS,38688.29,,REPAIRS_AND_MAINTENANCE,,REPAIRS_AND_MAINTENANCE,Co-op CO OPERATIVE FOOD Co-op CO OPERATIVE FOOD CONTACTLESS,,,0,,PersonalExpense,COOP,,0.99,cat_propertyexpense_19,strong,0,rule
2026-09-17,ad838a15d825ca7ff927db5a7bcd6e2330ac4eabd5a18c37d66fe3f181a088e7,SEP2026_StarlingStatement_2026-09.csv_101,SEP2026,starling,60-83-71 00558156,2026-09-17,-32.1,GBP,Marks & Spencer,MARKS&SPENCER PLC,Marks & Spencer MARKS&SPENCER PLC,CHIP & PIN,38656.19,,FOOD_AND_DRINK,,FOOD_AND_DRINK,Marks & Spencer MARKS&SPENCER PLC Marks & Spencer MARKS&SPENCER PLC CHIP & PIN,,,0,,PersonalExpense,M&S,,0.99,override_2,strong,0,rule
2026-09-17,6fa80e895e0c9fe797545cf23f4e8705e486f0febc2c14219ad2913a9f2e6fdb,SEP2026_StarlingStatement_2026-09.csv_102,SEP2026,starling,60-83-71 00558156,2026-09-17,-50.0,GBP,Nathanial Paul Crossley-Turner,electric,Nathanial Paul Crossley-Turner electric,FASTER PAYMENT,38606.19,,REPAIRS_AND_MAINTENANCE,,REPAIRS_AND_MAINTENANCE,Nathanial Paul Crossley-Turner electric Nathanial Paul Crossley-Turner electric FASTER PAYMENT,,,0,,PropertyExpense,,,0.99,cat_propertyexpense_19,strong,1,rule
2026-09-17,cf53aa87b6b2c42ba026f910bfec0c5bba43dc914fc0532116774e1188d7dcd2,SEP2026_StarlingStatement_2026-09.csv_103,SEP2026,starling,60-83-71 00558156,2026-09-17,-582.36,GBP,Ivana Valentino 3072,mortgages,Ivana Valentino 3072 mortgages,FASTER PAYMENT,38023.83,,INTEREST_PAYMENTS,,INTEREST_PAYMENTS,Ivana Valentino 3072 mortgages Ivana Valentino 3072 mortgages FASTER PAYMENT,,,0,,MortgageRefund,Ivana,,0.99,cat_mortgagerefund_15,strong,0,rule
2026-09-17,b0be11e47a23cf2570f11d9f0ba873dd4252cb01472468f4ab7bb0bb09afa36e,SEP2026_StarlingStatement_2026-09.csv_104,SEP2026,starling,60-83-71 00558156,2026-09-17,-450.0,GBP,Village Green Deal Limited,13212 321 hmo plan,Village Green Deal Limited 13212 321 hmo plan,FASTER PAYMENT,37573.83,,REPAIRS_AND_MAINTENANCE,,REPAIRS_AND_MAINTENANCE,Village Green Deal Limited 13212 321 hmo plan Village Green Deal Limited 13212 321 hmo plan FASTER PAYMENT,,,0,F1321LON,PropertyExpense,,,0.99,prop_rent_F1321LON_71,strong,0,rule
2026-09-18,3354989a2d8c444f9d25c6d1b2b3010a57025c016dfc9ef94807506d07fc6aea,SEP2026_BC_3072_SEP2026.csv_46,SEP2026,barclays,20-53-97 30728691,2026-09-18,582.36,GBP,,,Rsa Capital Limite    mortgages BGC,,,0,,Counter Credit,Counter Credit,Rsa Capital Limite    mortgages BGC,,,0,,Interbank,,,0.99,override_40,strong,0,rule
2026-09-18,860bc4a1a6675b5e2fffc03bc3b7b98030cd602bb10c80c1f7dc2e86e222bc29,SEP2026_BC_3072_SEP2026.csv_47,SEP2026,barclays,20-53-97 30728691,2026-09-18,-341.79,GBP,,,BHAM MIDSHIRES        6092042862000000 DDR,,,184800,,Direct Debit,Direct Debit,BHAM MIDSHIRES        6092042862000000 DDR,,,0,F2321LON,Mortgage,,,0.99,prop_mort_F2321LON_3,strong,0,rule
2026-09-18,dcf4cdf1dbdd26bc13a5f4d71ce5307ea422173d0f93d90757f5995f0d6492b6,SEP2026_StarlingStatement_2026-09.csv_105,SEP2026,starling,60-83-71 00558156,2026-09-18,980.0,GBP,J+C,46 ALHAMBRA FLAT22,J+C 46 ALHAMBRA FLAT22,FASTER PAYMENT,38553.83,,REVENUE,,REVENUE,J+C 46 ALHAMBRA FLAT22 J+C 46 ALHAMBRA FLAT22 FASTER PAYMENT,,,0,,OtherIncome,,,0.65,cat_otherincome_34,catch_all,1,rule
2026-09-18,523f1f7435a84ad0c4aa3916c4bf529644bd384b22b14def0f469947bd3bec8e,SEP2026_StarlingStatement_2026-09.csv_106,SEP2026,starling,60-83-71 00558156,2026-09-18,-56.1,GBP,Marks & Spencer,MARKS&SPENCER PLC,Marks & Spencer MARKS&SPENCER PLC,CONTACTLESS,38497.73,,FOOD_AND_DRINK,,FOOD_AND_DRINK,Marks & Spencer MARKS&SPENCER PLC Marks & Spencer MARKS&SPENCER PLC CONTACTLESS,,,0,,PersonalExpense,M&S,,0.99,override_2,strong,0,rule
2026-09-18,9052e0994438f6807c6eb63808de7844f6877de24c28de5753b277c225f82e31,SEP2026_StarlingStatement_2026-09.csv_107,SEP2026,starling,60-83-71 00558156,2026-09-18,260.0,GBP,SFA TDSCS - CLIENT,TDS EW40521582,SFA TDSCS - CLIENT TDS EW40521582,FASTER PAYMENT,38757.73,,REVENUE,,REVENUE,SFA TDSCS - CLIENT TDS EW40521582 SFA TDSCS - CLIENT TDS EW40521582 FASTER PAYMENT,,,0,,Deposit,,,0.99,cat_deposit_5,strong,0,rule
2026-09-19,e7c41ce1ffbada4e2d4d8f8bb15c6e873ca61757fdd0968f28c5b3e110738564,SEP2026_StarlingStatement_2026-09.csv_108,SEP2026,starling,60-83-71 00558156,2026-09-19,875.0,GBP,Eliesha Pettitt & I Okeleke,Rent,Eliesha Pettitt & I Okeleke Rent,FASTER PAYMENT,39632.73,,REVENUE,,REVENUE,Eliesha Pettitt & I Okeleke Rent Eliesha Pettitt & I Okeleke Rent FASTER PAYMENT,,,0,,OtherIncome,,,0.65,cat_otherincome_34,catch_all,1,rule
2026-09-19,60bfd80a64eb7048f5d3e12fca34326a86419102a93d5ab7c853ea81d329a1e7,SEP2026_StarlingStatement_2026-09.csv_109,SEP2026,starling,60-83-71 00558156,2026-09-19,-66.99,GBP,No Limitz,No Limitz,No Limitz No Limitz,CONTACTLESS,39565.74,,EQUIPMENT,,EQUIPMENT,No Limitz No Limitz No Limitz No Limitz CONTACTLESS,,,0,,OtherExpense,,,0.65,cat_otherexpense_35,catch_all,1,rule
2026-09-19,0effd94ca51ae9437ae3db7621174770d261a341f7419a13e20ef338d8ebe5da,SEP2026_StarlingStatement_2026-09.csv_110,SEP2026,starling,60-83-71 00558156,2026-09-19,-27.5,GBP,Tesco,TESCO STORES 2547,Tesco TESCO STORES 2547,CONTACTLESS,39538.24,,FOOD_AND_DRINK,,FOOD_AND_DRINK,Tesco TESCO STORES 2547 Tesco TESCO STORES 2547 CONTACTLESS,,,0,,PersonalExpense,Tesco,,0.99,override_9,strong,0,rule
2026-09-19,9eab63c49872326863926c2752927f5fc487dada8127d17a9126cfc334cf5dc8,SEP2026_StarlingStatement_2026-09.csv_111,SEP2026,starling,60-83-71 00558156,2026-09-19,850.0,GBP,Lucy Morton-Scott,"Flat 11, 12-14","Lucy Morton-Scott Flat 11, 12-14",FASTER PAYMENT,40388.24,,REVENUE,,REVENUE,"Lucy Morton-Scott Flat 11, 12-14 Lucy Morton-Scott Flat 11, 12-14 FASTER PAYMENT",,,0,F111214ALH,OurRent,,,0.99,prop_rent_F111214ALH_102,strong,0,rule
2026-09-19,ad2d2ac36499e5b903fb41e98f1c70c96061ac60086b99d6a51526f7dc00e954,SEP2026_StarlingStatement_2026-09.csv_112,SEP2026,starling,60-83-71 00558156,2026-09-19,725.0,GBP,TULLETT C P,4163 Rent,TULLETT C P 4163 Rent,FASTER PAYMENT,41113.24,,REVENUE,,REVENUE,TULLETT C P 4163 Rent TULLETT C P 4163 Rent FASTER PAYMENT,,,0,F4163FRA,OurRent,,,0.99,prop_rent_F4163FRA_84,strong,0,rule
2026-09-20,17cbf47c8092714ea2080d2fae96a3c71566e066e31a6d6a72794ff162b9db90,SEP2026_StarlingStatement_2026-09.csv_113,SEP2026,starling,60-83-71 00558156,2026-09-20,-250.0,GBP,Ivana Valentino,car,Ivana Valentino car,FASTER PAYMENT,40863.24,,VEHICLES,,VEHICLES,Ivana Valentino car Ivana Valentino car FASTER PAYMENT,,,0,,RegularPayment,Ivana,,0.99,override_37,strong,0,rule
2026-09-20,09df85beab42e16a0361ab79654f5c9fa3e02845e7a4922b359df19eaa226e15,SEP2026_StarlingStatement_2026-09.csv_114,SEP2026,starling,60-83-71 00558156,2026-09-20,-99.4,GBP,TK Maxx,TKMAXX_UK,TK Maxx TKMAXX_UK,CONTACTLESS,40763.84,,OTHER,,OTHER,TK Maxx TKMAXX_UK TK Maxx TKMAXX_UK CONTACTLESS,,,0,,PersonalExpense,Clothing,,0.99,override_25,strong,0,rule
2026-09-20,55d339e47e3e429c10326a70351b9ca47ae6481a7128328255edfe1f3f9ca824,SEP2026_StarlingStatement_2026-09.csv_115,SEP2026,starling,60-83-71 00558156,2026-09-20,-103.57,GBP,New County Service Sta,NEW COUNTY SERVICE STA,New County Service Sta NEW COUNTY SERVICE STA,CHIP & PIN,40660.27,,VEHICLES,,VEHICLES,New County Service Sta NEW COUNTY SERVICE STA New County Service Sta NEW COUNTY SERVICE STA CHIP & PIN,,,0,,PersonalExpense,Garage,,0.99,override_5,strong,0,rule
2026-09-20,29a8b69d13762c3bb671421d5aa8be039e433e91a0944eb27be6e3199f523c45,SEP2026_StarlingStatement_2026-09.csv_116,SEP2026,starling,60-83-71 00558156,2026-09-20,-12.58,GBP,Budgens,BUDGENS,Budgens BUDGENS,CONTACTLESS,40647.69,,FOOD_AND_DRINK,,FOOD_AND_DRINK,Budgens BUDGENS Budgens BUDGENS CONTACTLESS,,,0,,PersonalExpense,Budgens,,0.99,override_35,strong,0,rule
2026-09-20,26c073fb352c4968e8bb142c0d733baed002d2fd097357a61bcc80fb6d8f76fc,SEP2026_StarlingStatement_2026-09.csv_117,SEP2026,starling,60-83-71 00558156,2026-09-20,-5.7,GBP,Co-op,CO OPERATIVE FOOD,Co-op CO OPERATIVE FOOD,CONTACTLESS,40641.99,,REPAIRS_AND_MAINTENANCE,,REPAIRS_AND_MAINTENANCE,Co-op CO OPERATIVE FOOD Co-op CO OPERATIVE FOOD CONTACTLESS,,,0,,PersonalExpense,COOP,,0.99,cat_propertyexpense_19,strong,0,rule
2026-09-21,17d3e9680c3d34abdfdc15db0e8dc11fc299c4eb73a3b1f41e679a061253ab4a,SEP2026_BC_6045_SEP2026.csv_21,SEP2026,barclays,20-74-09 60458872,2026-09-21,-15.0,GBP,,,ROCCO                 COOP FT,,,0,,Funds Transfer,Funds Transfer,ROCCO                 COOP FT,,,0,,PersonalExpense,Rocco,,0.99,override_6,strong,0,rule
2026-09-21,1539586524838eebab156cd069a0f9b1354fd8635272223139997fd0e6cdacd1,SEP2026_BC_6045_SEP2026.csv_22,SEP2026,barclays,20-74-09 60458872,2026-09-21,-0.99,GBP,,,amazon.co.uk*NM0VH    ON 19 SEP BCC,,,0,,Card Purchase,Card Purchase,amazon.co.uk*NM0VH    ON 19 SEP BCC,,,0,,PersonalExpense,Amazon,,0.99,cat_personalexpense_30,strong,0,rule
2026-09-21,425c278b72b697d3bf33fbb15919f557ff6d1cc9e216d4e80de990b4e8256cb0,SEP2026_BC_4040_SEP2026.csv_11,SEP2026,barclays,20-74-09 40406538,2026-09-21,-3.5,GBP,,,BUDGENS               ON 18 SEP CLP,,,0,,Contactless Card Purchase,Contactless Card Purchase,BUDGENS               ON 18 SEP CLP,,,0,,PersonalExpense,Budgens,,0.99,cat_personalexpense_30,strong,0,rule
2026-09-21,9c96009c086315ac0a7c444a5a4a0af92fd1ec8c0baa67ecc622c5a2b19d4c5c,SEP2026_BC_4040_SEP2026.csv_12,SEP2026,barclays,20-74-09 40406538,2026-09-21,-3.65,GBP,,,COSTA COFFEE 43011    ON 18 SEP CLP,,,0,,Contactless Card Purchase,Contactless Card Purchase,COSTA COFFEE 43011    ON 18 SEP CLP,,,0,,PersonalExpense,EatingOut,,0.99,cat_personalexpense_30,strong,0,rule
2026-09-21,93690734ca6342e15a3b9eb3cffa300d3a2bf7c1f44f727de64b63955172ebb4,SEP2026_BC_4040_SEP2026.csv_13,SEP2026,barclays,20-74-09 40406538,2026-09-21,-25.0,GBP,,,ALESSIO VALENTINO-    FROM MUMMY FT,,,0,,Funds Transfer,Funds Transfer,ALESSIO VALENTINO-    FROM MUMMY FT,,,0,,PersonalExpense,Alessio,,0.99,override_7,strong,0,rule
2026-09-21,8ece90692b1fa930cc2bbc8d78261eb0633528b17d7d672908f439c05af43add,SEP2026_BC_4040_SEP2026.csv_14,SEP2026,barclays,20-74-09 40406538,2026-09-21,-30.0,GBP,,,SOFIA VALENTINO-TU    FOOD FT,,,0,,Funds Transfer,Funds Transfer,SOFIA VALENTINO-TU    FOOD FT,,,0,,PersonalExpense,Sofia,,0.99,override_8,strong,0,rule
2026-09-21,a14f7b95dce42b85ea9cfd30fb5d29de4d66458c205a932f37631ab44b1bd20e,SEP2026_StarlingStatement_2026-09.csv_118,SEP2026,starling,60-83-71 00558156,2026-09-21,130.0,GBP,ENGLAND A,RENT TOP UP,ENGLAND A RENT TOP UP,FASTER PAYMENT,40771.99,,REVENUE,,REVENUE,ENGLAND A RENT TOP UP ENGLAND A RENT TOP UP FASTER PAYMENT,,,0,,OtherIncome,,,0.65,cat_otherincome_34,catch_all,1,rule
2026-09-21,176e93ac2dd93aa0dfe797e9ea2a4fff49fbda3f78e66f333ce4dba838dd6570,SEP2026_StarlingStatement_2026-09.csv_119,SEP2026,starling,60-83-71 00558156,2026-09-21,-11.9,GBP,Co-op,CO OPERATIVE FOOD,Co-op CO OPERATIVE FOOD,CONTACTLESS,40760.09,,REPAIRS_AND_MAINTENANCE,,REPAIRS_AND_MAINTENANCE,Co-op CO OPERATIVE FOOD Co-op CO OPERATIVE FOOD CONTACTLESS,,,0,,PersonalExpense,COOP,,0.99,cat_propertyexpense_19,strong,0,rule
2026-09-21,87562752bab5c3105ef9314f9b78b37c607a5a91c67f7c615d68301d995fc1f5,SEP2026_StarlingStatement_2026-09.csv_120,SEP2026,starling,60-83-71 00558156,2026-09-21,-6.75,GBP,Co-op,CO OPERATIVE FOOD,Co-op CO OPERATIVE FOOD,CONTACTLESS,40753.34,,REPAIRS_AND_MAINTENANCE,,REPAIRS_AND_MAINTENANCE,Co-op CO OPERATIVE FOOD Co-op CO OPERATIVE FOOD CONTACTLESS,,,0,,PersonalExpense,COOP,,0.99,cat_propertyexpense_19,strong,0,rule
2026-09-21,af113152e69f9dac66df3894a3ba676dce4f0515aea78e57770e51e7f94d94d4,SEP2026_StarlingStatement_2026-09.csv_121,SEP2026,starling,60-83-71 00558156,2026-09-21,-9.7,GBP,Co-op,CO OPERATIVE FOOD,Co-op CO OPERATIVE FOOD,CONTACTLESS,40743.64,,REPAIRS_AND_MAINTENANCE,,REPAIRS_AND_MAINTENANCE,Co-op CO OPERATIVE FOOD Co-op CO OPERATIVE FOOD CONTACTLESS,,,0,,PersonalExpense,COOP,,0.99,cat_propertyexpense_19,strong,0,rule
2026-09-21,0188897e64126ae640a13334261655e9eb353cc9ab74d4b4ee3263cf28704f9d,SEP2026_StarlingStatement_2026-09.csv_122,SEP2026,starling,60-83-71 00558156,2026-09-21,-300.0,GBP,NJS Pest Control,321LondonRdMTucker,NJS Pest Control 321LondonRdMTucker,FASTER PAYMENT,40443.64,,REPAIRS_AND_MAINTENANCE,,REPAIRS_AND_MAINTENANCE,NJS Pest Control 321LondonRdMTucker NJS Pest Control 321LondonRdMTucker FASTER PAYMENT,,,0,,PropertyExpense,,,0.99,cat_propertyexpense_19,strong,1,rule
2026-09-22,0fb612a57bce70684295031f705d9d1062c20e609dc9cb5c892e6abe274d2155,SEP2026_BC_3072_SEP2026.csv_48,SEP2026,barclays,20-53-97 30728691,2026-09-22,-431.27,GBP,,,BHAM MIDSHIRES        6092076296020000 DDR,,,184800,,Direct Debit,Direct Debit,BHAM MIDSHIRES        6092076296020000 DDR,,,0,196AKIN,Mortgage,,,0.99,prop_mort_196AKIN_23,strong,0,rule
2026-09-22,a9fcd6a07344da394fe9d1dde664c4a0df20dc4177ef441a665e494a66323c4e,SEP2026_BC_3072_SEP2026.csv_49,SEP2026,barclays,20-53-97 30728691,2026-09-22,-10.0,GBP,,,ID MOBILE LIMITED     11245718/001 DDR,,,298372,,Direct Debit,Direct Debit,ID MOBILE LIMITED     11245718/001 DDR,,,0,,RegularPayment,,,0.99,cat_regularpayment_27,strong,0,rule
2026-09-22,1249c96c365816f258d14ea32f80cf68effeb80f8e633ff6ee01e7c29f93c208,SEP2026_BC_3072_SEP2026.csv_50,SEP2026,barclays,20-53-97 30728691,2026-09-22,-22.91,GBP,,,INTEREST CHARGED      INTEREST CHARGED,,,0,,Credit Payment,Credit Payment,INTEREST CHARGED      INTEREST CHARGED,,,0,,OtherExpense,,,0.99,override_17,strong,0,rule
2026-09-22,b553d2bae2a8e35f04c0b8637e66951719f6aa2fcca0f96c46f8dc379677e98c,SEP2026_BC_4040_SEP2026.csv_15,SEP2026,barclays,20-74-09 40406538,2026-09-22,-10.44,GBP,,,INTEREST CHARGED      INTEREST CHARGED,,,0,,Credit Payment,Credit Payment,INTEREST CHARGED      INTEREST CHARGED,,,0,,OtherExpense,,,0.99,override_17,strong,0,rule
2026-09-22,2554295aa936bb9372b2cbb6cc6b990c72ecbe53f76f4a409f6535723d355433,SEP2026_StarlingStatement_2026-09.csv_123,SEP2026,starling,60-83-71 00558156,2026-09-22,-68.32,GBP,Tesco Petrol,TESCO PAY AT PUMP 3822,Tesco Petrol TESCO PAY AT PUMP 3822,CHIP & PIN,40375.32,,VEHICLES,,VEHICLES,Tesco Petrol TESCO PAY AT PUMP 3822 Tesco Petrol TESCO PAY AT PUMP 3822 CHIP & PIN,,,0,,PersonalExpense,Garage,,0.99,override_9,strong,0,rule
2026-09-22,6772c0ecf12a96d97135592bbdc7a64e38a0af0174c812226f4a6d11c3e95f55,SEP2026_StarlingStatement_2026-09.csv_124,SEP2026,starling,60-83-71 00558156,2026-09-22,-29.0,GBP,Tesco,TESCO STORES 2547,Tesco TESCO STORES 2547,CONTACTLESS,40346.32,,FOOD_AND_DRINK,,FOOD_AND_DRINK,Tesco TESCO STORES 2547 Tesco TESCO STORES 2547 CONTACTLESS,,,0,,PersonalExpense,Tesco,,0.99,override_9,strong,0,rule
2026-09-22,d29d7c3459d9546578ffa0c8a7d72ef00af9399bb9b7ca9c8d7afa9070f47c1a,SEP2026_StarlingStatement_2026-09.csv_125,SEP2026,starling,60-83-71 00558156,2026-09-22,-14.23,GBP,Budgens,BUDGENS,Budgens BUDGENS,CONTACTLESS,40332.09,,FOOD_AND_DRINK,,FOOD_AND_DRINK,Budgens BUDGENS Budgens BUDGENS CONTACTLESS,,,0,,PersonalExpense,Budgens,,0.99,override_35,strong,0,rule
2026-09-22,80a3a98495184cadede4750651f08cfb22340a6d3ad72c505000b225de5095a4,SEP2026_StarlingStatement_2026-09.csv_126,SEP2026,starling,60-83-71 00558156,2026-09-22,-6.23,GBP,Budgens,BUDGENS,Budgens BUDGENS,CONTACTLESS,40325.86,,FOOD_AND_DRINK,,FOOD_AND_DRINK,Budgens BUDGENS Budgens BUDGENS CONTACTLESS,,,0,,PersonalExpense,Budgens,,0.99,override_35,strong,0,rule
2026-09-22,b52f21ac531c88ab47ad66f78763aa19eb7d2c12bbb3d55564ec5e10a7886f50,SEP2026_StarlingStatement_2026-09.csv_127,SEP2026,starling,60-83-71 00558156,2026-09-22,-59.85,GBP,Marks & Spencer,MARKS&SPENCER PLC,Marks & Spencer MARKS&SPENCER PLC,CONTACTLESS,40266.01,,FOOD_AND_DRINK,,FOOD_AND_DRINK,Marks & Spencer MARKS&SPENCER PLC Marks & Spencer MARKS&SPENCER PLC CONTACTLESS,,,0,,PersonalExpense,M&S,,0.99,override_2,strong,0,rule
2026-09-23,d6823955d50c1493da884dc58ad5bfad1ef265b069b4fe53b8b7736b58a1d73a,SEP2026_BC_3072_SEP2026.csv_51,SEP2026,barclays,20-53-97 30728691,2026-09-23,-10.0,GBP,,,ID MOBILE LIMITED     11888885/001 DDR,,,298372,,Direct Debit,Direct Debit,ID MOBILE LIMITED     11888885/001 DDR,,,0,,RegularPayment,,,0.99,cat_regularpayment_27,strong,0,rule
2026-09-23,091b9e9460b9f8f4b6ed1dfc96fd71d43e6045378569e4725ce9440c4c99ad52,SEP2026_BC_4040_SEP2026.csv_16,SEP2026,barclays,20-74-09 40406538,2026-09-23,-9.0,GBP,,,CO OPERATIVE FOOD     ON 22 SEP CLP,,,0,,Contactless Card Purchase,Contactless Card Purchase,CO OPERATIVE FOOD     ON 22 SEP CLP,,,0,,PersonalExpense,COOP,,0.99,cat_personalexpense_30,strong,0,rule
2026-09-23,7d1d1b8850acc7eaf1aecb9199db9f06fb38ef6c775b525c8fb36d6865383d47,SEP2026_StarlingStatement_2026-09.csv_128,SEP2026,starling,60-83-71 00558156,2026-09-23,925.0,GBP,A JOY,"ANGEL JOY  ,FLAT 1","A JOY ANGEL JOY  ,FLAT 1",FASTER PAYMENT,41191.01,,REVENUE,,REVENUE,"A JOY ANGEL JOY  ,FLAT 1 A JOY ANGEL JOY  ,FLAT 1 FASTER PAYMENT",,,0,F71214ALH,OurRent,,,0.99,prop_rent_F71214ALH_108,strong,0,rule
2026-09-23,dd30e365466e3120f0c0fb1ae4359b53ae7e33707e195cb3f7124c124ca71cf4,SEP2026_StarlingStatement_2026-09.csv_129,SEP2026,starling,60-83-71 00558156,2026-09-23,750.0,GBP,Michael  Pedace,FLAT2 171FAWCETT,Michael  Pedace FLAT2 171FAWCETT,FASTER PAYMENT,41941.01,,REVENUE,,REVENUE,Michael  Pedace FLAT2 171FAWCETT Michael  Pedace FLAT2 171FAWCETT FASTER PAYMENT,,,0,F2171FAW,OurRent,,,0.99,prop_rent_F2171FAW_80,strong,0,rule
2026-09-23,1f5ff030fd0d89c1c3ae30865e8d2cfbc9b558e34c1b83813b21a0083fd0cfbf,SEP2026_StarlingStatement_2026-09.csv_130,SEP2026,starling,60-83-71 00558156,2026-09-23,-16.81,GBP,Budgens,BUDGENS,Budgens BUDGENS,CONTACTLESS,41924.2,,FOOD_AND_DRINK,,FOOD_AND_DRINK,Budgens BUDGENS Budgens BUDGENS CONTACTLESS,,,0,,PersonalExpense,Budgens,,0.99,override_35,strong,0,rule
2026-09-23,cc02693fae0dbd9ed3fbb5415fffa66b17cad03c3bace97b2612c63f6ccd2722,SEP2026_StarlingStatement_2026-09.csv_131,SEP2026,starling,60-83-71 00558156,2026-09-23,-40.25,GBP,Marks & Spencer,MARKS&SPENCER PLC,Marks & Spencer MARKS&SPENCER PLC,CONTACTLESS,41883.95,,FOOD_AND_DRINK,,FOOD_AND_DRINK,Marks & Spencer MARKS&SPENCER PLC Marks & Spencer MARKS&SPENCER PLC CONTACTLESS,,,0,,PersonalExpense,M&S,,0.99,override_2,strong,0,rule
2026-09-23,2dda3b86071172bbaf0ac5edb5d3548fa1fd2ab60a33859fc33b69d9e9a14146,SEP2026_StarlingStatement_2026-09.csv_132,SEP2026,starling,60-83-71 00558156,2026-09-23,905.0,GBP,Kye Elliott-Street,Rsa Capital Limite,Kye Elliott-Street Rsa Capital Limite,FASTER PAYMENT,42788.95,,REVENUE,,REVENUE,Kye Elliott-Street Rsa Capital Limite Kye Elliott-Street Rsa Capital Limite FASTER PAYMENT,,,0,F68ALH,Interbank,,,0.99,prop_rent_F68ALH_98,strong,0,rule
2026-09-23,cc2677ec318a42095b3ef9a12c241a6dea78cef1c424ebaeb29a5aee708478e8,SEP2026_StarlingStatement_2026-09.csv_133,SEP2026,starling,60-83-71 00558156,2026-09-23,-1182.24,GBP,Central Energy South Limited,1020 321 alarms,Central Energy South Limited 1020 321 alarms,FASTER PAYMENT,41606.71,,REPAIRS_AND_MAINTENANCE,,REPAIRS_AND_MAINTENANCE,Central Energy South Limited 1020 321 alarms Central Energy South Limited 1020 321 alarms FASTER PAYMENT,,,0,,PropertyExpense,,,0.99,cat_propertyexpense_19,strong,1,rule
2026-09-23,21113416e9996c3c78b7f99cf1e6b48b6a89ea02bbf1551670ed729a205b7dbe,SEP2026_StarlingStatement_2026-09.csv_134,SEP2026,starling,60-83-71 00558156,2026-09-23,-150.0,GBP,Village Green Deal Limited,13227 epc x3,Village Green Deal Limited 13227 epc x3,FASTER PAYMENT,41456.71,,REPAIRS_AND_MAINTENANCE,,REPAIRS_AND_MAINTENANCE,Village Green Deal Limited 13227 epc x3 Village Green Deal Limited 13227 epc x3 FASTER PAYMENT,,,0,,PropertyExpense,,,0.99,cat_propertyexpense_19,strong,1,rule
2026-09-24,d4a9c26c75db6391b82996b86a9a1818b621e43f7b93a155bceffa136afa3fc1,SEP2026_BC_6045_SEP2026.csv_23,SEP2026,barclays,20-74-09 60458872,2026-09-24,-38.18,GBP,,,PAYPAL PAYMENT        5CM22229DF5GW DDR,,,679848,,Direct Debit,Direct Debit,PAYPAL PAYMENT        5CM22229DF5GW DDR,,,0,,RegularPayment,,,0.99,cat_regularpayment_27,strong,0,rule
2026-09-24,9303690fa8b741fea33bd17ff52bac1f68e937e16253a6efdead73d730008ce0,SEP2026_StarlingStatement_2026-09.csv_135,SEP2026,starling,60-83-71 00558156,2026-09-24,1000.0,GBP,S Cresdee,3321,S Cresdee 3321,FASTER PAYMENT,42456.71,,REVENUE,,REVENUE,S Cresdee 3321 S Cresdee 3321 FASTER PAYMENT,,,0,F3321LON,OurRent,,,0.99,prop_rent_F3321LON_73,strong,0,rule
2026-09-24,d15dfe629ab6a62461fd2232591c668c11b878d9b057657cbcd5cc8760a7879f,SEP2026_StarlingStatement_2026-09.csv_136,SEP2026,starling,60-83-71 00558156,2026-09-24,-9.5,GBP,Co-op,CO OPERATIVE FOOD,Co-op CO OPERATIVE FOOD,CONTACTLESS,42447.21,,REPAIRS_AND_MAINTENANCE,,REPAIRS_AND_MAINTENANCE,Co-op CO OPERATIVE FOOD Co-op CO OPERATIVE FOOD CONTACTLESS,,,0,,PersonalExpense,COOP,,0.99,cat_propertyexpense_19,strong,0,rule
2026-09-24,7ec9f1c531b2e7b51961f7811097713a2a722c3da7ba24fb9768fdba4cab4b5e,SEP2026_StarlingStatement_2026-09.csv_137,SEP2026,starling,60-83-71 00558156,2026-09-24,-20.55,GBP,Co-op,CO OPERATIVE FOOD,Co-op CO OPERATIVE FOOD,CONTACTLESS,42426.66,,REPAIRS_AND_MAINTENANCE,,REPAIRS_AND_MAINTENANCE,Co-op CO OPERATIVE FOOD Co-op CO OPERATIVE FOOD CONTACTLESS,,,0,,PersonalExpense,COOP,,0.99,cat_propertyexpense_19,strong,0,rule
2026-09-25,89e5191f46659778ffe3cd624b63db6ecabceb3da8981e05ba9f528026e2dd71,SEP2026_BC_6045_SEP2026.csv_24,SEP2026,barclays,20-74-09 60458872,2026-09-25,-13.49,GBP,,,AMAZON* NU2EP5KF4     ON 25 SEP BCC,,,0,,Card Purchase,Card Purchase,AMAZON* NU2EP5KF4     ON 25 SEP BCC,,,0,,PersonalExpense,Amazon,,0.99,cat_personalexpense_30,strong,0,rule
2026-09-25,be54bee8f86efe7e450da22175993de98d27bf24f1322020432ba023c0294092,SEP2026_BC_4040_SEP2026.csv_17,SEP2026,barclays,20-74-09 40406538,2026-09-25,-15.0,GBP,,,ALESSIO VALENTINO-    FROM MUMMY FT,,,0,,Funds Transfer,Funds Transfer,ALESSIO VALENTINO-    FROM MUMMY FT,,,0,,PersonalExpense,Alessio,,0.99,override_7,strong,0,rule
2026-09-25,2b443f0606b989ceb3c9dd4829881379e476accb4e346fb6339d3b7325c6f994,SEP2026_StarlingStatement_2026-09.csv_138,SEP2026,starling,60-83-71 00558156,2026-09-25,695.0,GBP,Tap,000000004007284257,Tap 000000004007284257,DIRECT CREDIT,43121.66,,REVENUE,,REVENUE,Tap 000000004007284257 Tap 000000004007284257 DIRECT CREDIT,,,0,,OtherIncome,,,0.65,cat_otherincome_34,catch_all,1,rule
2026-09-25,fcf56de6ae36dc8081750fa072e09da41f7c882fbd97296ec83669b85a0da0e8,SEP2026_StarlingStatement_2026-09.csv_139,SEP2026,starling,60-83-71 00558156,2026-09-25,900.0,GBP,D McGowan,1846,D McGowan 1846,FASTER PAYMENT,44021.66,,REVENUE,,REVENUE,D McGowan 1846 D McGowan 1846 FASTER PAYMENT,,,0,F1846ALH,OurRent,,,0.99,prop_rent_F1846ALH_91,strong,0,rule
2026-09-25,3d063b008a03916f7d166a3b1a2e11b9285ea717845d1b1709e75a3e9f71ba4d,SEP2026_StarlingStatement_2026-09.csv_140,SEP2026,starling,60-83-71 00558156,2026-09-25,452.0,GBP,CHARTERS ESTATE AGENTS LIMITED,Shop 196 Kingston,CHARTERS ESTATE AGENTS LIMITED Shop 196 Kingston,FASTER PAYMENT,44473.66,,REVENUE,,REVENUE,CHARTERS ESTATE AGENTS LIMITED Shop 196 Kingston CHARTERS ESTATE AGENTS LIMITED Shop 196 Kingston FASTER PAYMENT,,,0,SHOP196KIN,OurRent,,,0.99,prop_rent_SHOP196KIN_85,strong,0,rule
2026-09-25,107113cdc550d1d2c354205c3dae2feb38d8eba96f04f2df0a8277f654890e2a,SEP2026_StarlingStatement_2026-09.csv_141,SEP2026,starling,60-83-71 00558156,2026-09-25,-38.9,GBP,Tesco,TESCO STORES 2105,Tesco TESCO STORES 2105,CONTACTLESS,44434.76,,FOOD_AND_DRINK,,FOOD_AND_DRINK,Tesco TESCO STORES 2105 Tesco TESCO STORES 2105 CONTACTLESS,,,0,,PersonalExpense,Tesco,,0.99,override_9,strong,0,rule
2026-09-25,fc77f3e6a93f9bf458643639460010bc9313e2c9fc6ca39e8a82f76fa2e32c43,SEP2026_StarlingStatement_2026-09.csv_142,SEP2026,starling,60-83-71 00558156,2026-09-25,-4.13,GBP,Budgens,BUDGENS,Budgens BUDGENS,CONTACTLESS,44430.63,,FOOD_AND_DRINK,,FOOD_AND_DRINK,Budgens BUDGENS Budgens BUDGENS CONTACTLESS,,,0,,PersonalExpense,Budgens,,0.99,override_35,strong,0,rule
2026-09-25,3f75f73be9b36a54c025117d07967c25060303bd1976090a411b73c57d3cdeed,SEP2026_StarlingStatement_2026-09.csv_143,SEP2026,starling,60-83-71 00558156,2026-09-25,-6.95,GBP,Co-op,CO OPERATIVE FOOD,Co-op CO OPERATIVE FOOD,CONTACTLESS,44423.68,,REPAIRS_AND_MAINTENANCE,,REPAIRS_AND_MAINTENANCE,Co-op CO OPERATIVE FOOD Co-op CO OPERATIVE FOOD CONTACTLESS,,,0,,PersonalExpense,COOP,,0.99,cat_propertyexpense_19,strong,0,rule
2026-09-25,480e6ddc82c68a96b7980f7b354bc6fffb2eab7a81fb6c974a7352ed88265eeb,SEP2026_StarlingStatement_2026-09.csv_144,SEP2026,starling,60-83-71 00558156,2026-09-25,695.0,GBP,ENGLAND A,RENT PAYMENT,ENGLAND A RENT PAYMENT,FASTER PAYMENT,45118.68,,REVENUE,,REVENUE,ENGLAND A RENT PAYMENT ENGLAND A RENT PAYMENT FASTER PAYMENT,,,0,,OtherIncome,,,0.65,cat_otherincome_34,catch_all,1,rule
2026-09-25,1b710d7e632759e28a44a32f9a78bb47739da7b686a82b2bd74a6cbb96584f78,SEP2026_StarlingStatement_2026-09.csv_145,SEP2026,starling,60-83-71 00558156,2026-09-25,825.0,GBP,F Kubra,41214,F Kubra 41214,FASTER PAYMENT,45943.68,,REVENUE,,REVENUE,F Kubra 41214 F Kubra 41214 FASTER PAYMENT,,,0,F41214ALH,OurRent,,,0.99,prop_rent_F41214ALH_66,strong,0,rule
2026-09-26,31ef61280ab125a6b1ed9de8e84dd848b8588b810a3fdc5ae85555c1bc6a10b0,SEP2026_StarlingStatement_2026-09.csv_146,SEP2026,starling,60-83-71 00558156,2026-09-26,-158.36,GBP,TK Maxx,TKMAXX_UK,TK Maxx TKMAXX_UK,CHIP & PIN,45785.32,,OTHER,,OTHER,TK Maxx TKMAXX_UK TK Maxx TKMAXX_UK CHIP & PIN,,,0,,PersonalExpense,Clothing,,0.99,override_25,strong,0,rule
2026-09-26,d77c1cf23e0714e0648ee372d81797063c9deb682920cc7182c4df0635e2f904,SEP2026_StarlingStatement_2026-09.csv_147,SEP2026,starling,60-83-71 00558156,2026-09-26,-91.75,GBP,Dunelm,Dunelm F0550,Dunelm Dunelm F0550,CONTACTLESS,45693.57,,REPAIRS_AND_MAINTENANCE,,REPAIRS_AND_MAINTENANCE,Dunelm Dunelm F0550 Dunelm Dunelm F0550 CONTACTLESS,,,0,,PropertyExpense,,,0.99,cat_propertyexpense_19,strong,1,rule
2026-09-26,51f653c903e793d1ba664c19b52173362c171027a4c67cb62e23f99f28ac8e39,SEP2026_StarlingStatement_2026-09.csv_148,SEP2026,starling,60-83-71 00558156,2026-09-26,-33.75,GBP,Matalan,MATALAN STORE 331,Matalan MATALAN STORE 331,CONTACTLESS,45659.82,,OTHER,,OTHER,Matalan MATALAN STORE 331 Matalan MATALAN STORE 331 CONTACTLESS,,,0,,OtherExpense,,,0.65,cat_otherexpense_35,catch_all,1,rule
2026-09-26,58866bfb141345fa11732e7fd352261f234e45d784e84d2c9b6d3631fbb44b48,SEP2026_StarlingStatement_2026-09.csv_149,SEP2026,starling,60-83-71 00558156,2026-09-26,-99.99,GBP,Screwfix,SCREWFIX DIR. LTD,Screwfix SCREWFIX DIR. LTD,CHIP & PIN,45559.83,,REPAIRS_AND_MAINTENANCE,,REPAIRS_AND_MAINTENANCE,Screwfix SCREWFIX DIR. LTD Screwfix SCREWFIX DIR. LTD CHIP & PIN,,,0,,PropertyExpense,,,0.99,cat_propertyexpense_19,strong,1,rule
2026-09-26,7cdc780aad663788d91567b1596ec090ae0993d702307710a6a783fee980ba1c,SEP2026_StarlingStatement_2026-09.csv_150,SEP2026,starling,60-83-71 00558156,2026-09-26,-4.57,GBP,Budgens,BUDGENS,Budgens BUDGENS,CONTACTLESS,45555.26,,FOOD_AND_DRINK,,FOOD_AND_DRINK,Budgens BUDGENS Budgens BUDGENS CONTACTLESS,,,0,,PersonalExpense,Budgens,,0.99,override_35,strong,0,rule
2026-09-26,3e88f9f4dcc9566ea9f18aeac24555e5dcc2b38f8876f398c0a6c130fff79e71,SEP2026_StarlingStatement_2026-09.csv_151,SEP2026,starling,60-83-71 00558156,2026-09-26,-9.92,GBP,Budgens,BUDGENS,Budgens BUDGENS,CONTACTLESS,45545.34,,FOOD_AND_DRINK,,FOOD_AND_DRINK,Budgens BUDGENS Budgens BUDGENS CONTACTLESS,,,0,,PersonalExpense,Budgens,,0.99,override_35,strong,0,rule
2026-09-26,edb70c454c6db20ddd6c87915c6c8e591149aa69a80c90454fbc6e5cb655a1d9,SEP2026_StarlingStatement_2026-09.csv_152,SEP2026,starling,60-83-71 00558156,2026-09-26,-35.2,GBP,Co-op,CO OPERATIVE FOOD,Co-op CO OPERATIVE FOOD,CONTACTLESS,45510.14,,REPAIRS_AND_MAINTENANCE,,REPAIRS_AND_MAINTENANCE,Co-op CO OPERATIVE FOOD Co-op CO OPERATIVE FOOD CONTACTLESS,,,0,,PersonalExpense,COOP,,0.99,cat_propertyexpense_19,strong,0,rule
2026-09-27,914f48bc5f58de549d89d1ab6b52b0ff6cfa5117c77d8725802cafe6a6004a60,SEP2026_StarlingStatement_2026-09.csv_153,SEP2026,starling,60-83-71 00558156,2026-09-27,-8.99,GBP,Amazon Prime,Amazon Prime*N43H79C64,Amazon Prime Amazon Prime*N43H79C64,CARD SUBSCRIPTION,45501.15,,ADMIN,,ADMIN,Amazon Prime Amazon Prime*N43H79C64 Amazon Prime Amazon Prime*N43H79C64 CARD SUBSCRIPTION,,,0,,PropertyExpense,,,0.99,cat_propertyexpense_10,strong,1,rule
2026-09-27,cb8434ac6998faef97a76ac161912ae36d547186215b631ab4e97d3ea13a8d0f,SEP2026_StarlingStatement_2026-09.csv_154,SEP2026,starling,60-83-71 00558156,2026-09-27,-114.43,GBP,New County Service Sta,NEW COUNTY SERVICE STA,New County Service Sta NEW COUNTY SERVICE STA,CHIP & PIN,45386.72,,VEHICLES,,VEHICLES,New County Service Sta NEW COUNTY SERVICE STA New County Service Sta NEW COUNTY SERVICE STA CHIP & PIN,,,0,,PersonalExpense,Garage,,0.99,override_5,strong,0,rule
2026-09-27,1adb4a90bd3714a04b3e48858c14410da948bf60314e89b0213059bb0c0ea858,SEP2026_StarlingStatement_2026-09.csv_155,SEP2026,starling,60-83-71 00558156,2026-09-27,-28.75,GBP,Co-op,CO OPERATIVE FOOD,Co-op CO OPERATIVE FOOD,CONTACTLESS,45357.97,,REPAIRS_AND_MAINTENANCE,,REPAIRS_AND_MAINTENANCE,Co-op CO OPERATIVE FOOD Co-op CO OPERATIVE FOOD CONTACTLESS,,,0,,PersonalExpense,COOP,,0.99,cat_propertyexpense_19,strong,0,rule
2026-09-27,02db00842c3abd1ae5cd413564bc389b6daf90d41508e72fe0812973879751c9,SEP2026_StarlingStatement_2026-09.csv_156,SEP2026,starling,60-83-71 00558156,2026-09-27,-5.55,GBP,Co-op,CO OPERATIVE FOOD,Co-op CO OPERATIVE FOOD,CONTACTLESS,45352.42,,REPAIRS_AND_MAINTENANCE,,REPAIRS_AND_MAINTENANCE,Co-op CO OPERATIVE FOOD Co-op CO OPERATIVE FOOD CONTACTLESS,,,0,,PersonalExpense,COOP,,0.99,cat_propertyexpense_19,strong,0,rule
2026-09-27,c584ee23f738146733082075fe9da0f94a34579b7e68e3ac90d4577ba0c928b8,SEP2026_StarlingStatement_2026-09.csv_157,SEP2026,starling,60-83-71 00558156,2026-09-27,-2.9,GBP,Co-op,CO OPERATIVE FOOD,Co-op CO OPERATIVE FOOD,CONTACTLESS,45349.52,,REPAIRS_AND_MAINTENANCE,,REPAIRS_AND_MAINTENANCE,Co-op CO OPERATIVE FOOD Co-op CO OPERATIVE FOOD CONTACTLESS,,,0,,PersonalExpense,COOP,,0.99,cat_propertyexpense_19,strong,0,rule
2026-09-27,5e83a6953e43eabae28a5ce9dfb5cf13c7ff3e38a577362402cdd684382fb458,SEP2026_StarlingStatement_2026-09.csv_158,SEP2026,starling,60-83-71 00558156,2026-09-27,-53.97,GBP,Marks & Spencer,MARKS&SPENCER PLC,Marks & Spencer MARKS&SPENCER PLC,CONTACTLESS,45295.55,,FOOD_AND_DRINK,,FOOD_AND_DRINK,Marks & Spencer MARKS&SPENCER PLC Marks & Spencer MARKS&SPENCER PLC CONTACTLESS,,,0,,PersonalExpense,M&S,,0.99,override_2,strong,0,rule
2026-09-27,123747d720621658e07b78de21b9af37537a9205c63cf045fff29b39bccd65ec,SEP2026_StarlingStatement_2026-09.csv_159,SEP2026,starling,60-83-71 00558156,2026-09-27,-11.0,GBP,Marks & Spencer,MARKS&SPENCER PLC,Marks & Spencer MARKS&SPENCER PLC,CONTACTLESS,45284.55,,FOOD_AND_DRINK,,FOOD_AND_DRINK,Marks & Spencer MARKS&SPENCER PLC Marks & Spencer MARKS&SPENCER PLC CONTACTLESS,,,0,,PersonalExpense,M&S,,0.99,override_2,strong,0,rule
2026-09-27,35d632978e2ff1070a96e119c3d0dad800cd71ac456cf905a690681e44ebfeed,SEP2026_StarlingStatement_2026-09.csv_160,SEP2026,starling,60-83-71 00558156,2026-09-27,-36.97,GBP,TK Maxx,TKMAXX_UK,TK Maxx TKMAXX_UK,CONTACTLESS,45247.58,,OTHER,,OTHER,TK Maxx TKMAXX_UK TK Maxx TKMAXX_UK CONTACTLESS,,,0,,PersonalExpense,Clothing,,0.99,override_25,strong,0,rule
2026-09-28,264c20d1194a218dfdb5340b9e1fdec438c30d5562cf6fbaded9278c67c77420,SEP2026_BC_6045_SEP2026.csv_25,SEP2026,barclays,20-74-09 60458872,2026-09-28,-47.29,GBP,,,AMAZON* N44UO8AN4     ON 28 SEP BCC,,,0,,Card Purchase,Card Purchase,AMAZON* N44UO8AN4     ON 28 SEP BCC,,,0,,PersonalExpense,Amazon,,0.99,cat_personalexpense_30,strong,0,rule
2026-09-28,fd164380de2706bbb5ff4111becafe3526884ccd5bb48c2ab65dc2628fccda76,SEP2026_BC_6045_SEP2026.csv_26,SEP2026,barclays,20-74-09 60458872,2026-09-28,-3.49,GBP,,,Prime Video Rent /    ON 27 SEP BCC,,,0,,Card Purchase,Card Purchase,Prime Video Rent /    ON 27 SEP BCC,,,0,,PersonalExpense,Other,,0.99,cat_personalexpense_30,strong,0,rule
2026-09-28,c8d6544450962488599eb6409eecae55a0984bf813af9cd8c27dba3dfd8f95fa,SEP2026_BC_3072_SEP2026.csv_52,SEP2026,barclays,20-53-97 30728691,2026-09-28,-50.0,GBP,,,BOOTS OPTICIANS       A45028400000736 DDR,,,760589,,Direct Debit,Direct Debit,BOOTS OPTICIANS       A45028400000736 DDR,,,0,,PersonalExpense,Pharmacy/Opticians/Dental,,0.99,cat_regularpayment_27,strong,0,rule
2026-09-28,c4616859238372b28c2e52a38c30ab3cfb07b36ed1957936289c380601190841,SEP2026_BC_3072_SEP2026.csv_53,SEP2026,barclays,20-53-97 30728691,2026-09-28,-29.72,GBP,,,H3G                   980404269602200105 DD,,,948449,,Direct Debit,Direct Debit,H3G                   980404269602200105 DD,,,0,,RegularPayment,,,0.99,cat_regularpayment_27,strong,0,rule
2026-09-28,4f9e2414069fe58cab24a8b8c2849c207ec3d7f7b22c4a09246b450f5c8d2b0e,SEP2026_BC_3072_SEP2026.csv_54,SEP2026,barclays,20-53-97 30728691,2026-09-28,-482.31,GBP,,,TOGETHER COMMERCIA    10279063 DDR,,,687470,,Direct Debit,Direct Debit,TOGETHER COMMERCIA    10279063 DDR,,,0,,RegularPayment,SFLoan,,0.99,cat_regularpayment_27,strong,0,rule
2026-09-28,ebcdbe93b48f58308801c8ae1306be2dd2990d529f49f19cabf5cd8814f86e81,SEP2026_BC_4040_SEP2026.csv_18,SEP2026,barclays,20-74-09 40406538,2026-09-28,-10.0,GBP,,,ALESSIO VALENTINO-    FROM MUMMY FT,,,0,,Funds Transfer,Funds Transfer,ALESSIO VALENTINO-    FROM MUMMY FT,,,0,,PersonalExpense,Alessio,,0.99,override_7,strong,0,rule
2026-09-28,b4b9020df006e175d327412db39cbc1e4d590ee6c45550d47e5f99cef58f4e5b,SEP2026_StarlingStatement_2026-09.csv_161,SEP2026,starling,60-83-71 00558156,2026-09-28,850.0,GBP,Matthew  Watts,196A KINGSTON ROAD,Matthew  Watts 196A KINGSTON ROAD,FASTER PAYMENT,46097.58,,REVENUE,,REVENUE,Matthew  Watts 196A KINGSTON ROAD Matthew  Watts 196A KINGSTON ROAD FASTER PAYMENT,,,0,196AKIN,OurRent,,,0.99,prop_rent_196AKIN_86,strong,0,rule
2026-09-28,64324d1298e4f8a18f54137530535e4ad653b5628bef56ad88e0a84f26cbe5b2,SEP2026_StarlingStatement_2026-09.csv_162,SEP2026,starling,60-83-71 00558156,2026-09-28,-30.97,GBP,Universal Discount,UNIVERSAL DISCOUNT,Universal Discount UNIVERSAL DISCOUNT,CONTACTLESS,46066.61,,OTHER,,OTHER,Universal Discount UNIVERSAL DISCOUNT Universal Discount UNIVERSAL DISCOUNT CONTACTLESS,,,0,,OtherExpense,,,0.65,cat_otherexpense_35,catch_all,1,rule
2026-09-28,f3ceea60795c679793cb3135c62a810118b57314b29cee8f7094a06da5c5dbcd,SEP2026_StarlingStatement_2026-09.csv_163,SEP2026,starling,60-83-71 00558156,2026-09-28,-62.46,GBP,Tesco,TESCO STORES 6913,Tesco TESCO STORES 6913,CONTACTLESS,46004.15,,FOOD_AND_DRINK,,FOOD_AND_DRINK,Tesco TESCO STORES 6913 Tesco TESCO STORES 6913 CONTACTLESS,,,0,,PersonalExpense,Tesco,,0.99,override_9,strong,0,rule
2026-09-28,a6a55ff9b77c6672b6df503597673848b843c11291b20f5725e736f197113228,SEP2026_StarlingStatement_2026-09.csv_164,SEP2026,starling,60-83-71 00558156,2026-09-28,980.0,GBP,CABRI D,RENT + UTILITIES,CABRI D RENT + UTILITIES,FASTER PAYMENT,46984.15,,REVENUE,,REVENUE,CABRI D RENT + UTILITIES CABRI D RENT + UTILITIES FASTER PAYMENT,,,0,,OtherIncome,,,0.65,cat_otherincome_34,catch_all,1,rule
2026-09-28,cbed588a621972ffc2fc93249eb63dc8242c3b6aee414aae52bb4ffc744d8fed,SEP2026_StarlingStatement_2026-09.csv_165,SEP2026,starling,60-83-71 00558156,2026-09-28,875.0,GBP,Dono Kuriakose,11 16-18- rent,Dono Kuriakose 11 16-18- rent,FASTER PAYMENT,47859.15,,REVENUE,,REVENUE,Dono Kuriakose 11 16-18- rent Dono Kuriakose 11 16-18- rent FASTER PAYMENT,,,0,F111618ALH,OurRent,,,0.99,prop_rent_F111618ALH_109,strong,0,rule
2026-09-28,c96e785545bab8183e7e5feec9f7059264b93ecd81a5d0f82b35e529d8b59998,SEP2026_StarlingStatement_2026-09.csv_166,SEP2026,starling,60-83-71 00558156,2026-09-28,-8.48,GBP,Peter Taperek,3163 fra rep,Peter Taperek 3163 fra rep,FASTER PAYMENT,47850.67,,REPAIRS_AND_MAINTENANCE,,REPAIRS_AND_MAINTENANCE,Peter Taperek 3163 fra rep Peter Taperek 3163 fra rep FASTER PAYMENT,,,0,F3163FRA,PropertyExpense,,,0.99,prop_rent_F3163FRA_83,strong,0,rule
2026-09-29,a622174ce0049af716b94560e0beb3c46c7b8147a0fd948c1fade3e39dbbea71,SEP2026_BC_3072_SEP2026.csv_55,SEP2026,barclays,20-53-97 30728691,2026-09-29,-304.08,GBP,,,BHAM MIDSHIRES        6092036837070000 DDR,,,184800,,Direct Debit,Direct Debit,BHAM MIDSHIRES        6092036837070000 DDR,,,0,F4163FRA,Mortgage,,,0.99,prop_mort_F4163FRA_20,strong,0,rule
2026-09-29,d40bbf75b0fc83460f898c6ca7adf4b4c91d0bc0d3656240653d71a63ad18779,SEP2026_BC_3072_SEP2026.csv_56,SEP2026,barclays,20-53-97 30728691,2026-09-29,1682.08,GBP,,,Rsa Capital Limite    mortgages BGC,,,0,,Counter Credit,Counter Credit,Rsa Capital Limite    mortgages BGC,,,0,,Interbank,,,0.99,override_40,strong,0,rule
2026-09-29,2dedfa199f3f4fc23bb6ede8a74500985b450c82b3f1cd2ab9df64109b4b8ea1,SEP2026_StarlingStatement_2026-09.csv_167,SEP2026,starling,60-83-71 00558156,2026-09-29,-1.99,GBP,Microsoft,MICROSOFT*MICROSOFT 36,Microsoft MICROSOFT*MICROSOFT 36,CARD SUBSCRIPTION,47848.68,,PHONE_AND_INTERNET,,PHONE_AND_INTERNET,Microsoft MICROSOFT*MICROSOFT 36 Microsoft MICROSOFT*MICROSOFT 36 CARD SUBSCRIPTION,,,0,,OtherExpense,,,0.65,cat_otherexpense_35,catch_all,1,rule
2026-09-29,3c520891166702d2e3f9281a6c9c1dd7539c7d406ced231b0260f8282fd7df6a,SEP2026_StarlingStatement_2026-09.csv_168,SEP2026,starling,60-83-71 00558156,2026-09-29,-18.5,GBP,Co-op,CO OPERATIVE FOOD,Co-op CO OPERATIVE FOOD,CONTACTLESS,47830.18,,REPAIRS_AND_MAINTENANCE,,REPAIRS_AND_MAINTENANCE,Co-op CO OPERATIVE FOOD Co-op CO OPERATIVE FOOD CONTACTLESS,,,0,,PersonalExpense,COOP,,0.99,cat_propertyexpense_19,strong,0,rule
2026-09-29,7f0ba38306a23d5a51bc267edd178fb0f77aeb890f3ee23db99033ca3de280ab,SEP2026_StarlingStatement_2026-09.csv_169,SEP2026,starling,60-83-71 00558156,2026-09-29,-72.55,GBP,Marks & Spencer,MARKS&SPENCER PLC,Marks & Spencer MARKS&SPENCER PLC,CHIP & PIN,47757.63,,FOOD_AND_DRINK,,FOOD_AND_DRINK,Marks & Spencer MARKS&SPENCER PLC Marks & Spencer MARKS&SPENCER PLC CHIP & PIN,,,0,,PersonalExpense,M&S,,0.99,override_2,strong,0,rule
2026-09-29,f8258861f77352e4fb96ea458ca9fe372e8d6fde8e67bd5d6107ad86a79f71da,SEP2026_StarlingStatement_2026-09.csv_170,SEP2026,starling,60-83-71 00558156,2026-09-29,1153.0,GBP,S Saha,"Security, flat-19","S Saha Security, flat-19 tds deposit flat 19 46 saha and sneha",FASTER PAYMENT,48910.63,,REVENUE,,REVENUE,"S Saha Security, flat-19 S Saha Security, flat-19 tds deposit flat 19 46 saha and sneha FASTER PAYMENT",,,0,F1946ALH,Deposit,,,0.99,prop_rent_F1946ALH_92,strong,0,rule
2026-09-29,54fe167d2f57ef97e4df5d6413d985557093e8aea3e9fe863649b7c51fd187dd,SEP2026_StarlingStatement_2026-09.csv_171,SEP2026,starling,60-83-71 00558156,2026-09-29,-1682.08,GBP,Ivana Valentino 3072,mortgages,Ivana Valentino 3072 mortgages,FASTER PAYMENT,47228.55,,INTEREST_PAYMENTS,,INTEREST_PAYMENTS,Ivana Valentino 3072 mortgages Ivana Valentino 3072 mortgages FASTER PAYMENT,,,0,,MortgageRefund,Ivana,,0.99,cat_mortgagerefund_15,strong,0,rule
2026-09-29,395787d8251238c4e508a971e63384473d2ef52f51f03e3edac7f6ff55eba779,SEP2026_StarlingStatement_2026-09.csv_172,SEP2026,starling,60-83-71 00558156,2026-09-29,850.0,GBP,Elsie Hirst,FLAT 16 RENT,Elsie Hirst FLAT 16 RENT,FASTER PAYMENT,48078.55,,REVENUE,,REVENUE,Elsie Hirst FLAT 16 RENT Elsie Hirst FLAT 16 RENT FASTER PAYMENT,,,0,,OtherIncome,,,0.65,cat_otherincome_34,catch_all,1,rule
2026-09-30,b97730bbc8e7006494f81fc50af5a7c7c0dff77bcc0c9d8c61ef5f2a75a21f67,SEP2026_BC_6045_SEP2026.csv_27,SEP2026,barclays,20-74-09 60458872,2026-09-30,-50.0,GBP,,,SOFIA                 DAD IS THE BEST FT,,,0,,Funds Transfer,Funds Transfer,SOFIA                 DAD IS THE BEST FT,,,0,,PersonalExpense,Sofia,,0.99,override_8,strong,0,rule
2026-09-30,17108acf28b9f46ffab41933b960e366f9f3258ee7d835332cafd19ed78104f1,SEP2026_BC_3072_SEP2026.csv_57,SEP2026,barclays,20-53-97 30728691,2026-09-30,-456.37,GBP,,,MORTGAGE TRUST        002197389 10134220 DD,,,624461,,Direct Debit,Direct Debit,MORTGAGE TRUST        002197389 10134220 DD,,,0,F71214ALH,Mortgage,,,0.99,prop_mort_F71214ALH_45,strong,0,rule
2026-09-30,78643578fdf2d8bd2e19b9bb1a26c19532a8789429e71d2edca3863b05f7906c,SEP2026_BC_3072_SEP2026.csv_58,SEP2026,barclays,20-53-97 30728691,2026-09-30,-443.93,GBP,,,PARAGON BANK PLC      002186317 10134220 DD,,,295404,,Direct Debit,Direct Debit,PARAGON BANK PLC      002186317 10134220 DD,,,0,F58ALH,Mortgage,,,0.99,prop_mort_F58ALH_29,strong,0,rule
2026-09-30,1b494c1e77b3fbcda9c61c0596880b0a8a0778687616911e977dedc116b1a62e,SEP2026_BC_3072_SEP2026.csv_59,SEP2026,barclays,20-53-97 30728691,2026-09-30,-443.93,GBP,,,PARAGON BANK PLC      002186356 10134220 DD,,,295404,,Direct Debit,Direct Debit,PARAGON BANK PLC      002186356 10134220 DD,,,0,F1846ALH,Mortgage,,,0.99,prop_mort_F1846ALH_35,strong,0,rule
2026-09-30,23356fa2efe7023fd6538d8ebcbd867c87d67b4b12f869ebd0691226f06196c0,SEP2026_BC_3072_SEP2026.csv_60,SEP2026,barclays,20-53-97 30728691,2026-09-30,-443.93,GBP,,,PARAGON BANK PLC      002186357 10134220 DD,,,295404,,Direct Debit,Direct Debit,PARAGON BANK PLC      002186357 10134220 DD,,,0,F1746ALH,Mortgage,,,0.99,prop_mort_F1746ALH_34,strong,0,rule
2026-09-30,ba59337da1a5184e54d0c3a004cb2a69d1f5fc45783f4ebf336dc5880b26434d,SEP2026_BC_3072_SEP2026.csv_61,SEP2026,barclays,20-53-97 30728691,2026-09-30,1788.16,GBP,,,Rsa Capital Limite    mortgages BGC,,,0,,Counter Credit,Counter Credit,Rsa Capital Limite    mortgages BGC,,,0,,Interbank,,,0.99,override_40,strong,0,rule
2026-09-30,28aa072efac376ef7e2d62d1d3851e98055f0d38c86b2d0fe146162df37e4a16,SEP2026_StarlingStatement_2026-09.csv_173,SEP2026,starling,60-83-71 00558156,2026-09-30,800.0,GBP,ALDINGTON H,FLAT 4 321LONDONRD,ALDINGTON H FLAT 4 321LONDONRD,FASTER PAYMENT,48878.55,,REVENUE,,REVENUE,ALDINGTON H FLAT 4 321LONDONRD ALDINGTON H FLAT 4 321LONDONRD FASTER PAYMENT,,,0,F4321LON,OurRent,,,0.99,prop_rent_F4321LON_74,strong,0,rule
2026-09-30,01ce9ac3a236e2e6bb265915bc877d4f0ce9d0ef9d1f0a708d21fddfcd0183e9,SEP2026_StarlingStatement_2026-09.csv_174,SEP2026,starling,60-83-71 00558156,2026-09-30,-13.4,GBP,Co-op,CO OPERATIVE FOOD,Co-op CO OPERATIVE FOOD,CONTACTLESS,48865.15,,REPAIRS_AND_MAINTENANCE,,REPAIRS_AND_MAINTENANCE,Co-op CO OPERATIVE FOOD Co-op CO OPERATIVE FOOD CONTACTLESS,,,0,,PersonalExpense,COOP,,0.99,cat_propertyexpense_19,strong,0,rule
2026-09-30,b41dc11eeb6f1a9522042d1656e20674f0584cc446b1de9936fe867ffac28b2a,SEP2026_StarlingStatement_2026-09.csv_175,SEP2026,starling,60-83-71 00558156,2026-09-30,-20.15,GBP,Peter Taperek,3163 rep,Peter Taperek 3163 rep,FASTER PAYMENT,48845.0,,REPAIRS_AND_MAINTENANCE,,REPAIRS_AND_MAINTENANCE,Peter Taperek 3163 rep Peter Taperek 3163 rep FASTER PAYMENT,,,0,F3163FRA,PropertyExpense,,,0.99,prop_rent_F3163FRA_83,strong,0,rule
2026-09-30,b642124a5290463cfd5bc96fb5633a2e99f7e8d5ce705c7cb50b9da14f8d7184,SEP2026_StarlingStatement_2026-09.csv_176,SEP2026,starling,60-83-71 00558156,2026-09-30,-33.6,GBP,Marks & Spencer,MARKS&SPENCER PLC,Marks & Spencer MARKS&SPENCER PLC,CONTACTLESS,48811.4,,FOOD_AND_DRINK,,FOOD_AND_DRINK,Marks & Spencer MARKS&SPENCER PLC Marks & Spencer MARKS&SPENCER PLC CONTACTLESS,,,0,,PersonalExpense,M&S,,0.99,override_2,strong,0,rule
2026-09-30,dcb3ae883b39044c4f65f969141b21f44fd97b74084bdc3aa28c6107d59f99dd,SEP2026_StarlingStatement_2026-09.csv_177,SEP2026,starling,60-83-71 00558156,2026-09-30,-22.49,GBP,Peter Taperek,3163 frat,Peter Taperek 3163 frat,FASTER PAYMENT,48788.91,,REPAIRS_AND_MAINTENANCE,,REPAIRS_AND_MAINTENANCE,Peter Taperek 3163 frat Peter Taperek 3163 frat FASTER PAYMENT,,,0,F3163FRA,PropertyExpense,,,0.99,prop_rent_F3163FRA_83,strong,0,rule
2026-09-30,78246fab7d4f697cdee88b9113a22000d59d6eba7ef0ed8728d16f3f2607fba0,SEP2026_StarlingStatement_2026-09.csv_178,SEP2026,starling,60-83-71 00558156,2026-09-30,-1788.16,GBP,Ivana Valentino 3072,mortgages,Ivana Valentino 3072 mortgages,FASTER PAYMENT,47000.75,,INTEREST_PAYMENTS,,INTEREST_PAYMENTS,Ivana Valentino 3072 mortgages Ivana Valentino 3072 mortgages FASTER PAYMENT,,,0,,MortgageRefund,Ivana,,0.99,cat_mortgagerefund_15,strong,0,rule
2026-09-30,dce9480dab80b0cf523fba5ffe13d18b30a0cff4ae0da28f8e7f6a1ab553b803,SEP2026_StarlingStatement_2026-09.csv_179,SEP2026,starling,60-83-71 00558156,2026-09-30,950.0,GBP,K Thu,KAUNG THU FLAT 13,K Thu KAUNG THU FLAT 13,FASTER PAYMENT,47950.75,,REVENUE,,REVENUE,K Thu KAUNG THU FLAT 13 K Thu KAUNG THU FLAT 13 FASTER PAYMENT,,,0,F131618ALH,OurRent,,,0.99,prop_rent_F131618ALH_111,strong,0,rule
2026-09-30,0089e9348d38850761c2dc9ecd69b41c4ec3fb664dbd13878a579b1cadcecd94,SEP2026_StarlingStatement_2026-09.csv_180,SEP2026,starling,60-83-71 00558156,2026-09-30,-108.0,GBP,A Beck Plumbing & Heating LTD,29364 31618 gs,A Beck Plumbing & Heating LTD 29364 31618 gs,FASTER PAYMENT,47842.75,,REPAIRS_AND_MAINTENANCE,,REPAIRS_AND_MAINTENANCE,A Beck Plumbing & Heating LTD 29364 31618 gs A Beck Plumbing & Heating LTD 29364 31618 gs FASTER PAYMENT,,,0,,PropertyExpense,,,0.99,cat_propertyexpense_19,strong,1,rule
