Date,tx_id,raw_row_id,import_batch_id,source_bank,source_account,posted_date,amount,currency,counterparty,reference,memo,type,balance,bank_txn_number,bank_category,bank_subcategory,effective_subcategory,match_text,description_x,parent_tx_id,is_superseded,property_code,category,subcategory,description_y,confidence,rule_id,rule_strength,needs_review,source
2026-06-01,5626cca41425b989727fac8d8a3ac06f59591942426edf5884beed0f0ee3226d,JUN2026_BC_6045_JUN2026.csv_1,JUN2026,barclays,20-74-09 60458872,2026-06-01,-2884.62,GBP,,,THE HARPUR TRUST D    BVAL000 DDR,,,765055,,Direct Debit,Direct Debit,THE HARPUR TRUST D    BVAL000 DDR,,,0,,SchoolFee,,,0.99,cat_schoolfee_20,strong,0,rule
2026-06-01,cdd358e5e8fb4cdecb9be0b4d1875c37ea9a8c19e4cb9d50aa4549c4ae971e07,JUN2026_BC_6045_JUN2026.csv_2,JUN2026,barclays,20-74-09 60458872,2026-06-01,-119.48,GBP,,,PIC RE ARGOS PET      PETAG934657920001 DDR,,,451019,,Direct Debit,Direct Debit,PIC RE ARGOS PET      PETAG934657920001 DDR,,,0,,RegularPayment,,,0.99,cat_regularpayment_27,strong,0,rule
2026-06-01,7c68a9f147cd1c679da20a49498b4ddf58977e6d52dd8e12689d106b281149ae,JUN2026_BC_6045_JUN2026.csv_3,JUN2026,barclays,20-74-09 60458872,2026-06-01,-50.78,GBP,,,EE LIMITED            Q13077400727262229 DD,,,941284,,Direct Debit,Direct Debit,EE LIMITED            Q13077400727262229 DD,,,0,,RegularPayment,,,0.99,cat_regularpayment_27,strong,0,rule
2026-06-01,8c052dfc156cb1a95832a916d15225a34e84043a1a79a22661242798c60db8ac,JUN2026_BC_6045_JUN2026.csv_4,JUN2026,barclays,20-74-09 60458872,2026-06-01,-50.0,GBP,,,NATIONWIDE            0604/229172770 STO,,,0,,Standing Order,Standing Order,NATIONWIDE            0604/229172770 STO,,,0,,RegularPayment,,,0.99,cat_regularpayment_25,strong,0,rule
2026-06-01,a7594ac27e9b790fa3e3060ba4428fff05576d519ef12a1e0ba446a325f1d4d5,JUN2026_BC_3072_JUN2026.csv_1,JUN2026,barclays,20-53-97 30728691,2026-06-01,3045.42,GBP,,,Rsa Capital Limite    mortgages BGC,,,0,,Counter Credit,Counter Credit,Rsa Capital Limite    mortgages BGC,,,0,,Interbank,,,0.99,override_40,strong,0,rule
2026-06-01,71de92951328c1d0fbd30ecafbb870930abf735c9b59bd134b6803a2e52725e5,JUN2026_BC_3072_JUN2026.csv_2,JUN2026,barclays,20-53-97 30728691,2026-06-01,-457.65,GBP,,,TOPAZ FIN JASPER      PRU00010/190859005 DD,,,169547,,Direct Debit,Direct Debit,TOPAZ FIN JASPER      PRU00010/190859005 DD,,,0,F31618ALH,Mortgage,,,0.99,prop_mort_F31618ALH_51,strong,0,rule
2026-06-01,8ee2a15caa222d223363c8f0053d3e5a0834049c77381a8148753f035fbc0817,JUN2026_BC_3072_JUN2026.csv_3,JUN2026,barclays,20-53-97 30728691,2026-06-01,-469.79,GBP,,,TOPAZ RE ROSINCA      ROW20004/560476808 DD,,,169548,,Direct Debit,Direct Debit,TOPAZ RE ROSINCA      ROW20004/560476808 DD,,,0,F61618ALH,Mortgage,,,0.99,prop_mort_F61618ALH_61,strong,0,rule
2026-06-01,f753631fd91f6eb35aa53d1f4d262f396e07da7d1cea59d2c3dcd43a1b51bd3a,JUN2026_BC_3072_JUN2026.csv_4,JUN2026,barclays,20-53-97 30728691,2026-06-01,-509.79,GBP,,,TOPAZ RE ROSINCA      ROW20004/560471701 DD,,,169548,,Direct Debit,Direct Debit,TOPAZ RE ROSINCA      ROW20004/560471701 DD,,,0,F2046ALH,Mortgage,,,0.99,prop_mort_F2046ALH_59,strong,0,rule
2026-06-01,42e9bd0c9d8d192b27cd05bc80d179ad33b5c45dcaeba574833fc326524b224d,JUN2026_BC_3072_JUN2026.csv_5,JUN2026,barclays,20-53-97 30728691,2026-06-01,-887.02,GBP,,,HESSONITE MORTGAGE    TND00001/631516204 DD,,,573997,,Direct Debit,Direct Debit,HESSONITE MORTGAGE    TND00001/631516204 DD,,,0,23CHAM,Mortgage,,,0.99,prop_mort_23CHAM_28,strong,0,rule
2026-06-01,9c80f1a1bf2bd532c37f0a80be65507b5925f1a883420e1c3aead5e16ff26279,JUN2026_BC_3072_JUN2026.csv_6,JUN2026,barclays,20-53-97 30728691,2026-06-01,-314.84,GBP,,,JASPER MORTGAGES      JAC00002/390255001 DD,,,457918,,Direct Debit,Direct Debit,JASPER MORTGAGES      JAC00002/390255001 DD,,,0,F3321LON,Mortgage,,,0.99,prop_mort_F3321LON_6,strong,0,rule
2026-06-01,2bf47754d1c0170327f9135c802e5cb66bde01155bb7e028e3b2bf4386ca38a6,JUN2026_BC_3072_JUN2026.csv_7,JUN2026,barclays,20-53-97 30728691,2026-06-01,-313.0,GBP,,,JASPER MORTGAGES      JAC00002/390255110 DD,,,457918,,Direct Debit,Direct Debit,JASPER MORTGAGES      JAC00002/390255110 DD,,,0,F2169FAW,Mortgage,,,0.99,prop_mort_F2169FAW_9,strong,0,rule
2026-06-01,9790417d6899ed313bea68b340a324b4854637901636f490f803b11e7768c022,JUN2026_BC_3072_JUN2026.csv_8,JUN2026,barclays,20-53-97 30728691,2026-06-01,-620.94,GBP,,,TOPAZ RE SIBERITE     SIB00001/480016104 DD,,,177794,,Direct Debit,Direct Debit,TOPAZ RE SIBERITE     SIB00001/480016104 DD,,,0,F2146ALH,Mortgage,,,0.99,prop_mort_F2146ALH_38,strong,0,rule
2026-06-01,050a6d644f750a8595b0acd0393c23999ecb14608d418ab9bc14ac0c370bb56f,JUN2026_BC_4040_JUN2026.csv_1,JUN2026,barclays,20-74-09 40406538,2026-06-01,-16.24,GBP,,,CO OPERATIVE FOOD     ON 30 MAY CLP,,,0,,Contactless Card Purchase,Contactless Card Purchase,CO OPERATIVE FOOD     ON 30 MAY CLP,,,0,,PersonalExpense,COOP,,0.99,cat_personalexpense_30,strong,0,rule
2026-06-01,429297bfa2ecce1dff7bd821bdb915af88d31f7f01d46b92a8a9477b3e5998a4,JUN2026_StarlingStatement_2026-06.csv_1,JUN2026,starling,60-83-71 00558156,2026-06-01,-465.0,GBP,Alhambra Road,M Tucker SC,Alhambra Road M Tucker SC,FASTER PAYMENT,53715.79,,REPAIRS_AND_MAINTENANCE,,REPAIRS_AND_MAINTENANCE,Alhambra Road M Tucker SC Alhambra Road M Tucker SC FASTER PAYMENT,,,0,,ServiceCharge,,,0.99,cat_servicecharge_11,strong,0,rule
2026-06-01,b0b17e8bdef423f2fc03b3575337c049c103e7f94510dc93cfac42c121bcab43,JUN2026_StarlingStatement_2026-06.csv_2,JUN2026,starling,60-83-71 00558156,2026-06-01,-315.0,GBP,ALHHAMBRA ROAD,M Tucker SC,ALHHAMBRA ROAD M Tucker SC,FASTER PAYMENT,53400.79,,REPAIRS_AND_MAINTENANCE,,REPAIRS_AND_MAINTENANCE,ALHHAMBRA ROAD M Tucker SC ALHHAMBRA ROAD M Tucker SC FASTER PAYMENT,,,0,,ServiceCharge,,,0.99,cat_servicecharge_11,strong,0,rule
2026-06-01,ef388d0ac7be7ad86d1da498dd97f6ab980ab6a6807884778747d6e7536f15b5,JUN2026_StarlingStatement_2026-06.csv_3,JUN2026,starling,60-83-71 00558156,2026-06-01,-100.0,GBP,Lordswood Estates,M Tucker SC,Lordswood Estates M Tucker SC,FASTER PAYMENT,53300.79,,REPAIRS_AND_MAINTENANCE,,REPAIRS_AND_MAINTENANCE,Lordswood Estates M Tucker SC Lordswood Estates M Tucker SC FASTER PAYMENT,,,0,,ServiceCharge,,,0.99,cat_servicecharge_11,strong,0,rule
2026-06-01,39ea72811ebf05231853d64bc47ea9b28a48578bb3a483c36a00923af3434c4c,JUN2026_StarlingStatement_2026-06.csv_4,JUN2026,starling,60-83-71 00558156,2026-06-01,100.0,GBP,Lordswood Estates,M Tucker SC,Lordswood Estates M Tucker SC,FASTER PAYMENT,53400.79,,REVENUE,,REVENUE,Lordswood Estates M Tucker SC Lordswood Estates M Tucker SC FASTER PAYMENT,,,0,,ServiceCharge,,,0.99,cat_servicecharge_11,strong,0,rule
2026-06-01,14c4ee24940b6c37477a3bd2212670167fad43c89ac52646a1273197df2976bb,JUN2026_StarlingStatement_2026-06.csv_5,JUN2026,starling,60-83-71 00558156,2026-06-01,-320.0,GBP,Alhambra Road,M Tucker SC,Alhambra Road M Tucker SC,FASTER PAYMENT,53080.79,,REPAIRS_AND_MAINTENANCE,,REPAIRS_AND_MAINTENANCE,Alhambra Road M Tucker SC Alhambra Road M Tucker SC FASTER PAYMENT,,,0,,ServiceCharge,,,0.99,cat_servicecharge_11,strong,0,rule
2026-06-01,152b087d75b794dffef0619cefb2fec23fa3a40e9d971442bcf0b897a4db8bd0,JUN2026_StarlingStatement_2026-06.csv_6,JUN2026,starling,60-83-71 00558156,2026-06-01,980.0,GBP,Mr A J  FITZGERALD,FLAT 23 4-6 ALHAMB,Mr A J  FITZGERALD FLAT 23 4-6 ALHAMB,FASTER PAYMENT,54060.79,,REVENUE,,REVENUE,Mr A J  FITZGERALD FLAT 23 4-6 ALHAMB Mr A J  FITZGERALD FLAT 23 4-6 ALHAMB FASTER PAYMENT,,,0,F2346ALH,OurRent,,,0.99,prop_rent_F2346ALH_96,strong,0,rule
2026-06-01,7879d230f04c0ad1fd7708c81a8405e2ef4c3ce36a179f73e4f481f86cb0fda6,JUN2026_StarlingStatement_2026-06.csv_7,JUN2026,starling,60-83-71 00558156,2026-06-01,-104.14,GBP,Tesco Petrol,TESCO PAY AT PUMP 3822,Tesco Petrol TESCO PAY AT PUMP 3822,CHIP & PIN,53956.65,,VEHICLES,,VEHICLES,Tesco Petrol TESCO PAY AT PUMP 3822 Tesco Petrol TESCO PAY AT PUMP 3822 CHIP & PIN,,,0,,PersonalExpense,Garage,,0.99,override_9,strong,0,rule
2026-06-01,0cc27bf0f8863079c0fbc67c3d34e359467c3d99e5076ba786dc084009b7f6e7,JUN2026_StarlingStatement_2026-06.csv_8,JUN2026,starling,60-83-71 00558156,2026-06-01,775.0,GBP,Nicole  Byrne,FL7 ALHAMBRA RD,Nicole  Byrne FL7 ALHAMBRA RD,FASTER PAYMENT,54731.65,,REVENUE,,REVENUE,Nicole  Byrne FL7 ALHAMBRA RD Nicole  Byrne FL7 ALHAMBRA RD FASTER PAYMENT,,,0,F71618ALH,OurRent,,,0.99,prop_rent_F71618ALH_116,strong,0,rule
2026-06-01,1beb31ae884e97c59bbd86d97c5ba66911b15df624f8607f03d858cd0db99bf2,JUN2026_StarlingStatement_2026-06.csv_9,JUN2026,starling,60-83-71 00558156,2026-06-01,-53.42,GBP,Tesco,TESCO STORES 2547,Tesco TESCO STORES 2547,CONTACTLESS,54678.23,,FOOD_AND_DRINK,,FOOD_AND_DRINK,Tesco TESCO STORES 2547 Tesco TESCO STORES 2547 CONTACTLESS,,,0,,PersonalExpense,Tesco,,0.99,override_9,strong,0,rule
2026-06-01,2da116019654b54014990969223954c834749195f218db732c8f82bd1ebfed2d,JUN2026_StarlingStatement_2026-06.csv_10,JUN2026,starling,60-83-71 00558156,2026-06-01,-865.0,GBP,Tds.Gb,WWW.TDS.GB.COM,Tds.Gb WWW.TDS.GB.COM flat 1 1618 jijo and angle joy deposit,ONLINE PAYMENT,53813.23,,OTHER,,OTHER,Tds.Gb WWW.TDS.GB.COM Tds.Gb WWW.TDS.GB.COM flat 1 1618 jijo and angle joy deposit ONLINE PAYMENT,,,0,F11618ALH,Deposit,,,0.99,prop_rent_F11618ALH_113,strong,0,rule
2026-06-01,b22b8fdf91a441bfc75af03a043449fea052a7c2e40d4aca6db4dea69abfd9a7,JUN2026_StarlingStatement_2026-06.csv_11,JUN2026,starling,60-83-71 00558156,2026-06-01,825.0,GBP,Letisha Lowe,Latisha Rent,Letisha Lowe Latisha Rent,FASTER PAYMENT,54638.23,,REVENUE,,REVENUE,Letisha Lowe Latisha Rent Letisha Lowe Latisha Rent FASTER PAYMENT,,,0,,OtherIncome,,,0.65,cat_otherincome_34,catch_all,1,rule
2026-06-01,0ae55d6a916de8d134361ac90ea38cbf2e3b53af9c14d352ef0a0157e23f4273,JUN2026_StarlingStatement_2026-06.csv_12,JUN2026,starling,60-83-71 00558156,2026-06-01,-80.0,GBP,Rocco VALENTINO TUCKER,admin,Rocco VALENTINO TUCKER admin,FASTER PAYMENT,54558.23,,REPAIRS_AND_MAINTENANCE,,REPAIRS_AND_MAINTENANCE,Rocco VALENTINO TUCKER admin Rocco VALENTINO TUCKER admin FASTER PAYMENT,,,0,,PersonalExpense,Rocco,,0.99,cat_propertyexpense_19,strong,0,rule
2026-06-01,67ff50f19b93f30b8aaff5e7a1392dbdfa663755ca5bcbe512838231e3e53761,JUN2026_StarlingStatement_2026-06.csv_13,JUN2026,starling,60-83-71 00558156,2026-06-01,-22.5,GBP,No Limitz,No Limitz,No Limitz No Limitz,CONTACTLESS,54535.73,,EQUIPMENT,,EQUIPMENT,No Limitz No Limitz No Limitz No Limitz CONTACTLESS,,,0,,OtherExpense,,,0.65,cat_otherexpense_35,catch_all,1,rule
2026-06-01,feddd4862d65460891ea3535bb6d93828ea4b5ddd4225b1c4e2c91b6554931a4,JUN2026_StarlingStatement_2026-06.csv_14,JUN2026,starling,60-83-71 00558156,2026-06-01,-1.25,GBP,No Limitz,No Limitz,No Limitz No Limitz,CONTACTLESS,54534.48,,EQUIPMENT,,EQUIPMENT,No Limitz No Limitz No Limitz No Limitz CONTACTLESS,,,0,,OtherExpense,,,0.65,cat_otherexpense_35,catch_all,1,rule
2026-06-02,a2b01292a7eefe94f820f8326437b18dc1982d9a668fdd15f8365e52a5ff1574,JUN2026_BC_6045_JUN2026.csv_5,JUN2026,barclays,20-74-09 60458872,2026-06-02,-300.0,GBP,,,G & F VALENTINO       M TUCKER STO,,,0,,Standing Order,Standing Order,G & F VALENTINO       M TUCKER STO,,,0,,Hilltop,,,0.99,cat_hilltop_21,strong,0,rule
2026-06-02,6e89167b3e61f0b362ecd92086dd5c44c6e9ecbe748fe33482b3edb7f79482a5,JUN2026_BC_3072_JUN2026.csv_9,JUN2026,barclays,20-53-97 30728691,2026-06-02,-37.95,GBP,,,L&G INSURANCE MI      0114399215-260602 DDR,,,511148,,Direct Debit,Direct Debit,L&G INSURANCE MI      0114399215-260602 DDR,,,0,,RegularPayment,,,0.99,cat_regularpayment_27,strong,0,rule
2026-06-02,34d5d0d1597637743c29733f590092618dead31c2ac656ef1871335232ce7e22,JUN2026_BC_4040_JUN2026.csv_2,JUN2026,barclays,20-74-09 40406538,2026-06-02,-7.0,GBP,,,ALESSIO VALENTINO-    FROM MUMMY FT,,,0,,Funds Transfer,Funds Transfer,ALESSIO VALENTINO-    FROM MUMMY FT,,,0,,PersonalExpense,Alessio,,0.99,override_7,strong,0,rule
2026-06-02,a064da9bdbe51d5bbf426143db56b6f22284e7891ad1a58d97f30cde05bc6b88,JUN2026_StarlingStatement_2026-06.csv_15,JUN2026,starling,60-83-71 00558156,2026-06-02,950.0,GBP,K Thu,KAUNG THU FLAT 13,K Thu KAUNG THU FLAT 13,FASTER PAYMENT,55484.48,,REVENUE,,REVENUE,K Thu KAUNG THU FLAT 13 K Thu KAUNG THU FLAT 13 FASTER PAYMENT,,,0,F131618ALH,OurRent,,,0.99,prop_rent_F131618ALH_111,strong,0,rule
2026-06-02,847e36099e3ea7005819d6be6236a7e09665bd11a4caa897b2c2f4834253921f,JUN2026_StarlingStatement_2026-06.csv_16,JUN2026,starling,60-83-71 00558156,2026-06-02,-1.8,GBP,Harpur Centre Bedford,Harpur Centre Bedford,Harpur Centre Bedford Harpur Centre Bedford,CONTACTLESS,55482.68,,TRAVEL,,TRAVEL,Harpur Centre Bedford Harpur Centre Bedford Harpur Centre Bedford Harpur Centre Bedford CONTACTLESS,,,0,,OtherExpense,,,0.65,cat_otherexpense_35,catch_all,1,rule
2026-06-02,522272214e6d8e3c296274cd331e60331ecf80dacc825eee7e4e8e4a2fc56d7c,JUN2026_StarlingStatement_2026-06.csv_17,JUN2026,starling,60-83-71 00558156,2026-06-02,-4.54,GBP,Budgens,BUDGENS,Budgens BUDGENS,CONTACTLESS,55478.14,,FOOD_AND_DRINK,,FOOD_AND_DRINK,Budgens BUDGENS Budgens BUDGENS CONTACTLESS,,,0,,PersonalExpense,Budgens,,0.99,override_35,strong,0,rule
2026-06-02,3123503756190b78e40ea559a20e4967e9d321d099fbbddf2fe829377429aa61,JUN2026_StarlingStatement_2026-06.csv_18,JUN2026,starling,60-83-71 00558156,2026-06-02,-27.05,GBP,Marks & Spencer,MARKS&SPENCER PLC SACA,Marks & Spencer MARKS&SPENCER PLC SACA,CONTACTLESS,55451.09,,FOOD_AND_DRINK,,FOOD_AND_DRINK,Marks & Spencer MARKS&SPENCER PLC SACA Marks & Spencer MARKS&SPENCER PLC SACA CONTACTLESS,,,0,,PersonalExpense,M&S,,0.99,override_2,strong,0,rule
2026-06-02,7d5019225332fd6f22f80a1618c56080e29463f2afe06b380c8efc78a40545e6,JUN2026_StarlingStatement_2026-06.csv_19,JUN2026,starling,60-83-71 00558156,2026-06-02,775.0,GBP,Matt GRANIL,Flat 2 PO4 ODH,Matt GRANIL Flat 2 PO4 ODH,FASTER PAYMENT,56226.09,,REVENUE,,REVENUE,Matt GRANIL Flat 2 PO4 ODH Matt GRANIL Flat 2 PO4 ODH FASTER PAYMENT,,,0,F2169FAW,OurRent,,,0.99,prop_rent_F2169FAW_77,strong,0,rule
2026-06-03,407eb6d9c7a2c3afba066f00ae1cca95a5992682019e9229db270125285f31ff,JUN2026_BC_6045_JUN2026.csv_6,JUN2026,barclays,20-74-09 60458872,2026-06-03,3405.01,GBP,,,M Tucker              SF BGC,,,0,,Counter Credit,Counter Credit,M Tucker              SF BGC,,,0,,MTPayment,,,0.99,override_41,strong,0,rule
2026-06-03,f0aef60f3f8bcd923033107366796ff6221a7c946ae2b5f53c5bed2141f1a3fc,JUN2026_BC_3072_JUN2026.csv_10,JUN2026,barclays,20-53-97 30728691,2026-06-03,-562.52,GBP,,,TOPAZ FIN JASPER      PRU00010/191462710 DD,,,169547,,Direct Debit,Direct Debit,TOPAZ FIN JASPER      PRU00010/191462710 DD,,,0,F3171FAW,Mortgage,,,0.99,prop_mort_F3171FAW_16,strong,0,rule
2026-06-03,904c40be0e9eb92cda45f5e44310369321f58588cc860415ddc7f9608e5329e2,JUN2026_BC_3072_JUN2026.csv_11,JUN2026,barclays,20-53-97 30728691,2026-06-03,-357.62,GBP,,,TOPAZ FIN ROSINCA     BLA00010/130654303 DD,,,169548,,Direct Debit,Direct Debit,TOPAZ FIN ROSINCA     BLA00010/130654303 DD,,,0,F3163FRA,Mortgage,,,0.99,prop_mort_F3163FRA_18,strong,0,rule
2026-06-03,a42dab06d82ec2598ed85fc1a9dd12f6906d61dc80be063c1012d5bf37939144,JUN2026_BC_3072_JUN2026.csv_12,JUN2026,barclays,20-53-97 30728691,2026-06-03,-391.84,GBP,,,TOPAZ FIN ROSINCA     BLA00010/131188407 DD,,,169548,,Direct Debit,Direct Debit,TOPAZ FIN ROSINCA     BLA00010/131188407 DD,,,0,F4321LON,Mortgage,,,0.99,prop_mort_F4321LON_7,strong,0,rule
2026-06-03,69f95752925e91be6e0fec39235779124721b217abe629100771dd6616dc6c8a,JUN2026_BC_3072_JUN2026.csv_13,JUN2026,barclays,20-53-97 30728691,2026-06-03,-391.76,GBP,,,TOPAZ FIN ROSINCA     BLA00010/131992707 DD,,,169548,,Direct Debit,Direct Debit,TOPAZ FIN ROSINCA     BLA00010/131992707 DD,,,0,F1321LON,Mortgage,,,0.99,prop_mort_F1321LON_1,strong,0,rule
2026-06-03,8f61d907c282641392ec0e66d2e523373d8ba20dc9013b373e7042d146389b3c,JUN2026_BC_3072_JUN2026.csv_14,JUN2026,barclays,20-53-97 30728691,2026-06-03,-352.97,GBP,,,TOPAZ FIN ROSINCA     BLA00010/132514207 DD,,,169548,,Direct Debit,Direct Debit,TOPAZ FIN ROSINCA     BLA00010/132514207 DD,,,0,F1169FAW,Mortgage,,,0.99,prop_mort_F1169FAW_8,strong,0,rule
2026-06-03,72d1daa57df2443edef18bbb5d55ac739e17184cfc99a6d369d43fe5f05ab31e,JUN2026_BC_3072_JUN2026.csv_15,JUN2026,barclays,20-53-97 30728691,2026-06-03,-457.61,GBP,,,TOPAZ FIN ROSINCA     BLA00010/134121904 DD,,,169548,,Direct Debit,Direct Debit,TOPAZ FIN ROSINCA     BLA00010/134121904 DD,,,0,F111214ALH,Mortgage,,,0.99,prop_mort_F111214ALH_46,strong,0,rule
2026-06-03,8e58c8e2f79db1840c27ea8a126ee0100f8e1433ea5627f754fb2b5fe45cb01d,JUN2026_BC_3072_JUN2026.csv_16,JUN2026,barclays,20-53-97 30728691,2026-06-03,-557.12,GBP,,,TOPAZ FIN ROSINCA     BLA00010/134332909 DD,,,169548,,Direct Debit,Direct Debit,TOPAZ FIN ROSINCA     BLA00010/134332909 DD,,,0,F11618ALH,Mortgage,,,0.99,prop_mort_F11618ALH_50,strong,0,rule
2026-06-03,97a9fe85193b9ec998ba160539bce42f7cdc7bb3e9165c3cbec3a7305c3d0359,JUN2026_BC_3072_JUN2026.csv_17,JUN2026,barclays,20-53-97 30728691,2026-06-03,-457.88,GBP,,,TOPAZ FIN ROSINCA     BLA00010/134333009 DD,,,169548,,Direct Debit,Direct Debit,TOPAZ FIN ROSINCA     BLA00010/134333009 DD,,,0,F111618ALH,Mortgage,,,0.99,prop_mort_F111618ALH_54,strong,0,rule
2026-06-03,cd646af0a65f54fa5490eebfbdddf354e08a49c4ce5cea001fd778e7e5666299,JUN2026_BC_3072_JUN2026.csv_18,JUN2026,barclays,20-53-97 30728691,2026-06-03,-557.53,GBP,,,TOPAZ FIN ROSINCA     BLA00010/134338410 DD,,,169548,,Direct Debit,Direct Debit,TOPAZ FIN ROSINCA     BLA00010/134338410 DD,,,0,F131618ALH,Mortgage,,,0.99,prop_mort_F131618ALH_56,strong,0,rule
2026-06-03,3c682cab2660b9cf347cc5b641f814e585059ea0b52ba1cabdf12e0b05c16c9c,JUN2026_BC_3072_JUN2026.csv_19,JUN2026,barclays,20-53-97 30728691,2026-06-03,-577.53,GBP,,,TOPAZ FIN ROSINCA     BLA00010/134467209 DD,,,169548,,Direct Debit,Direct Debit,TOPAZ FIN ROSINCA     BLA00010/134467209 DD,,,0,F141214ALH,Mortgage,,,0.99,prop_mort_F141214ALH_48,strong,0,rule
2026-06-03,e3176f60844e2bbc03863732feaa22f2a5ee69c4e996bf480f77efe8190f8bd9,JUN2026_BC_3072_JUN2026.csv_20,JUN2026,barclays,20-53-97 30728691,2026-06-03,-523.18,GBP,,,TOPAZ FIN ROSINCA     BLA00010/137376006 DD,,,169548,,Direct Debit,Direct Debit,TOPAZ FIN ROSINCA     BLA00010/137376006 DD,,,0,F1171FAW,Mortgage,,,0.99,prop_mort_F1171FAW_14,strong,0,rule
2026-06-03,c9d119aab92ee478ede11aea83a62931c59c9ff634f4f2992431e7d3c910a07b,JUN2026_BC_3072_JUN2026.csv_21,JUN2026,barclays,20-53-97 30728691,2026-06-03,-462.83,GBP,,,TOPAZ FIN ROSINCA     BLA00010/137376104 DD,,,169548,,Direct Debit,Direct Debit,TOPAZ FIN ROSINCA     BLA00010/137376104 DD,,,0,F2171FAW,Mortgage,,,0.99,prop_mort_F2171FAW_15,strong,0,rule
2026-06-03,cc387cf75fad2252c2cd69e8944347b253ab78ceca881a3c2ca35f28592dba21,JUN2026_BC_3072_JUN2026.csv_22,JUN2026,barclays,20-53-97 30728691,2026-06-03,-483.54,GBP,,,SKIPTON B.S.          SBS00001/165905969 DD,,,995416,,Direct Debit,Direct Debit,SKIPTON B.S.          SBS00001/165905969 DD,,,0,F88ALH,Mortgage,,,0.99,prop_mort_F88ALH_33,strong,0,rule
2026-06-03,08cfb0c6c2de07d59c0b60d447318bdf2e40d2901d7e29a9edde5230f988c80c,JUN2026_BC_3072_JUN2026.csv_23,JUN2026,barclays,20-53-97 30728691,2026-06-03,557.53,GBP,,,TOPAZ FIN ROSINCA     BLA00010/134338410 UN,,,0,,Unpaid,Unpaid,TOPAZ FIN ROSINCA     BLA00010/134338410 UN,,,0,,Mortgage,,,0.99,cat_mortgage_1,strong,1,rule
2026-06-03,78496504b4886b0bb94ac69ca4d12ad4ca0e2cf24536eab1edefce6c6e367100,JUN2026_BC_3072_JUN2026.csv_24,JUN2026,barclays,20-53-97 30728691,2026-06-03,557.12,GBP,,,TOPAZ FIN ROSINCA     BLA00010/134332909 UN,,,0,,Unpaid,Unpaid,TOPAZ FIN ROSINCA     BLA00010/134332909 UN,,,0,,Mortgage,,,0.99,cat_mortgage_1,strong,1,rule
2026-06-03,75a491d18429c1db1b7f52c38e7746e545c1d252cae6f5cdfea4f6936938f118,JUN2026_BC_3072_JUN2026.csv_25,JUN2026,barclays,20-53-97 30728691,2026-06-03,562.52,GBP,,,TOPAZ FIN JASPER      PRU00010/191462710 UN,,,0,,Unpaid,Unpaid,TOPAZ FIN JASPER      PRU00010/191462710 UN,,,0,,Mortgage,,,0.99,cat_mortgage_1,strong,1,rule
2026-06-03,d0a0a4f9851afc7d98b07d9306ebc50e9c2b70c0a6ce6c0b30b3ad9a5603c29f,JUN2026_BC_3072_JUN2026.csv_26,JUN2026,barclays,20-53-97 30728691,2026-06-03,523.18,GBP,,,TOPAZ FIN ROSINCA     BLA00010/137376006 UN,,,0,,Unpaid,Unpaid,TOPAZ FIN ROSINCA     BLA00010/137376006 UN,,,0,,Mortgage,,,0.99,cat_mortgage_1,strong,1,rule
2026-06-03,84d16a7a22f0c8af6e20f5e3021c9c71213626a3f0cb68dab7c0a4a40d3a0edd,JUN2026_BC_3072_JUN2026.csv_27,JUN2026,barclays,20-53-97 30728691,2026-06-03,352.97,GBP,,,TOPAZ FIN ROSINCA     BLA00010/132514207 UN,,,0,,Unpaid,Unpaid,TOPAZ FIN ROSINCA     BLA00010/132514207 UN,,,0,,Mortgage,,,0.99,cat_mortgage_1,strong,1,rule
2026-06-03,2bc66e5bb7e429c488a039b9aac83ceb2a5ec56cb813250a912d335b28a23d04,JUN2026_BC_3072_JUN2026.csv_28,JUN2026,barclays,20-53-97 30728691,2026-06-03,577.53,GBP,,,TOPAZ FIN ROSINCA     BLA00010/134467209 UN,,,0,,Unpaid,Unpaid,TOPAZ FIN ROSINCA     BLA00010/134467209 UN,,,0,,Mortgage,,,0.99,cat_mortgage_1,strong,1,rule
2026-06-03,d67c954c5feae6db130d7f122e31855fa3ec3454d2429f5cefa9cf922431e9f1,JUN2026_BC_3072_JUN2026.csv_29,JUN2026,barclays,20-53-97 30728691,2026-06-03,6614.07,GBP,,,Rsa Capital Limite    mortgages BGC,,,0,,Counter Credit,Counter Credit,Rsa Capital Limite    mortgages BGC,,,0,,Interbank,,,0.99,override_40,strong,0,rule
2026-06-03,20349a54bf119223a8636e16f17d4147cefea765489cc7166f4eddbba336fa17,JUN2026_StarlingStatement_2026-06.csv_20,JUN2026,starling,60-83-71 00558156,2026-06-03,925.0,GBP,R Cowie,FLAT 14. PO4 0RF,R Cowie FLAT 14. PO4 0RF,FASTER PAYMENT,57151.09,,REVENUE,,REVENUE,R Cowie FLAT 14. PO4 0RF R Cowie FLAT 14. PO4 0RF FASTER PAYMENT,,,0,F141214ALH,OurRent,,,0.99,prop_rent_F141214ALH_103,strong,0,rule
2026-06-03,a39bf75fd9ec80b02ef457121441504ba847bfc95c061116b505d61e51aef9a6,JUN2026_StarlingStatement_2026-06.csv_21,JUN2026,starling,60-83-71 00558156,2026-06-03,-10.02,GBP,Budgens,BUDGENS,Budgens BUDGENS,CONTACTLESS,57141.07,,FOOD_AND_DRINK,,FOOD_AND_DRINK,Budgens BUDGENS Budgens BUDGENS CONTACTLESS,,,0,,PersonalExpense,Budgens,,0.99,override_35,strong,0,rule
2026-06-03,5def28ba43d684afded68c2999e06c7a595a5a0819d7830dfe8dd0274d6fd2f7,JUN2026_StarlingStatement_2026-06.csv_22,JUN2026,starling,60-83-71 00558156,2026-06-03,-28.65,GBP,Marks & Spencer,MARKS&SPENCER PLC SACA,Marks & Spencer MARKS&SPENCER PLC SACA,CONTACTLESS,57112.42,,FOOD_AND_DRINK,,FOOD_AND_DRINK,Marks & Spencer MARKS&SPENCER PLC SACA Marks & Spencer MARKS&SPENCER PLC SACA CONTACTLESS,,,0,,PersonalExpense,M&S,,0.99,override_2,strong,0,rule
2026-06-03,00db7f28cf79a4ef5e605459c27a1b89220d3f66d0b862da6006f7757611ef5a,JUN2026_StarlingStatement_2026-06.csv_23,JUN2026,starling,60-83-71 00558156,2026-06-03,-19.47,GBP,ALDI,ALDI STORES 776-97,ALDI ALDI STORES 776-97,CONTACTLESS,57092.95,,FOOD_AND_DRINK,,FOOD_AND_DRINK,ALDI ALDI STORES 776-97 ALDI ALDI STORES 776-97 CONTACTLESS,,,0,,PersonalExpense,ALDI,,0.99,override_20,strong,0,rule
2026-06-03,7adb480badccf6f0b0036886135de091d65c196d5218835b1150f4fb0a6b455c,JUN2026_StarlingStatement_2026-06.csv_24,JUN2026,starling,60-83-71 00558156,2026-06-03,-6614.07,GBP,Ivana Valentino 3072,mortgages,Ivana Valentino 3072 mortgages,FASTER PAYMENT,50478.88,,INTEREST_PAYMENTS,,INTEREST_PAYMENTS,Ivana Valentino 3072 mortgages Ivana Valentino 3072 mortgages FASTER PAYMENT,,,0,,MortgageRefund,Ivana,,0.99,cat_mortgagerefund_15,strong,0,rule
2026-06-04,e4a46519de173b75b9f966c8cc9e2eff39cf614ca5c9794c69298e42d8e9fcab,JUN2026_BC_6045_JUN2026.csv_7,JUN2026,barclays,20-74-09 60458872,2026-06-04,-10.0,GBP,,,UNITY MUTUAL KU CT    PL684048A VALENTNO ST,,,0,,Standing Order,Standing Order,UNITY MUTUAL KU CT    PL684048A VALENTNO ST,,,0,,RegularPayment,,,0.99,override_19,strong,0,rule
2026-06-04,a7e3839b3a3fe462c4dd7679c3552a9df1df07966bc5bd26c56dae81fba970bf,JUN2026_BC_4040_JUN2026.csv_3,JUN2026,barclays,20-74-09 40406538,2026-06-04,-55.0,GBP,,,ROCCO VALENTINO       NOTES FT,,,0,,Funds Transfer,Funds Transfer,ROCCO VALENTINO       NOTES FT,,,0,,PersonalExpense,Rocco,,0.99,override_6,strong,0,rule
2026-06-04,8a50776cce701b8b107c98895a3f0dc86d1292f864d5d9ac558ddaa55bb4089c,JUN2026_StarlingStatement_2026-06.csv_25,JUN2026,starling,60-83-71 00558156,2026-06-04,209.99,GBP,196b Kingston,SEQUENCE  UK  LIMI,196b Kingston SEQUENCE  UK  LIMI,DIRECT CREDIT,50688.87,,REVENUE,,REVENUE,196b Kingston SEQUENCE  UK  LIMI 196b Kingston SEQUENCE  UK  LIMI DIRECT CREDIT,,,0,196BKIN,PropertyExpense,,,0.99,prop_rent_196BKIN_87,strong,0,rule
2026-06-04,fbfbab009b7fee87589b6a55ece5a40aab7d2d3fce480b26813f7577b07326da,JUN2026_StarlingStatement_2026-06.csv_26,JUN2026,starling,60-83-71 00558156,2026-06-04,-17.09,GBP,Halfords,HALFORDS 0887,Halfords HALFORDS 0887,CONTACTLESS,50671.78,,EQUIPMENT,,EQUIPMENT,Halfords HALFORDS 0887 Halfords HALFORDS 0887 CONTACTLESS,,,0,,OtherExpense,,,0.65,cat_otherexpense_35,catch_all,1,rule
2026-06-04,adc88575af316d7b0d5fcb8585eff5d55e51568cdad20fe3a4b042c970558eb5,JUN2026_StarlingStatement_2026-06.csv_27,JUN2026,starling,60-83-71 00558156,2026-06-04,1000.0,GBP,S Bijumon,RENT FOR june 2026,S Bijumon RENT FOR june 2026,FASTER PAYMENT,51671.78,,REVENUE,,REVENUE,S Bijumon RENT FOR june 2026 S Bijumon RENT FOR june 2026 FASTER PAYMENT,,,0,23BHAM,OurRent,,,0.99,prop_rent_23BHAM_88,strong,0,rule
2026-06-04,6ae09ea61e5f59d17191a842fd773990df90b55e829f9677bbb07eec3cb7cc86,JUN2026_StarlingStatement_2026-06.csv_28,JUN2026,starling,60-83-71 00558156,2026-06-04,-7.89,GBP,Budgens,BUDGENS,Budgens BUDGENS,CONTACTLESS,51663.89,,FOOD_AND_DRINK,,FOOD_AND_DRINK,Budgens BUDGENS Budgens BUDGENS CONTACTLESS,,,0,,PersonalExpense,Budgens,,0.99,override_35,strong,0,rule
2026-06-04,9002d6d45055796901122f6ae9736ff03d43badbbd8f3c53b51c76eebf91505e,JUN2026_StarlingStatement_2026-06.csv_29,JUN2026,starling,60-83-71 00558156,2026-06-04,-23.45,GBP,Co-op,CO OPERATIVE FOOD,Co-op CO OPERATIVE FOOD,CONTACTLESS,51640.44,,REPAIRS_AND_MAINTENANCE,,REPAIRS_AND_MAINTENANCE,Co-op CO OPERATIVE FOOD Co-op CO OPERATIVE FOOD CONTACTLESS,,,0,,PersonalExpense,COOP,,0.99,cat_propertyexpense_19,strong,0,rule
2026-06-04,ee392a5d2f063dc0c448db87481adb6da4c548caa354605c3f537273cb60d19b,JUN2026_StarlingStatement_2026-06.csv_30,JUN2026,starling,60-83-71 00558156,2026-06-04,-40.25,GBP,Co-op,CO OPERATIVE FOOD,Co-op CO OPERATIVE FOOD,CONTACTLESS,51600.19,,REPAIRS_AND_MAINTENANCE,,REPAIRS_AND_MAINTENANCE,Co-op CO OPERATIVE FOOD Co-op CO OPERATIVE FOOD CONTACTLESS,,,0,,PersonalExpense,COOP,,0.99,cat_propertyexpense_19,strong,0,rule
2026-06-04,69458c77256269db74586de8451383dd52b4c20f7124e84048aea7a65148668a,JUN2026_StarlingStatement_2026-06.csv_31,JUN2026,starling,60-83-71 00558156,2026-06-04,-20.0,GBP,APCOA,APCOA-HAL-SS T3,APCOA APCOA-HAL-SS T3,CONTACTLESS,51580.19,,TRAVEL,,TRAVEL,APCOA APCOA-HAL-SS T3 APCOA APCOA-HAL-SS T3 CONTACTLESS,,,0,,OtherExpense,,,0.65,cat_otherexpense_35,catch_all,1,rule
2026-06-04,920beed28ff03fc2d21f2e837da8aecd751d35f8af2ae0b6c8c91563abd0672a,JUN2026_StarlingStatement_2026-06.csv_32,JUN2026,starling,60-83-71 00558156,2026-06-04,-100.0,GBP,Ivana  VALENTINO,admin,Ivana  VALENTINO admin,FASTER PAYMENT,51480.19,,REPAIRS_AND_MAINTENANCE,,REPAIRS_AND_MAINTENANCE,Ivana  VALENTINO admin Ivana  VALENTINO admin FASTER PAYMENT,,,0,,PropertyExpense,,,0.99,cat_propertyexpense_19,strong,1,rule
2026-06-05,394c544228bc8c45d34992481b0af37ad80f71ff4adca91d80dcb79a13427dc6,JUN2026_BC_6045_JUN2026.csv_8,JUN2026,barclays,20-74-09 60458872,2026-06-05,-34.99,GBP,,,NOW DD1B7 Sky Spor    ON 04 JUN BCC,,,0,,Card Purchase,Card Purchase,NOW DD1B7 Sky Spor    ON 04 JUN BCC,,,0,,PersonalExpense,Amazon,,0.99,cat_personalexpense_30,strong,0,rule
2026-06-05,e533655761999af6eff723b1ee88f652036c2cf84a2b1c6851b16f0ea8f09179,JUN2026_BC_4040_JUN2026.csv_4,JUN2026,barclays,20-74-09 40406538,2026-06-05,100.0,GBP,,,Rsa Capital Limite    admin BGC,,,0,,Counter Credit,Counter Credit,Rsa Capital Limite    admin BGC,,,0,,Interbank,,,0.99,override_40,strong,0,rule
2026-06-05,de7a7c7c834f6af28b7fc0ad52233ed59d11b2f0039a4d22eda5c44eb8efa2af,JUN2026_BC_4040_JUN2026.csv_5,JUN2026,barclays,20-74-09 40406538,2026-06-05,-10.0,GBP,,,ALESSIO VALENTINO-    FROM MUMMY FT,,,0,,Funds Transfer,Funds Transfer,ALESSIO VALENTINO-    FROM MUMMY FT,,,0,,PersonalExpense,Alessio,,0.99,override_7,strong,0,rule
2026-06-05,9451990c4e73ba35818989e0c2b44e48597e21edb368b037510c7c92a86c4327,JUN2026_StarlingStatement_2026-06.csv_33,JUN2026,starling,60-83-71 00558156,2026-06-05,425.0,GBP,I Kissova,,I Kissova,FASTER PAYMENT,51905.19,,REVENUE,,REVENUE,I Kissova I Kissova FASTER PAYMENT,,,0,,OtherIncome,,,0.65,cat_otherincome_34,catch_all,1,rule
2026-06-05,e7b6d42c75349ce9620b4d035abf4f2b83863d1a0fe39aff1c8633d37c4a4b62,JUN2026_StarlingStatement_2026-06.csv_34,JUN2026,starling,60-83-71 00558156,2026-06-05,425.0,GBP,I Kissova,,I Kissova,FASTER PAYMENT,52330.19,,REVENUE,,REVENUE,I Kissova I Kissova FASTER PAYMENT,,,0,,OtherIncome,,,0.65,cat_otherincome_34,catch_all,1,rule
2026-06-05,ef13a4b632c0ba9d07611c068ace7259098a1e5bdcec29f41fd18af777769828,JUN2026_StarlingStatement_2026-06.csv_35,JUN2026,starling,60-83-71 00558156,2026-06-05,-42.53,GBP,Tesco Petrol,TESCO PFS 5449,Tesco Petrol TESCO PFS 5449,CONTACTLESS,52287.66,,VEHICLES,,VEHICLES,Tesco Petrol TESCO PFS 5449 Tesco Petrol TESCO PFS 5449 CONTACTLESS,,,0,,PersonalExpense,Tesco,,0.99,override_9,strong,0,rule
2026-06-05,d8266b33a23aa55130da0d14766ed8e5b3ed26d67386e83282caa8d63ec6f6b4,JUN2026_StarlingStatement_2026-06.csv_36,JUN2026,starling,60-83-71 00558156,2026-06-05,-149.0,GBP,KINGSTON DOMESTIC APPLIANCES LTD,11402 4321 oven,KINGSTON DOMESTIC APPLIANCES LTD 11402 4321 oven,FASTER PAYMENT,52138.66,,REPAIRS_AND_MAINTENANCE,,REPAIRS_AND_MAINTENANCE,KINGSTON DOMESTIC APPLIANCES LTD 11402 4321 oven KINGSTON DOMESTIC APPLIANCES LTD 11402 4321 oven FASTER PAYMENT,,,0,F4321LON,PropertyExpense,,,0.99,prop_rent_F4321LON_74,strong,0,rule
2026-06-05,824cb8d2f274bb52c4af423cc37ff9effab97e15f9a0e17f68c224f46739131e,JUN2026_StarlingStatement_2026-06.csv_37,JUN2026,starling,60-83-71 00558156,2026-06-05,850.0,GBP,DANIELLE FULKER,Flat3171Fawcett,DANIELLE FULKER Flat3171Fawcett,FASTER PAYMENT,52988.66,,REVENUE,,REVENUE,DANIELLE FULKER Flat3171Fawcett DANIELLE FULKER Flat3171Fawcett FASTER PAYMENT,,,0,F3171FAW,OurRent,,,0.99,prop_rent_F3171FAW_81,strong,0,rule
2026-06-05,2e895222d8e05a217294aa6fc7b219804270e93b78b25e1f07b050faedc0ec07,JUN2026_StarlingStatement_2026-06.csv_38,JUN2026,starling,60-83-71 00558156,2026-06-05,-43.7,GBP,Marks & Spencer,MARKS&SPENCER PLC SACA,Marks & Spencer MARKS&SPENCER PLC SACA,CONTACTLESS,52944.96,,FOOD_AND_DRINK,,FOOD_AND_DRINK,Marks & Spencer MARKS&SPENCER PLC SACA Marks & Spencer MARKS&SPENCER PLC SACA CONTACTLESS,,,0,,PersonalExpense,M&S,,0.99,override_2,strong,0,rule
2026-06-06,f50a704004a22019182ea2dbf5303382cb5e0def58f2bdd060e7b486a2b7bf18,JUN2026_StarlingStatement_2026-06.csv_39,JUN2026,starling,60-83-71 00558156,2026-06-06,1050.0,GBP,A Ancy Treesa Math,23 C HT  June RENT,A Ancy Treesa Math 23 C HT  June RENT,FASTER PAYMENT,53994.96,,REVENUE,,REVENUE,A Ancy Treesa Math 23 C HT  June RENT A Ancy Treesa Math 23 C HT  June RENT FASTER PAYMENT,,,0,23CHAM,OurRent,,,0.99,prop_rent_23CHAM_89,strong,0,rule
2026-06-07,e8e014996d6d28cf58c528087ca89330564db30f837fb16bc780c7b3b7478c4f,JUN2026_StarlingStatement_2026-06.csv_40,JUN2026,starling,60-83-71 00558156,2026-06-07,-90.38,GBP,Morr Bedford,MORR BEDFORD,Morr Bedford MORR BEDFORD,CHIP & PIN,53904.58,,VEHICLES,,VEHICLES,Morr Bedford MORR BEDFORD Morr Bedford MORR BEDFORD CHIP & PIN,,,0,,OtherExpense,,,0.65,cat_otherexpense_35,catch_all,1,rule
2026-06-07,bae721a413a7e966715b38477bc50d48d55b16c15f5d69bb2b7c5fca51545288,JUN2026_StarlingStatement_2026-06.csv_41,JUN2026,starling,60-83-71 00558156,2026-06-07,-55.15,GBP,ALDI,ALDI STORES 776-97,ALDI ALDI STORES 776-97,CONTACTLESS,53849.43,,FOOD_AND_DRINK,,FOOD_AND_DRINK,ALDI ALDI STORES 776-97 ALDI ALDI STORES 776-97 CONTACTLESS,,,0,,PersonalExpense,ALDI,,0.99,override_20,strong,0,rule
2026-06-07,6fc69381877ee2229d6d8fe888cc2a245d39c1f44a5740730d88413500316917,JUN2026_StarlingStatement_2026-06.csv_42,JUN2026,starling,60-83-71 00558156,2026-06-07,-53.05,GBP,Marks & Spencer,MARKS&SPENCER PLC SACA,Marks & Spencer MARKS&SPENCER PLC SACA,CONTACTLESS,53796.38,,FOOD_AND_DRINK,,FOOD_AND_DRINK,Marks & Spencer MARKS&SPENCER PLC SACA Marks & Spencer MARKS&SPENCER PLC SACA CONTACTLESS,,,0,,PersonalExpense,M&S,,0.99,override_2,strong,0,rule
2026-06-07,521f45c66b486cb70fbb871f8c5e97c4f8e42617809ee641ae29397f22595f7c,JUN2026_StarlingStatement_2026-06.csv_43,JUN2026,starling,60-83-71 00558156,2026-06-07,-2.49,GBP,Google Play,Google One,Google Play Google One,CARD SUBSCRIPTION,53793.89,,ADMIN,,ADMIN,Google Play Google One Google Play Google One CARD SUBSCRIPTION,,,0,,PropertyExpense,,,0.99,cat_propertyexpense_10,strong,1,rule
2026-06-08,2b1ebfd725fb2ee6890b21aa6966dfd110be86af5e84506b3e0e41090fbb4d2e,JUN2026_BC_3072_JUN2026.csv_30,JUN2026,barclays,20-53-97 30728691,2026-06-08,-512.53,GBP,,,BHAM MIDSHIRES        6092076502030000 DDR,,,184800,,Direct Debit,Direct Debit,BHAM MIDSHIRES        6092076502030000 DDR,,,0,196BKIN,Mortgage,,,0.99,prop_mort_196BKIN_25,strong,0,rule
2026-06-08,0599535b883f34f5ca80177547b8712d4fb33f6ae54ba764c11a551b201c174d,JUN2026_BC_4040_JUN2026.csv_6,JUN2026,barclays,20-74-09 40406538,2026-06-08,-28.3,GBP,,,ALDI STORES           ON 05 JUN CLP,,,0,,Contactless Card Purchase,Contactless Card Purchase,ALDI STORES           ON 05 JUN CLP,,,0,,PersonalExpense,ALDI,,0.99,cat_personalexpense_30,strong,0,rule
2026-06-08,3aeff015683c9482c86171fe1eb87f87680dad0dc46ca3095e6f446387b5eb16,JUN2026_BC_4040_JUN2026.csv_7,JUN2026,barclays,20-74-09 40406538,2026-06-08,-5.45,GBP,,,CO OPERATIVE FOOD     ON 05 JUN CLP,,,0,,Contactless Card Purchase,Contactless Card Purchase,CO OPERATIVE FOOD     ON 05 JUN CLP,,,0,,PersonalExpense,COOP,,0.99,cat_personalexpense_30,strong,0,rule
2026-06-08,8a24ea0992db4ea48f9a67bec9517a4a0154a285749c6d9d94ad129a84f43ef0,JUN2026_BC_4040_JUN2026.csv_8,JUN2026,barclays,20-74-09 40406538,2026-06-08,-19.24,GBP,,,CO OPERATIVE FOOD     ON 05 JUN CLP,,,0,,Contactless Card Purchase,Contactless Card Purchase,CO OPERATIVE FOOD     ON 05 JUN CLP,,,0,,PersonalExpense,COOP,,0.99,cat_personalexpense_30,strong,0,rule
2026-06-08,709d3f4e0bf7f4d858fc46713ea1e23774647e013329646c06da1c50df2009ee,JUN2026_BC_4040_JUN2026.csv_9,JUN2026,barclays,20-74-09 40406538,2026-06-08,-17.17,GBP,,,MCDONALDS 626         ON 05 JUN CLP,,,0,,Contactless Card Purchase,Contactless Card Purchase,MCDONALDS 626         ON 05 JUN CLP,,,0,,PersonalExpense,EatingOut,,0.99,cat_personalexpense_30,strong,0,rule
2026-06-08,72b2a4fad917c6040b1fac99f3d6ddf09da15a4d2ad0eae2af45cd74b334d3c7,JUN2026_BC_4040_JUN2026.csv_10,JUN2026,barclays,20-74-09 40406538,2026-06-08,-9.57,GBP,,,BUDGENS               ON 06 JUN CLP,,,0,,Contactless Card Purchase,Contactless Card Purchase,BUDGENS               ON 06 JUN CLP,,,0,,PersonalExpense,Budgens,,0.99,cat_personalexpense_30,strong,0,rule
2026-06-08,3429db7aa8f84287de827b717472fcfdf99df343d1500339c4bc546068c50e06,JUN2026_BC_4040_JUN2026.csv_11,JUN2026,barclays,20-74-09 40406538,2026-06-08,-3.55,GBP,,,COSTA COFFEE 43011    ON 06 JUN CLP,,,0,,Contactless Card Purchase,Contactless Card Purchase,COSTA COFFEE 43011    ON 06 JUN CLP,,,0,,PersonalExpense,EatingOut,,0.99,cat_personalexpense_30,strong,0,rule
2026-06-08,188dc1f01798047e6e2b7c549acc368fd4e251a0bcd3aba2c168eb403f7f0dff,JUN2026_BC_4040_JUN2026.csv_12,JUN2026,barclays,20-74-09 40406538,2026-06-08,-5.67,GBP,,,MCDONALDS 626         ON 07 JUN CLP,,,0,,Contactless Card Purchase,Contactless Card Purchase,MCDONALDS 626         ON 07 JUN CLP,,,0,,PersonalExpense,EatingOut,,0.99,cat_personalexpense_30,strong,0,rule
2026-06-08,d70281e8607b2335762d5aa330d05daf18176793e98d4f1c567771bfb48ee6c3,JUN2026_StarlingStatement_2026-06.csv_44,JUN2026,starling,60-83-71 00558156,2026-06-08,825.0,GBP,J BOTTLE,RENT,J BOTTLE RENT,FASTER PAYMENT,54618.89,,REVENUE,,REVENUE,J BOTTLE RENT J BOTTLE RENT FASTER PAYMENT,,,0,F58ALH,OurRent,,,0.99,prop_rent_F58ALH_97,strong,0,rule
2026-06-08,0bd3ef8aebc575135b9b0354abe29b3b1f40a0ccaa12526f82f74f4b19cc40f3,JUN2026_StarlingStatement_2026-06.csv_45,JUN2026,starling,60-83-71 00558156,2026-06-08,-20.82,GBP,Home Bargains,HOME BARGAINS,Home Bargains HOME BARGAINS,CONTACTLESS,54598.07,,EQUIPMENT,,EQUIPMENT,Home Bargains HOME BARGAINS Home Bargains HOME BARGAINS CONTACTLESS,,,0,,PersonalExpense,Household,,0.99,override_12,strong,0,rule
2026-06-08,5180dbcd1669e3e40a429f439a8232c376b78fb8ec467535bd48b251cb1d2a47,JUN2026_StarlingStatement_2026-06.csv_46,JUN2026,starling,60-83-71 00558156,2026-06-08,-21.91,GBP,Lidl Gb Bedford St Joh,LIDL GB BEDFORD ST JOH,Lidl Gb Bedford St Joh LIDL GB BEDFORD ST JOH,CONTACTLESS,54576.16,,FOOD_AND_DRINK,,FOOD_AND_DRINK,Lidl Gb Bedford St Joh LIDL GB BEDFORD ST JOH Lidl Gb Bedford St Joh LIDL GB BEDFORD ST JOH CONTACTLESS,,,0,,PersonalExpense,LIDL,,0.99,override_11,strong,0,rule
2026-06-08,89e32e4d9fb1aa00ca3dacaed057754a351673b84bfc70f09531219b3f5b99a5,JUN2026_StarlingStatement_2026-06.csv_47,JUN2026,starling,60-83-71 00558156,2026-06-08,-11.3,GBP,Co-op,CO OPERATIVE FOOD,Co-op CO OPERATIVE FOOD,CONTACTLESS,54564.86,,REPAIRS_AND_MAINTENANCE,,REPAIRS_AND_MAINTENANCE,Co-op CO OPERATIVE FOOD Co-op CO OPERATIVE FOOD CONTACTLESS,,,0,,PersonalExpense,COOP,,0.99,cat_propertyexpense_19,strong,0,rule
2026-06-09,a64364c93e0082ce929807d85c867246e6783947f45db686fb4e2cf9d6dfb0e1,JUN2026_BC_3072_JUN2026.csv_31,JUN2026,barclays,20-53-97 30728691,2026-06-09,-47.02,GBP,,,BHAM MIDSHIRES        6792116703030000 DDR,,,184800,,Direct Debit,Direct Debit,BHAM MIDSHIRES        6792116703030000 DDR,,,0,F3169FAW,Mortgage,,,0.99,prop_mort_F3169FAW_13,strong,0,rule
2026-06-09,f21c74e60843093d9957dc64c88228793505763bde67e32e52f0a44e7f12f187,JUN2026_BC_3072_JUN2026.csv_32,JUN2026,barclays,20-53-97 30728691,2026-06-09,559.54,GBP,,,Rsa Capital Limite    mortgages BGC,,,0,,Counter Credit,Counter Credit,Rsa Capital Limite    mortgages BGC,,,0,,Interbank,,,0.99,override_40,strong,0,rule
2026-06-09,2caa4951c19f3f453aedc1b794b2ffcaf5ef23f11a2bcf711d5f56c7553c2d94,JUN2026_BC_4040_JUN2026.csv_13,JUN2026,barclays,20-74-09 40406538,2026-06-09,-8.0,GBP,,,ID MOBILE LIMITED     12253154/001 DDR,,,298372,,Direct Debit,Direct Debit,ID MOBILE LIMITED     12253154/001 DDR,,,0,,RegularPayment,,,0.99,cat_regularpayment_27,strong,0,rule
2026-06-09,f5436fa05d9c2102ffe94598da15cdf305445796eb6a58b50cf7e570b34c5aa3,JUN2026_BC_4040_JUN2026.csv_14,JUN2026,barclays,20-74-09 40406538,2026-06-09,-3.98,GBP,,,J BROS ELSTOW SERV    ON 07 JUN CLP,,,0,,Contactless Card Purchase,Contactless Card Purchase,J BROS ELSTOW SERV    ON 07 JUN CLP,,,0,,PersonalExpense,Other,,0.99,cat_personalexpense_30,strong,0,rule
2026-06-09,ada80d9d6b82e3983d8bc3c001be420988ae1fae1780b6c81ebc4e7c9d6dd74c,JUN2026_StarlingStatement_2026-06.csv_48,JUN2026,starling,60-83-71 00558156,2026-06-09,7.0,GBP,Wwwbedfordschoolorguk,WWWBEDFORDSCHOOLORGUK,Wwwbedfordschoolorguk WWWBEDFORDSCHOOLORGUK,ONLINE PAYMENT,54571.86,,STAFF,,STAFF,Wwwbedfordschoolorguk WWWBEDFORDSCHOOLORGUK Wwwbedfordschoolorguk WWWBEDFORDSCHOOLORGUK ONLINE PAYMENT,,,0,,OtherIncome,,,0.65,cat_otherincome_34,catch_all,1,rule
2026-06-09,8d771cd25a9d0200d6c62f857f40fde4054ebe04726f869a5ad6abb3359b83dd,JUN2026_StarlingStatement_2026-06.csv_49,JUN2026,starling,60-83-71 00558156,2026-06-09,-33.46,GBP,ALDI,ALDI STORES 776-97,ALDI ALDI STORES 776-97,CONTACTLESS,54538.4,,FOOD_AND_DRINK,,FOOD_AND_DRINK,ALDI ALDI STORES 776-97 ALDI ALDI STORES 776-97 CONTACTLESS,,,0,,PersonalExpense,ALDI,,0.99,override_20,strong,0,rule
2026-06-09,96e97962fc5fe33ef7dc9c93ecb978eabf34c3fc2a71eae952954856cd98436a,JUN2026_StarlingStatement_2026-06.csv_50,JUN2026,starling,60-83-71 00558156,2026-06-09,-33.53,GBP,Marks & Spencer,MARKS&SPENCER PLC,Marks & Spencer MARKS&SPENCER PLC,CONTACTLESS,54504.87,,FOOD_AND_DRINK,,FOOD_AND_DRINK,Marks & Spencer MARKS&SPENCER PLC Marks & Spencer MARKS&SPENCER PLC CONTACTLESS,,,0,,PersonalExpense,M&S,,0.99,override_2,strong,0,rule
2026-06-09,b75d9e1cb43a1e7efddc92411ce61d58846e485b841f790f79bd1a35bb1a8fad,JUN2026_StarlingStatement_2026-06.csv_51,JUN2026,starling,60-83-71 00558156,2026-06-09,-2.0,GBP,BP,BEDFORD SF CONNECT,BP BEDFORD SF CONNECT,CONTACTLESS,54502.87,,VEHICLES,,VEHICLES,BP BEDFORD SF CONNECT BP BEDFORD SF CONNECT CONTACTLESS,,,0,,OtherExpense,,,0.65,cat_otherexpense_35,catch_all,1,rule
2026-06-09,d69c5f9d0ce8d8b8fa5a73ac7bf254b1ed0a8afee07cc7c1047b7abb3a473a2f,JUN2026_StarlingStatement_2026-06.csv_52,JUN2026,starling,60-83-71 00558156,2026-06-09,-10.15,GBP,BP,BEDFORD SF CONNECT,BP BEDFORD SF CONNECT,CONTACTLESS,54492.72,,VEHICLES,,VEHICLES,BP BEDFORD SF CONNECT BP BEDFORD SF CONNECT CONTACTLESS,,,0,,OtherExpense,,,0.65,cat_otherexpense_35,catch_all,1,rule
2026-06-09,7df321ee8d26d1677ec8dbc6d2dc426113f45629cc893c38287077634c3d6abd,JUN2026_StarlingStatement_2026-06.csv_53,JUN2026,starling,60-83-71 00558156,2026-06-09,-559.54,GBP,Ivana Valentino 3072,mortgages,Ivana Valentino 3072 mortgages,FASTER PAYMENT,53933.18,,INTEREST_PAYMENTS,,INTEREST_PAYMENTS,Ivana Valentino 3072 mortgages Ivana Valentino 3072 mortgages FASTER PAYMENT,,,0,,MortgageRefund,Ivana,,0.99,cat_mortgagerefund_15,strong,0,rule
2026-06-10,1358c416e7d7ceffb9de9ab15816d4c399845c604038a0e280ca4106e16fca39,JUN2026_BC_3072_JUN2026.csv_33,JUN2026,barclays,20-53-97 30728691,2026-06-10,-352.32,GBP,,,BHAM MIDSHIRES        6092096352060000 DDR,,,184800,,Direct Debit,Direct Debit,BHAM MIDSHIRES        6092096352060000 DDR,,,0,F41214ALH,Mortgage,,,0.99,prop_mort_F41214ALH_43,strong,0,rule
2026-06-10,405549169196ed516bae924d521bca1ad147c2218a477d44a1b82df6897e2f49,JUN2026_StarlingStatement_2026-06.csv_54,JUN2026,starling,60-83-71 00558156,2026-06-10,-400.0,GBP,Brett Corke,rubbish removal,Brett Corke rubbish removal,FASTER PAYMENT,53533.18,,REPAIRS_AND_MAINTENANCE,,REPAIRS_AND_MAINTENANCE,Brett Corke rubbish removal Brett Corke rubbish removal FASTER PAYMENT,,,0,F3163FRA,PropertyExpense,,,0.99,prop_rent_F3163FRA_83,strong,0,rule
2026-06-10,189ea80c3020b5e15c5a5e3ae0db13a539e966dfabc89f1d0941babcc8f9599c,JUN2026_StarlingStatement_2026-06.csv_55,JUN2026,starling,60-83-71 00558156,2026-06-10,-6.86,GBP,Budgens,BUDGENS,Budgens BUDGENS,CONTACTLESS,53526.32,,FOOD_AND_DRINK,,FOOD_AND_DRINK,Budgens BUDGENS Budgens BUDGENS CONTACTLESS,,,0,,PersonalExpense,Budgens,,0.99,override_35,strong,0,rule
2026-06-10,9af62cdf2ea67afcac1fa67ce6d6d54a9512d6dbd921c4e6ff3e51d8a31ad726,JUN2026_StarlingStatement_2026-06.csv_56,JUN2026,starling,60-83-71 00558156,2026-06-10,-34.3,GBP,Marks & Spencer,MARKS&SPENCER PLC SACA,Marks & Spencer MARKS&SPENCER PLC SACA,CHIP & PIN,53492.02,,FOOD_AND_DRINK,,FOOD_AND_DRINK,Marks & Spencer MARKS&SPENCER PLC SACA Marks & Spencer MARKS&SPENCER PLC SACA CHIP & PIN,,,0,,PersonalExpense,M&S,,0.99,override_2,strong,0,rule
2026-06-10,f4754278c20a25c56486793473097a9ab473dd35e840801432a5fad21ca6ef2e,JUN2026_StarlingStatement_2026-06.csv_57,JUN2026,starling,60-83-71 00558156,2026-06-10,-16.75,GBP,Marks & Spencer,MARKS&SPENCER PLC SACA,Marks & Spencer MARKS&SPENCER PLC SACA,CONTACTLESS,53475.27,,FOOD_AND_DRINK,,FOOD_AND_DRINK,Marks & Spencer MARKS&SPENCER PLC SACA Marks & Spencer MARKS&SPENCER PLC SACA CONTACTLESS,,,0,,PersonalExpense,M&S,,0.99,override_2,strong,0,rule
2026-06-10,aae35b32dbb223ae3bdd28132583a87974518033645dcae38d0bf281c664f76c,JUN2026_StarlingStatement_2026-06.csv_58,JUN2026,starling,60-83-71 00558156,2026-06-10,-20.18,GBP,Peter Taperek,alham black paint,Peter Taperek alham black paint,FASTER PAYMENT,53455.09,,REPAIRS_AND_MAINTENANCE,,REPAIRS_AND_MAINTENANCE,Peter Taperek alham black paint Peter Taperek alham black paint FASTER PAYMENT,,,0,,PropertyExpense,,,0.99,cat_propertyexpense_19,strong,1,rule
2026-06-10,4d9b19c678ec4bb727e0c6288f39c91369a2528b7710b7506cfa6fb4a693aa10,JUN2026_StarlingStatement_2026-06.csv_59,JUN2026,starling,60-83-71 00558156,2026-06-10,-99.0,GBP,Swift Clear Drains,0739 8 8 blocksink,Swift Clear Drains 0739 8 8 blocksink,FASTER PAYMENT,53356.09,,REPAIRS_AND_MAINTENANCE,,REPAIRS_AND_MAINTENANCE,Swift Clear Drains 0739 8 8 blocksink Swift Clear Drains 0739 8 8 blocksink FASTER PAYMENT,,,0,,PropertyExpense,,,0.99,cat_propertyexpense_19,strong,1,rule
2026-06-10,8b5f6ccf9a955dcd42036e5203d978ef14949e59fe23d8b6c029ca47c1730958,JUN2026_StarlingStatement_2026-06.csv_60,JUN2026,starling,60-83-71 00558156,2026-06-10,-99.0,GBP,Swift Clear Drains,0738 131618,Swift Clear Drains 0738 131618,FASTER PAYMENT,53257.09,,REPAIRS_AND_MAINTENANCE,,REPAIRS_AND_MAINTENANCE,Swift Clear Drains 0738 131618 Swift Clear Drains 0738 131618 FASTER PAYMENT,,,0,,PropertyExpense,,,0.99,cat_propertyexpense_19,strong,1,rule
2026-06-10,d123c385f5b3fe023f35e58d151afe6d7276b94e206116cc04bbbd27a168accd,JUN2026_StarlingStatement_2026-06.csv_61,JUN2026,starling,60-83-71 00558156,2026-06-10,1000.0,GBP,MD FAHIM UDDIN,1 171,MD FAHIM UDDIN 1 171,FASTER PAYMENT,54257.09,,REVENUE,,REVENUE,MD FAHIM UDDIN 1 171 MD FAHIM UDDIN 1 171 FASTER PAYMENT,,,0,F1171FAW,OurRent,,,0.99,prop_rent_F1171FAW_79,strong,0,rule
2026-06-11,dbbae973af02e6d91eb43899eb4289378d1bdc1bb1bcfb07038c78e4df9ea90b,JUN2026_BC_6045_JUN2026.csv_9,JUN2026,barclays,20-74-09 60458872,2026-06-11,-9.99,GBP,,,NOW A395F UK HBO M    ON 10 JUN BCC,,,0,,Card Purchase,Card Purchase,NOW A395F UK HBO M    ON 10 JUN BCC,,,0,,PersonalExpense,Amazon,,0.99,cat_personalexpense_30,strong,0,rule
2026-06-11,5920c09ff456d19de564217f3f9e13af03fab836695f5119566ea52c60469e52,JUN2026_BC_4040_JUN2026.csv_15,JUN2026,barclays,20-74-09 40406538,2026-06-11,200.0,GBP,,,Rsa Capital Limite    office BGC,,,0,,Counter Credit,Counter Credit,Rsa Capital Limite    office BGC,,,0,,Interbank,,,0.99,override_40,strong,0,rule
2026-06-11,1216a7ba8bb20fdecced85b2596328a8bc4faaffa7cd52b9811a9cac78d5d5ef,JUN2026_BC_4040_JUN2026.csv_16,JUN2026,barclays,20-74-09 40406538,2026-06-11,-50.0,GBP,,,SOFIA VALENTINO-TU    FOOD FT,,,0,,Funds Transfer,Funds Transfer,SOFIA VALENTINO-TU    FOOD FT,,,0,,PersonalExpense,Sofia,,0.99,override_8,strong,0,rule
2026-06-11,ce38a22a260bca97241e6b4f6507826a4e23f6647325cccb1b6816e8d48558bc,JUN2026_StarlingStatement_2026-06.csv_62,JUN2026,starling,60-83-71 00558156,2026-06-11,900.0,GBP,Brett Ricketts,"8, 8 Alhambra","Brett Ricketts 8, 8 Alhambra",FASTER PAYMENT,55157.09,,REVENUE,,REVENUE,"Brett Ricketts 8, 8 Alhambra Brett Ricketts 8, 8 Alhambra FASTER PAYMENT",,,0,F3163FRA,OurRent,,,0.99,prop_rent_F3163FRA_83,strong,0,rule
2026-06-11,a1566ac81706e3854af8f3afe29656a53275e03aea832cb348bcb3dfbd537e1c,JUN2026_StarlingStatement_2026-06.csv_63,JUN2026,starling,60-83-71 00558156,2026-06-11,-156.2,GBP,Wickes,WICKES BUILDING,Wickes WICKES BUILDING,ONLINE PAYMENT,55000.89,,REPAIRS_AND_MAINTENANCE,,REPAIRS_AND_MAINTENANCE,Wickes WICKES BUILDING Wickes WICKES BUILDING ONLINE PAYMENT,,,0,,PropertyExpense,,,0.99,cat_propertyexpense_19,strong,1,rule
2026-06-11,bb583c5ac4be697c6394123f600fad8c6c63d94c0eb9bf502cb226937515c5a7,JUN2026_StarlingStatement_2026-06.csv_64,JUN2026,starling,60-83-71 00558156,2026-06-11,-7.74,GBP,Budgens,BUDGENS,Budgens BUDGENS,CONTACTLESS,54993.15,,FOOD_AND_DRINK,,FOOD_AND_DRINK,Budgens BUDGENS Budgens BUDGENS CONTACTLESS,,,0,,PersonalExpense,Budgens,,0.99,override_35,strong,0,rule
2026-06-11,4c8d96622559714bb5546956428b048f59abd2b495fb32ef491792b8cb1357f4,JUN2026_StarlingStatement_2026-06.csv_65,JUN2026,starling,60-83-71 00558156,2026-06-11,-55.4,GBP,Marks & Spencer,MARKS&SPENCER PLC,Marks & Spencer MARKS&SPENCER PLC,CONTACTLESS,54937.75,,FOOD_AND_DRINK,,FOOD_AND_DRINK,Marks & Spencer MARKS&SPENCER PLC Marks & Spencer MARKS&SPENCER PLC CONTACTLESS,,,0,,PersonalExpense,M&S,,0.99,override_2,strong,0,rule
2026-06-11,5b90fb52d45573e047badc9e0a41800ee7cdde70afb6df389980e6fff24e9926,JUN2026_StarlingStatement_2026-06.csv_66,JUN2026,starling,60-83-71 00558156,2026-06-11,-200.0,GBP,Ivana  VALENTINO,office,Ivana  VALENTINO office,FASTER PAYMENT,54737.75,,REPAIRS_AND_MAINTENANCE,,REPAIRS_AND_MAINTENANCE,Ivana  VALENTINO office Ivana  VALENTINO office FASTER PAYMENT,,,0,,PropertyExpense,,,0.99,cat_propertyexpense_19,strong,1,rule
2026-06-12,8d2ad493ecbb9edea2b15f84159d21c4e0656de9c874447f5f02bfa88060efe4,JUN2026_BC_6045_JUN2026.csv_10,JUN2026,barclays,20-74-09 60458872,2026-06-12,-6.0,GBP,,,NOW 54BDE GB Basic    ON 11 JUN BCC,,,0,,Card Purchase,Card Purchase,NOW 54BDE GB Basic    ON 11 JUN BCC,,,0,,PersonalExpense,Amazon,,0.99,cat_personalexpense_30,strong,0,rule
2026-06-12,11d95990799e6a1f7bfddb0b464f7f68470ccddaa4783b0f1c7e1aace6108d18,JUN2026_BC_3072_JUN2026.csv_34,JUN2026,barclays,20-53-97 30728691,2026-06-12,-330.57,GBP,,,BHAM MIDSHIRES        6092021491040000 DDR,,,184800,,Direct Debit,Direct Debit,BHAM MIDSHIRES        6092021491040000 DDR,,,0,F3169FAW,Mortgage,,,0.99,prop_mort_F3169FAW_11,strong,0,rule
2026-06-12,222369bb174fb1616e660cd9e3084e0203005b08a0729c54da770e63fdffba98,JUN2026_BC_3072_JUN2026.csv_35,JUN2026,barclays,20-53-97 30728691,2026-06-12,-352.97,GBP,,,TOPAZ FIN ROSINCA     BLA00010/132514207 DD,,,169548,,Direct Debit,Direct Debit,TOPAZ FIN ROSINCA     BLA00010/132514207 DD,,,0,F1169FAW,Mortgage,,,0.99,prop_mort_F1169FAW_8,strong,0,rule
2026-06-12,39fb65d6a52051f4be447353be6c6a9ccd8494b09bbc7aec5dddbcb86890fd38,JUN2026_BC_3072_JUN2026.csv_36,JUN2026,barclays,20-53-97 30728691,2026-06-12,-557.12,GBP,,,TOPAZ FIN ROSINCA     BLA00010/134332909 DD,,,169548,,Direct Debit,Direct Debit,TOPAZ FIN ROSINCA     BLA00010/134332909 DD,,,0,F11618ALH,Mortgage,,,0.99,prop_mort_F11618ALH_50,strong,0,rule
2026-06-12,3f0459cf86d1f14ecec41698a901e63ef8ff71230943be27ca74cac10421ee16,JUN2026_BC_3072_JUN2026.csv_37,JUN2026,barclays,20-53-97 30728691,2026-06-12,-557.53,GBP,,,TOPAZ FIN ROSINCA     BLA00010/134338410 DD,,,169548,,Direct Debit,Direct Debit,TOPAZ FIN ROSINCA     BLA00010/134338410 DD,,,0,F131618ALH,Mortgage,,,0.99,prop_mort_F131618ALH_56,strong,0,rule
2026-06-12,37790a7123c8dc79269a8b5c77e36eae4884d197e58f5235a2b0fd8ee3aa1990,JUN2026_BC_3072_JUN2026.csv_38,JUN2026,barclays,20-53-97 30728691,2026-06-12,-577.53,GBP,,,TOPAZ FIN ROSINCA     BLA00010/134467209 DD,,,169548,,Direct Debit,Direct Debit,TOPAZ FIN ROSINCA     BLA00010/134467209 DD,,,0,F141214ALH,Mortgage,,,0.99,prop_mort_F141214ALH_48,strong,0,rule
2026-06-12,8a43db63d218e4266607e6e0d75964686bbfaa1a7b77bae4396b3212eef4ef63,JUN2026_BC_3072_JUN2026.csv_39,JUN2026,barclays,20-53-97 30728691,2026-06-12,-523.18,GBP,,,TOPAZ FIN ROSINCA     BLA00010/137376006 DD,,,169548,,Direct Debit,Direct Debit,TOPAZ FIN ROSINCA     BLA00010/137376006 DD,,,0,F1171FAW,Mortgage,,,0.99,prop_mort_F1171FAW_14,strong,0,rule
2026-06-12,8b78025bfb277c791a11a63ee0861e37924be9d2cea5ade2c3c1ec72e7363d7a,JUN2026_BC_3072_JUN2026.csv_40,JUN2026,barclays,20-53-97 30728691,2026-06-12,-562.52,GBP,,,TOPAZ FIN JASPER      PRU00010/191462710 DD,,,169547,,Direct Debit,Direct Debit,TOPAZ FIN JASPER      PRU00010/191462710 DD,,,0,F3171FAW,Mortgage,,,0.99,prop_mort_F3171FAW_16,strong,0,rule
2026-06-12,23d4164c87d4e5dfa57e83c0310b659abb6ee8d13647362b9ea35aa34b562d52,JUN2026_BC_3072_JUN2026.csv_41,JUN2026,barclays,20-53-97 30728691,2026-06-12,-37.68,GBP,,,AVIVA LIFE            014033997 DDR,,,990457,,Direct Debit,Direct Debit,AVIVA LIFE            014033997 DDR,,,0,,RegularPayment,,,0.99,cat_regularpayment_27,strong,0,rule
2026-06-12,f887dd002572c4b995cf71cf30036d336e25a8aa4b93b76935c9d6c51cfa8581,JUN2026_StarlingStatement_2026-06.csv_67,JUN2026,starling,60-83-71 00558156,2026-06-12,800.0,GBP,Samuel Kirwin,Rent 5 12-14 SK,Samuel Kirwin Rent 5 12-14 SK,FASTER PAYMENT,55537.75,,REVENUE,,REVENUE,Samuel Kirwin Rent 5 12-14 SK Samuel Kirwin Rent 5 12-14 SK FASTER PAYMENT,,,0,F51214ALH,OurRent,,,0.99,prop_rent_F51214ALH_107,strong,0,rule
2026-06-12,2292c92887fcc591de83ee99ec9d0f70b32c7d0b136f60504d0746b2e1902c36,JUN2026_StarlingStatement_2026-06.csv_68,JUN2026,starling,60-83-71 00558156,2026-06-12,-600.0,GBP,Central Energy South Limited,826 196b rep,Central Energy South Limited 826 196b rep,FASTER PAYMENT,54937.75,,REPAIRS_AND_MAINTENANCE,,REPAIRS_AND_MAINTENANCE,Central Energy South Limited 826 196b rep Central Energy South Limited 826 196b rep FASTER PAYMENT,,,0,196BKIN,PropertyExpense,,,0.99,prop_rent_196BKIN_87,strong,0,rule
2026-06-12,5e8259df4f6320b1ad6cd05195e573b476b7945e881d0958622d1bb077e52823,JUN2026_StarlingStatement_2026-06.csv_69,JUN2026,starling,60-83-71 00558156,2026-06-12,-56.85,GBP,Marks & Spencer,MARKS&SPENCER PLC SACA,Marks & Spencer MARKS&SPENCER PLC SACA,CONTACTLESS,54880.9,,FOOD_AND_DRINK,,FOOD_AND_DRINK,Marks & Spencer MARKS&SPENCER PLC SACA Marks & Spencer MARKS&SPENCER PLC SACA CONTACTLESS,,,0,,PersonalExpense,M&S,,0.99,override_2,strong,0,rule
2026-06-13,011e2d2f137e14fc8187ac4e793f27bd5dc2b5f22ec92d42284e2cebdbce2923,JUN2026_StarlingStatement_2026-06.csv_70,JUN2026,starling,60-83-71 00558156,2026-06-13,-19.8,GBP,The Highlands Pharmacy,THE HIGHLANDS PHARMACY,The Highlands Pharmacy THE HIGHLANDS PHARMACY,CONTACTLESS,54861.1,,OTHER,,OTHER,The Highlands Pharmacy THE HIGHLANDS PHARMACY The Highlands Pharmacy THE HIGHLANDS PHARMACY CONTACTLESS,,,0,,PersonalExpense,Pharmacy/Opticians/Dental,,0.99,override_22,strong,0,rule
2026-06-13,a59ea4db33cf18a75b6b3b54dd437d1bdb417900c55f25e09680cbe109613f52,JUN2026_StarlingStatement_2026-06.csv_71,JUN2026,starling,60-83-71 00558156,2026-06-13,-73.27,GBP,ALDI,ALDI STORES,ALDI ALDI STORES,CONTACTLESS,54787.83,,FOOD_AND_DRINK,,FOOD_AND_DRINK,ALDI ALDI STORES ALDI ALDI STORES CONTACTLESS,,,0,,PersonalExpense,ALDI,,0.99,override_20,strong,0,rule
2026-06-13,e273293689d825d0465af3acd3e1143a65df93d5a4b0d85fea915db6d2ff143c,JUN2026_StarlingStatement_2026-06.csv_72,JUN2026,starling,60-83-71 00558156,2026-06-13,-4.75,GBP,Budgens,BUDGENS,Budgens BUDGENS,CONTACTLESS,54783.08,,FOOD_AND_DRINK,,FOOD_AND_DRINK,Budgens BUDGENS Budgens BUDGENS CONTACTLESS,,,0,,PersonalExpense,Budgens,,0.99,override_35,strong,0,rule
2026-06-13,9609877ffa4304a6ba7c602b7b678223dbec28fcb4c01e5450ee609321b9b4fa,JUN2026_StarlingStatement_2026-06.csv_73,JUN2026,starling,60-83-71 00558156,2026-06-13,-3.69,GBP,Budgens,BUDGENS,Budgens BUDGENS,CONTACTLESS,54779.39,,FOOD_AND_DRINK,,FOOD_AND_DRINK,Budgens BUDGENS Budgens BUDGENS CONTACTLESS,,,0,,PersonalExpense,Budgens,,0.99,override_35,strong,0,rule
2026-06-13,cb259efeb5aaf1fd4b4c4283f85fafb2148e248b3f6bad766dc029f547e3c686,JUN2026_StarlingStatement_2026-06.csv_74,JUN2026,starling,60-83-71 00558156,2026-06-13,-60.65,GBP,Marks & Spencer,MARKS&SPENCER PLC,Marks & Spencer MARKS&SPENCER PLC,CHIP & PIN,54718.74,,FOOD_AND_DRINK,,FOOD_AND_DRINK,Marks & Spencer MARKS&SPENCER PLC Marks & Spencer MARKS&SPENCER PLC CHIP & PIN,,,0,,PersonalExpense,M&S,,0.99,override_2,strong,0,rule
2026-06-13,b9a003e615ff33ff31e3a779abf51c6c4115c5ba38b3e969c628595ebc5630ac,JUN2026_StarlingStatement_2026-06.csv_75,JUN2026,starling,60-83-71 00558156,2026-06-13,-9.9,GBP,Highlands Surgery,HIGHLANDS SURGERY,Highlands Surgery HIGHLANDS SURGERY,CONTACTLESS,54708.84,,PROFESSIONAL_SERVICES,,PROFESSIONAL_SERVICES,Highlands Surgery HIGHLANDS SURGERY Highlands Surgery HIGHLANDS SURGERY CONTACTLESS,,,0,,OtherExpense,,,0.65,cat_otherexpense_35,catch_all,1,rule
2026-06-13,7e51aa2836d48f2c544fcc6dba77873105d26e10595d5030201f8b7f0501784e,JUN2026_StarlingStatement_2026-06.csv_76,JUN2026,starling,60-83-71 00558156,2026-06-13,-11.0,GBP,IMO Carwash,ANDUFF CAR WASH LIMITE,IMO Carwash ANDUFF CAR WASH LIMITE,CONTACTLESS,54697.84,,VEHICLES,,VEHICLES,IMO Carwash ANDUFF CAR WASH LIMITE IMO Carwash ANDUFF CAR WASH LIMITE CONTACTLESS,,,0,,OtherExpense,,,0.65,cat_otherexpense_35,catch_all,1,rule
2026-06-13,0b989c57bcd76a44d2e2c808d83b141e874469ccfcac2d96fa8c7ea55bdef024,JUN2026_StarlingStatement_2026-06.csv_77,JUN2026,starling,60-83-71 00558156,2026-06-13,-11.0,GBP,TK Maxx,TKMAXX_UK,TK Maxx TKMAXX_UK,CONTACTLESS,54686.84,,OTHER,,OTHER,TK Maxx TKMAXX_UK TK Maxx TKMAXX_UK CONTACTLESS,,,0,,PersonalExpense,Clothing,,0.99,override_25,strong,0,rule
2026-06-13,e34232d1ae55228da6e29fabbe2ae559a9bc209be399d5af5640d4ac3920805a,JUN2026_StarlingStatement_2026-06.csv_78,JUN2026,starling,60-83-71 00558156,2026-06-13,-22.48,GBP,Peter Taperek,3163 paint,Peter Taperek 3163 paint,FASTER PAYMENT,54664.36,,REPAIRS_AND_MAINTENANCE,,REPAIRS_AND_MAINTENANCE,Peter Taperek 3163 paint Peter Taperek 3163 paint FASTER PAYMENT,,,0,F3163FRA,PropertyExpense,,,0.99,prop_rent_F3163FRA_83,strong,0,rule
2026-06-13,74cbb74be58b62cb8634bf0be23c4d57442ce472d0da9c9f1a3ba5d6dc66b087,JUN2026_StarlingStatement_2026-06.csv_79,JUN2026,starling,60-83-71 00558156,2026-06-13,-17.0,GBP,Peter Taperek,3173 repairs,Peter Taperek 3173 repairs,FASTER PAYMENT,54647.36,,REPAIRS_AND_MAINTENANCE,,REPAIRS_AND_MAINTENANCE,Peter Taperek 3173 repairs Peter Taperek 3173 repairs FASTER PAYMENT,,,0,,PropertyExpense,,,0.99,cat_propertyexpense_19,strong,1,rule
2026-06-14,dd2210234bdddad5b52cbc32b45c980c31f9189ae8d2f14e17d248c4cc1f230e,JUN2026_StarlingStatement_2026-06.csv_80,JUN2026,starling,60-83-71 00558156,2026-06-14,900.0,GBP,Lauren Bullock,LBULLOCK-17-Alhamb,Lauren Bullock LBULLOCK-17-Alhamb,FASTER PAYMENT,55547.36,,REVENUE,,REVENUE,Lauren Bullock LBULLOCK-17-Alhamb Lauren Bullock LBULLOCK-17-Alhamb FASTER PAYMENT,,,0,F1746ALH,OurRent,,,0.99,prop_rent_F1746ALH_90,strong,0,rule
2026-06-14,929dda874ac42bc62a7655973492095bb56339b92ef92d877b06a379fcdd156a,JUN2026_StarlingStatement_2026-06.csv_81,JUN2026,starling,60-83-71 00558156,2026-06-14,-1.5,GBP,Tesco,TESCO STORES 2105,Tesco TESCO STORES 2105,CONTACTLESS,55545.86,,FOOD_AND_DRINK,,FOOD_AND_DRINK,Tesco TESCO STORES 2105 Tesco TESCO STORES 2105 CONTACTLESS,,,0,,PersonalExpense,Tesco,,0.99,override_9,strong,0,rule
2026-06-14,189e4bfcd8cbbd5b3d94d4b7046c9a6feee5964d47f52d868d4eb00319da9028,JUN2026_StarlingStatement_2026-06.csv_82,JUN2026,starling,60-83-71 00558156,2026-06-14,-207.17,GBP,Tesco,TESCO STORES 2105,Tesco TESCO STORES 2105,CHIP & PIN,55338.69,,FOOD_AND_DRINK,,FOOD_AND_DRINK,Tesco TESCO STORES 2105 Tesco TESCO STORES 2105 CHIP & PIN,,,0,,PersonalExpense,Tesco,,0.99,override_9,strong,0,rule
2026-06-14,4a633fdae2dc13d350e9469105e542182a2625983b4d5935a035a501bc36cdef,JUN2026_StarlingStatement_2026-06.csv_83,JUN2026,starling,60-83-71 00558156,2026-06-14,-1.8,GBP,Harpur Centre Bedford,Harpur Centre Bedford,Harpur Centre Bedford Harpur Centre Bedford,CONTACTLESS,55336.89,,TRAVEL,,TRAVEL,Harpur Centre Bedford Harpur Centre Bedford Harpur Centre Bedford Harpur Centre Bedford CONTACTLESS,,,0,,OtherExpense,,,0.65,cat_otherexpense_35,catch_all,1,rule
2026-06-14,8b3470713f55b46ea0d2a988a83c9cf32a79013f2d8f775250f3daa412bcd505,JUN2026_StarlingStatement_2026-06.csv_84,JUN2026,starling,60-83-71 00558156,2026-06-14,850.0,GBP,CROSSLEY-TURNER,16 12-14 ALHAMBRA,CROSSLEY-TURNER 16 12-14 ALHAMBRA,FASTER PAYMENT,56186.89,,REVENUE,,REVENUE,CROSSLEY-TURNER 16 12-14 ALHAMBRA CROSSLEY-TURNER 16 12-14 ALHAMBRA FASTER PAYMENT,,,0,F161214ALH,OurRent,,,0.99,prop_rent_F161214ALH_104,strong,0,rule
2026-06-14,3056d7993cb9aa5aca96dd52ac6ac309c73e73a79bf0dc771f2b4a1d80dc2f27,JUN2026_StarlingStatement_2026-06.csv_85,JUN2026,starling,60-83-71 00558156,2026-06-14,-12.28,GBP,Budgens,BUDGENS,Budgens BUDGENS,CONTACTLESS,56174.61,,FOOD_AND_DRINK,,FOOD_AND_DRINK,Budgens BUDGENS Budgens BUDGENS CONTACTLESS,,,0,,PersonalExpense,Budgens,,0.99,override_35,strong,0,rule
2026-06-14,80462cf5b2843659b6fd233cc77ead9338712c206ce79ef67075e88ac63a2d21,JUN2026_StarlingStatement_2026-06.csv_86,JUN2026,starling,60-83-71 00558156,2026-06-14,-43.98,GBP,Peter Taperek,alhamb black paint,Peter Taperek alhamb black paint,FASTER PAYMENT,56130.63,,REPAIRS_AND_MAINTENANCE,,REPAIRS_AND_MAINTENANCE,Peter Taperek alhamb black paint Peter Taperek alhamb black paint FASTER PAYMENT,,,0,,PropertyExpense,,,0.99,cat_propertyexpense_19,strong,1,rule
2026-06-14,077270c3117f3be53d8388dcbb20f40ff5542c88638a60b4500a25c7ba3e02ca,JUN2026_StarlingStatement_2026-06.csv_87,JUN2026,starling,60-83-71 00558156,2026-06-14,-22.48,GBP,Peter Taperek,3163 paint,Peter Taperek 3163 paint,FASTER PAYMENT,56108.15,,REPAIRS_AND_MAINTENANCE,,REPAIRS_AND_MAINTENANCE,Peter Taperek 3163 paint Peter Taperek 3163 paint FASTER PAYMENT,,,0,F3163FRA,PropertyExpense,,,0.99,prop_rent_F3163FRA_83,strong,0,rule
2026-06-15,f73c7f2c71e054139b1f5ed8933d2c49be8cb867da95d1a674fe09492a1d1a1f,JUN2026_BC_6045_JUN2026.csv_11,JUN2026,barclays,20-74-09 60458872,2026-06-15,-21.99,GBP,,,Spotify Limited       ON 13 JUN BCC,,,0,,Card Purchase,Card Purchase,Spotify Limited       ON 13 JUN BCC,,,0,,RegularPayment,,,0.99,cat_regularpayment_26,strong,0,rule
2026-06-15,ea8ebf8654ba6c77cf1fbc76ff3700d1abb16209ec2c6a625e25b4713cb6d9ea,JUN2026_BC_6045_JUN2026.csv_12,JUN2026,barclays,20-74-09 60458872,2026-06-15,25.0,GBP,,,X04025220             childrens christma BG,,,0,,Counter Credit,Counter Credit,X04025220             childrens christma BG,,,0,,OtherIncome,,,0.65,cat_otherincome_34,catch_all,1,rule
2026-06-15,8ba712185152bde799bb5f4077917447b5887767241062d49e89552f64a9d3a4,JUN2026_BC_3072_JUN2026.csv_42,JUN2026,barclays,20-53-97 30728691,2026-06-15,-431.51,GBP,,,TOPAZ RE ROSINCA      ROW20004/560470501 DD,,,169548,,Direct Debit,Direct Debit,TOPAZ RE ROSINCA      ROW20004/560470501 DD,,,0,F68ALH,Mortgage,,,0.99,prop_mort_F68ALH_64,strong,0,rule
2026-06-15,3955fadd194ac686667ee031230566ceca885db4685894575db6b3b720d5bbed,JUN2026_BC_3072_JUN2026.csv_43,JUN2026,barclays,20-53-97 30728691,2026-06-15,-513.03,GBP,,,TOPAZ RE ROSINCA      ROW20004/560471505 DD,,,169548,,Direct Debit,Direct Debit,TOPAZ RE ROSINCA      ROW20004/560471505 DD,,,0,F1946ALH,Mortgage,,,0.99,prop_mort_F1946ALH_63,strong,0,rule
2026-06-15,92f61ead86d2f2b167949da3e42838a159d6b2e0641374bdb4037f42b15d522a,JUN2026_BC_3072_JUN2026.csv_44,JUN2026,barclays,20-53-97 30728691,2026-06-15,-457.62,GBP,,,TOPAZ FIN JASPER      PRU00010/190778206 DD,,,169547,,Direct Debit,Direct Debit,TOPAZ FIN JASPER      PRU00010/190778206 DD,,,0,F51214ALH,Mortgage,,,0.99,prop_mort_F51214ALH_44,strong,0,rule
2026-06-15,31e86a33d56ebeb52d6990e93251ef2fceb0a56d00f987012d6464c765eec920,JUN2026_BC_3072_JUN2026.csv_45,JUN2026,barclays,20-53-97 30728691,2026-06-15,-457.7,GBP,,,TOPAZ FIN JASPER      PRU00010/190812705 DD,,,169547,,Direct Debit,Direct Debit,TOPAZ FIN JASPER      PRU00010/190812705 DD,,,0,F31214ALH,Mortgage,,,0.99,prop_mort_F31214ALH_41,strong,0,rule
2026-06-15,0216a1f86213b9a93e4e95e1bd043d2d27a85b283d2b74c6e51ede77ee6c01fa,JUN2026_BC_3072_JUN2026.csv_46,JUN2026,barclays,20-53-97 30728691,2026-06-15,-457.54,GBP,,,TOPAZ FIN JASPER      PRU00010/190859506 DD,,,169547,,Direct Debit,Direct Debit,TOPAZ FIN JASPER      PRU00010/190859506 DD,,,0,F71618ALH,Mortgage,,,0.99,prop_mort_F71618ALH_53,strong,0,rule
2026-06-15,733dd139b30d5e61218bf45c186231dc4bfc0d5df1fd527c4948bbf8f7fde78f,JUN2026_BC_3072_JUN2026.csv_47,JUN2026,barclays,20-53-97 30728691,2026-06-15,-457.64,GBP,,,TOPAZ FIN JASPER      PRU00010/190885105 DD,,,169547,,Direct Debit,Direct Debit,TOPAZ FIN JASPER      PRU00010/190885105 DD,,,0,F101214ALH,Mortgage,,,0.99,prop_mort_F101214ALH_47,strong,0,rule
2026-06-15,87eec4cd88c40f5ea466cea3f4ccfc06938e57bee249be9345af5e6ae9f5996b,JUN2026_BC_3072_JUN2026.csv_48,JUN2026,barclays,20-53-97 30728691,2026-06-15,-473.51,GBP,,,TOPAZ FIN JASPER      PRU00010/190885203 DD,,,169547,,Direct Debit,Direct Debit,TOPAZ FIN JASPER      PRU00010/190885203 DD,,,0,F161214ALH,Mortgage,,,0.99,prop_mort_F161214ALH_49,strong,0,rule
2026-06-15,d5e8347d68a63c3aca27e9e1a5284a80870c9f21b4f41d575105195393d2ed91,JUN2026_BC_3072_JUN2026.csv_49,JUN2026,barclays,20-53-97 30728691,2026-06-15,-473.51,GBP,,,TOPAZ FIN JASPER      PRU00010/190892600 DD,,,169547,,Direct Debit,Direct Debit,TOPAZ FIN JASPER      PRU00010/190892600 DD,,,0,F161618ALH,Mortgage,,,0.99,prop_mort_F161618ALH_57,strong,0,rule
2026-06-15,59de6c23acb66242fc2dcfc92f6933a4362dc24fb1f5edf481001cc6e045bd46,JUN2026_BC_3072_JUN2026.csv_50,JUN2026,barclays,20-53-97 30728691,2026-06-15,-457.54,GBP,,,TOPAZ FIN JASPER      PRU00010/190959705 DD,,,169547,,Direct Debit,Direct Debit,TOPAZ FIN JASPER      PRU00010/190959705 DD,,,0,F121618ALH,Mortgage,,,0.99,prop_mort_F121618ALH_55,strong,0,rule
2026-06-15,998919eeaf61e36794f35044128d06bfc979e8ecbbdde17c50c16e68421e3046,JUN2026_BC_3072_JUN2026.csv_51,JUN2026,barclays,20-53-97 30728691,2026-06-15,8031.32,GBP,,,Rsa Capital Limite    mortgages BGC,,,0,,Counter Credit,Counter Credit,Rsa Capital Limite    mortgages BGC,,,0,,Interbank,,,0.99,override_40,strong,0,rule
2026-06-15,61b1f02e4b0205eeda0621a797e7c1c23b67cf31c9488b016acd355f58c5ff5d,JUN2026_BC_4040_JUN2026.csv_17,JUN2026,barclays,20-74-09 40406538,2026-06-15,-19.3,GBP,,,MARKS&SPENCER PLC     ON 14 JUN BCC,,,0,,Card Purchase,Card Purchase,MARKS&SPENCER PLC     ON 14 JUN BCC,,,0,,PersonalExpense,M&S,,0.99,cat_personalexpense_30,strong,0,rule
2026-06-15,e667d9d353da6856c92faeb9bb4b891f445b46f2283e5a614c458d2e0eb0c095,JUN2026_BC_4040_JUN2026.csv_18,JUN2026,barclays,20-74-09 40406538,2026-06-15,-3.87,GBP,,,COSTA COFFEE 43010    ON 14 JUN CLP,,,0,,Contactless Card Purchase,Contactless Card Purchase,COSTA COFFEE 43010    ON 14 JUN CLP,,,0,,PersonalExpense,EatingOut,,0.99,cat_personalexpense_30,strong,0,rule
2026-06-15,a76f7e687d1f9dce6f687d34de753400525ea069b2a91f5b27ac9e5024fb830d,JUN2026_BC_4040_JUN2026.csv_19,JUN2026,barclays,20-74-09 40406538,2026-06-15,-21.0,GBP,,,Space NK Milton Ke    ON 14 JUN CLP,,,0,,Contactless Card Purchase,Contactless Card Purchase,Space NK Milton Ke    ON 14 JUN CLP,,,0,,PersonalExpense,Other,,0.99,cat_personalexpense_30,strong,0,rule
2026-06-15,89e58bbac858975183cc5c8a0a036f04b08fae731f7c7abb140026c667b2f5af,JUN2026_BC_4040_JUN2026.csv_20,JUN2026,barclays,20-74-09 40406538,2026-06-15,-59.5,GBP,,,Space NK Milton Ke    ON 14 JUN CLP,,,0,,Contactless Card Purchase,Contactless Card Purchase,Space NK Milton Ke    ON 14 JUN CLP,,,0,,PersonalExpense,Other,,0.99,cat_personalexpense_30,strong,0,rule
2026-06-15,dd0a294b787a17cdbba9dadb43cdf451905112a1be8576ae56bbda3b699570e3,JUN2026_StarlingStatement_2026-06.csv_88,JUN2026,starling,60-83-71 00558156,2026-06-15,850.0,GBP,Lucinda Francis,"7, 8 Alhambra Road","Lucinda Francis 7, 8 Alhambra Road",FASTER PAYMENT,56958.15,,REVENUE,,REVENUE,"Lucinda Francis 7, 8 Alhambra Road Lucinda Francis 7, 8 Alhambra Road FASTER PAYMENT",,,0,F78ALH,OurRent,,,0.99,prop_rent_F78ALH_99,strong,0,rule
2026-06-15,d6fde8b2e45404d6ecaaa1276d8493d4883bdd39004477e2492030bde2de0965,JUN2026_StarlingStatement_2026-06.csv_89,JUN2026,starling,60-83-71 00558156,2026-06-15,725.0,GBP,TULLETT C P,4163 Rent,TULLETT C P 4163 Rent,FASTER PAYMENT,57683.15,,REVENUE,,REVENUE,TULLETT C P 4163 Rent TULLETT C P 4163 Rent FASTER PAYMENT,,,0,F4163FRA,OurRent,,,0.99,prop_rent_F4163FRA_84,strong,0,rule
2026-06-15,4ef12c9a4170cd4b42c52da7077287b400487736060b095e1475fa7ad2683b45,JUN2026_StarlingStatement_2026-06.csv_90,JUN2026,starling,60-83-71 00558156,2026-06-15,-8031.32,GBP,Ivana Valentino 3072,mortgages,Ivana Valentino 3072 mortgages,FASTER PAYMENT,49651.83,,INTEREST_PAYMENTS,,INTEREST_PAYMENTS,Ivana Valentino 3072 mortgages Ivana Valentino 3072 mortgages FASTER PAYMENT,,,0,,MortgageRefund,Ivana,,0.99,cat_mortgagerefund_15,strong,0,rule
2026-06-15,50db42c31d721649e31c6d530f35edf358a108fd126c88c6a05dd429420e73a1,JUN2026_StarlingStatement_2026-06.csv_91,JUN2026,starling,60-83-71 00558156,2026-06-15,-12.15,GBP,Co-op,CO OPERATIVE FOOD,Co-op CO OPERATIVE FOOD,CONTACTLESS,49639.68,,REPAIRS_AND_MAINTENANCE,,REPAIRS_AND_MAINTENANCE,Co-op CO OPERATIVE FOOD Co-op CO OPERATIVE FOOD CONTACTLESS,,,0,,PersonalExpense,COOP,,0.99,cat_propertyexpense_19,strong,0,rule
2026-06-15,111598a6916ccaf9a055abdfd2ee2102ceca50f57f7f4b11d330206f93fab987,JUN2026_StarlingStatement_2026-06.csv_92,JUN2026,starling,60-83-71 00558156,2026-06-15,-4.5,GBP,Mk Council,MK COUNCIL - IPS,Mk Council MK COUNCIL - IPS,CONTACTLESS,49635.18,,TRAVEL,,TRAVEL,Mk Council MK COUNCIL - IPS Mk Council MK COUNCIL - IPS CONTACTLESS,,,0,,PersonalExpense,Other,,0.99,override_30,strong,0,rule
2026-06-15,e29e558ae5e1d7575f5706786d41745923075a74198a9ea9451d1033c6ee7c40,JUN2026_StarlingStatement_2026-06.csv_93,JUN2026,starling,60-83-71 00558156,2026-06-15,875.0,GBP,JAKE BISHOP,flat 2 321 london,JAKE BISHOP flat 2 321 london,FASTER PAYMENT,50510.18,,REVENUE,,REVENUE,JAKE BISHOP flat 2 321 london JAKE BISHOP flat 2 321 london FASTER PAYMENT,,,0,F2321LON,OurRent,,,0.99,prop_rent_F2321LON_72,strong,0,rule
2026-06-15,5065d7e580b9431e6fab5af603a655aa81b5c6ba9cbed074786e11fcfdaccff0,JUN2026_StarlingStatement_2026-06.csv_94,JUN2026,starling,60-83-71 00558156,2026-06-15,-100.0,GBP,Ivana  VALENTINO,admin,Ivana  VALENTINO admin,FASTER PAYMENT,50410.18,,REPAIRS_AND_MAINTENANCE,,REPAIRS_AND_MAINTENANCE,Ivana  VALENTINO admin Ivana  VALENTINO admin FASTER PAYMENT,,,0,,PropertyExpense,,,0.99,cat_propertyexpense_19,strong,1,rule
2026-06-16,ed297bb487a030149c590d7c6c9caaaed64b82c18e048fb73177f7a4535f39f5,JUN2026_BC_3072_JUN2026.csv_52,JUN2026,barclays,20-53-97 30728691,2026-06-16,-34.18,GBP,,,BHAM MIDSHIRES        6792116720030000 DDR,,,184800,,Direct Debit,Direct Debit,BHAM MIDSHIRES        6792116720030000 DDR,,,0,F2321LON,Mortgage,,,0.99,prop_mort_F2321LON_5,strong,0,rule
2026-06-16,4ff2635e1b9855297c8ca69354d736495f6f164102b6916d86249a86f8e53769,JUN2026_BC_3072_JUN2026.csv_53,JUN2026,barclays,20-53-97 30728691,2026-06-16,-548.18,GBP,,,BHAM MIDSHIRES        6092045443050000 DDR,,,184800,,Direct Debit,Direct Debit,BHAM MIDSHIRES        6092045443050000 DDR,,,0,23BHAM,Mortgage,,,0.99,prop_mort_23BHAM_27,strong,0,rule
2026-06-16,7ec376f4a37a00039cb30280c0e883f4bd61cd5fe9b544b047ebb6afad3dc674,JUN2026_BC_4040_JUN2026.csv_21,JUN2026,barclays,20-74-09 40406538,2026-06-16,100.0,GBP,,,Rsa Capital Limite    admin BGC,,,0,,Counter Credit,Counter Credit,Rsa Capital Limite    admin BGC,,,0,,Interbank,,,0.99,override_40,strong,0,rule
2026-06-16,157632557758256299250f46a93e5e9e602131402531b669967347285b30e4f7,JUN2026_BC_4040_JUN2026.csv_22,JUN2026,barclays,20-74-09 40406538,2026-06-16,-8.31,GBP,,,BUDGENS               ON 15 JUN CLP,,,0,,Contactless Card Purchase,Contactless Card Purchase,BUDGENS               ON 15 JUN CLP,,,0,,PersonalExpense,Budgens,,0.99,cat_personalexpense_30,strong,0,rule
2026-06-16,ec6f27d0240861bca98816f2eca3b3e5d0a5e83d5c748d288b952fe9224fa89d,JUN2026_BC_4040_JUN2026.csv_23,JUN2026,barclays,20-74-09 40406538,2026-06-16,-60.85,GBP,,,TESCO STORES 2547     ON 15 JUN CLP,,,0,,Contactless Card Purchase,Contactless Card Purchase,TESCO STORES 2547     ON 15 JUN CLP,,,0,,PersonalExpense,Tesco,,0.99,cat_personalexpense_30,strong,0,rule
2026-06-16,f1f8126ca876fbf04a0100ae125faf05c0dda5bb6e0418325c64b8b70ed4e9ac,JUN2026_StarlingStatement_2026-06.csv_95,JUN2026,starling,60-83-71 00558156,2026-06-16,-37.44,GBP,Ls Partyramakingston,LS PARTYRAMAKINGSTON,Ls Partyramakingston LS PARTYRAMAKINGSTON,CONTACTLESS,50372.74,,EQUIPMENT,,EQUIPMENT,Ls Partyramakingston LS PARTYRAMAKINGSTON Ls Partyramakingston LS PARTYRAMAKINGSTON CONTACTLESS,,,0,,OtherExpense,,,0.65,cat_otherexpense_35,catch_all,1,rule
2026-06-16,d8ac2315393307325cbc896c11865148377f6aba0c381b407868d8a6fc86be2f,JUN2026_StarlingStatement_2026-06.csv_96,JUN2026,starling,60-83-71 00558156,2026-06-16,-99.96,GBP,Morr Bedford,MORR BEDFORD,Morr Bedford MORR BEDFORD,CONTACTLESS,50272.78,,VEHICLES,,VEHICLES,Morr Bedford MORR BEDFORD Morr Bedford MORR BEDFORD CONTACTLESS,,,0,,OtherExpense,,,0.65,cat_otherexpense_35,catch_all,1,rule
2026-06-16,8dc8d24f587ce89ff607d19da1bc92857cd5a28385baf8953c31c41da0da9428,JUN2026_StarlingStatement_2026-06.csv_97,JUN2026,starling,60-83-71 00558156,2026-06-16,-20.41,GBP,New County Service Sta,NEW COUNTY SERVICE STA,New County Service Sta NEW COUNTY SERVICE STA,CONTACTLESS,50252.37,,VEHICLES,,VEHICLES,New County Service Sta NEW COUNTY SERVICE STA New County Service Sta NEW COUNTY SERVICE STA CONTACTLESS,,,0,,PersonalExpense,Garage,,0.99,override_5,strong,0,rule
2026-06-16,6b17b8ddb6a7fa1a47d78481f9654b8035abbad08233dd94fb46d3b904a5cb0f,JUN2026_StarlingStatement_2026-06.csv_98,JUN2026,starling,60-83-71 00558156,2026-06-16,850.0,GBP,Lucy Morton-Scott,"Flat 11, 12-14","Lucy Morton-Scott Flat 11, 12-14",FASTER PAYMENT,51102.37,,REVENUE,,REVENUE,"Lucy Morton-Scott Flat 11, 12-14 Lucy Morton-Scott Flat 11, 12-14 FASTER PAYMENT",,,0,F111214ALH,OurRent,,,0.99,prop_rent_F111214ALH_102,strong,0,rule
2026-06-16,1a0476ae1fd3642e3e371ff431e8041197f17139bd2a2a8e33e24fd5be7f1e43,JUN2026_StarlingStatement_2026-06.csv_99,JUN2026,starling,60-83-71 00558156,2026-06-16,-23.24,GBP,ALDI,ALDI STORES,ALDI ALDI STORES,CONTACTLESS,51079.13,,FOOD_AND_DRINK,,FOOD_AND_DRINK,ALDI ALDI STORES ALDI ALDI STORES CONTACTLESS,,,0,,PersonalExpense,ALDI,,0.99,override_20,strong,0,rule
2026-06-16,f569f63a078a55d0e1f86a96b8331dd7b8db1bf945cc40206dc5063bab59900f,JUN2026_StarlingStatement_2026-06.csv_100,JUN2026,starling,60-83-71 00558156,2026-06-16,775.0,GBP,R Chowdhury,FLAT RENT,R Chowdhury FLAT RENT,FASTER PAYMENT,51854.13,,REVENUE,,REVENUE,R Chowdhury FLAT RENT R Chowdhury FLAT RENT FASTER PAYMENT,,,0,F1321LON,OurRent,,,0.99,prop_rent_F1321LON_71,strong,0,rule
2026-06-17,69db53dd1f32709b47ac44a6c06aaf73ad0d91ad7bbca716238aa56d66fc521b,JUN2026_BC_6045_JUN2026.csv_13,JUN2026,barclays,20-74-09 60458872,2026-06-17,-18.99,GBP,,,PAYPAL PAYMENT        5CM22229DF5GW DDR,,,679848,,Direct Debit,Direct Debit,PAYPAL PAYMENT        5CM22229DF5GW DDR,,,0,,RegularPayment,,,0.99,cat_regularpayment_27,strong,0,rule
2026-06-17,aefb965f52d826df762c382f024650a9ec3fe4c8b3ea11781af0a7b9c3cab368,JUN2026_StarlingStatement_2026-06.csv_101,JUN2026,starling,60-83-71 00558156,2026-06-17,800.0,GBP,S PERRY,FLAT 3 12-14,S PERRY FLAT 3 12-14,FASTER PAYMENT,52654.13,,REVENUE,,REVENUE,S PERRY FLAT 3 12-14 S PERRY FLAT 3 12-14 FASTER PAYMENT,,,0,F31214ALH,OurRent,,,0.99,prop_rent_F31214ALH_105,strong,0,rule
2026-06-17,2b40339c4f156bc5cc942c048a1c861477bf7d9e6019b69c2b274ffa1a34169d,JUN2026_StarlingStatement_2026-06.csv_102,JUN2026,starling,60-83-71 00558156,2026-06-17,-6.47,GBP,Budgens,BUDGENS,Budgens BUDGENS,CONTACTLESS,52647.66,,FOOD_AND_DRINK,,FOOD_AND_DRINK,Budgens BUDGENS Budgens BUDGENS CONTACTLESS,,,0,,PersonalExpense,Budgens,,0.99,override_35,strong,0,rule
2026-06-17,8533814a3c92864af5b9acc306dcab83458dde7ced5218c9bfb451c9ca0f17df,JUN2026_StarlingStatement_2026-06.csv_103,JUN2026,starling,60-83-71 00558156,2026-06-17,-3.9,GBP,Co-op,CO OPERATIVE FOOD,Co-op CO OPERATIVE FOOD,CONTACTLESS,52643.76,,REPAIRS_AND_MAINTENANCE,,REPAIRS_AND_MAINTENANCE,Co-op CO OPERATIVE FOOD Co-op CO OPERATIVE FOOD CONTACTLESS,,,0,,PersonalExpense,COOP,,0.99,cat_propertyexpense_19,strong,0,rule
2026-06-17,14bd8c62ed341c4629da6459eda54a2ff0f65833494defedaa2b11bde0b39862,JUN2026_StarlingStatement_2026-06.csv_104,JUN2026,starling,60-83-71 00558156,2026-06-17,-42.55,GBP,Marks & Spencer,MARKS&SPENCER PLC SACA,Marks & Spencer MARKS&SPENCER PLC SACA,CONTACTLESS,52601.21,,FOOD_AND_DRINK,,FOOD_AND_DRINK,Marks & Spencer MARKS&SPENCER PLC SACA Marks & Spencer MARKS&SPENCER PLC SACA CONTACTLESS,,,0,,PersonalExpense,M&S,,0.99,override_2,strong,0,rule
2026-06-17,1c6d1652d6573d67f66f40096a56f47cad6092d91a1d4ff6d27c8e66084d1119,JUN2026_StarlingStatement_2026-06.csv_105,JUN2026,starling,60-83-71 00558156,2026-06-17,1000.0,GBP,UVAROV S,20 4-6 UVAROV,UVAROV S 20 4-6 UVAROV,FASTER PAYMENT,53601.21,,REVENUE,,REVENUE,UVAROV S 20 4-6 UVAROV UVAROV S 20 4-6 UVAROV FASTER PAYMENT,,,0,F2046ALH,OurRent,,,0.99,prop_rent_F2046ALH_93,strong,0,rule
2026-06-17,9f354b09f81c56bfd1b0e531ec359adf2ffa87b8ab3bb37e19bc43926bc52409,JUN2026_StarlingStatement_2026-06.csv_106,JUN2026,starling,60-83-71 00558156,2026-06-17,30.0,GBP,UVAROV S,20 4-6 UVAROV,UVAROV S 20 4-6 UVAROV,FASTER PAYMENT,53631.21,,REVENUE,,REVENUE,UVAROV S 20 4-6 UVAROV UVAROV S 20 4-6 UVAROV FASTER PAYMENT,,,0,F2046ALH,OurRent,,,0.99,prop_rent_F2046ALH_93,strong,0,rule
2026-06-18,18d1d5b634a770d0179a6c9b6ca2b1f314b27c2fffa7f33b0eb2628d19daf48c,JUN2026_BC_3072_JUN2026.csv_54,JUN2026,barclays,20-53-97 30728691,2026-06-18,-341.79,GBP,,,BHAM MIDSHIRES        6092042862000000 DDR,,,184800,,Direct Debit,Direct Debit,BHAM MIDSHIRES        6092042862000000 DDR,,,0,F2321LON,Mortgage,,,0.99,prop_mort_F2321LON_3,strong,0,rule
2026-06-18,80d268ca6910457c5ccf2f2699579fb8367147658038fda2e4a99e8a257f03a1,JUN2026_StarlingStatement_2026-06.csv_107,JUN2026,starling,60-83-71 00558156,2026-06-18,980.0,GBP,GONGORA OLIVA J,FLAT 22 4-6 ALHAMB,GONGORA OLIVA J FLAT 22 4-6 ALHAMB,FASTER PAYMENT,54611.21,,REVENUE,,REVENUE,GONGORA OLIVA J FLAT 22 4-6 ALHAMB GONGORA OLIVA J FLAT 22 4-6 ALHAMB FASTER PAYMENT,,,0,F2246ALH,OurRent,,,0.99,prop_rent_F2246ALH_95,strong,0,rule
2026-06-18,d7663c570822c2aa61f1bdfbc08c307716844ab54cc484dbd752aa57c64779d6,JUN2026_StarlingStatement_2026-06.csv_108,JUN2026,starling,60-83-71 00558156,2026-06-18,-3293.58,GBP,Sse Energy Solutions,SSE ENERGY SOLUTIONS,Sse Energy Solutions SSE ENERGY SOLUTIONS 1214 alhambra road electric  period cover from Feb 2025 to  15 July 2026,ONLINE PAYMENT,51317.63,,WORKPLACE,,WORKPLACE,Sse Energy Solutions SSE ENERGY SOLUTIONS Sse Energy Solutions SSE ENERGY SOLUTIONS 1214 alhambra road electric  period cover from Feb 2025 to  15 July 2026 ONLINE PAYMENT,,,0,F2146ALH,PropertyExpense,,,0.99,prop_rent_F2146ALH_94,strong,0,rule
2026-06-18,0d9cead5a0c8cc654e7f0ac2ffcbd24d3ef6e630d26550cbfd5bd7ce0e064564,JUN2026_StarlingStatement_2026-06.csv_109,JUN2026,starling,60-83-71 00558156,2026-06-18,-4000.0,GBP,Sse Energy Solutions,SSE ENERGY SOLUTIONS,Sse Energy Solutions SSE ENERGY SOLUTIONS,ONLINE PAYMENT,47317.63,,WORKPLACE,,WORKPLACE,Sse Energy Solutions SSE ENERGY SOLUTIONS Sse Energy Solutions SSE ENERGY SOLUTIONS ONLINE PAYMENT,,,0,,PropertyExpense,,,0.99,cat_propertyexpense_9,strong,1,rule
2026-06-18,adb7a494be6ecc1cf3a0c3aea890eb43f314f8a088fe4944edd4b0bf87f5d694,JUN2026_StarlingStatement_2026-06.csv_110,JUN2026,starling,60-83-71 00558156,2026-06-18,-600.0,GBP,Sse Energy Solutions,SSE ENERGY SOLUTIONS,Sse Energy Solutions SSE ENERGY SOLUTIONS deposit,ONLINE PAYMENT,46717.63,,WORKPLACE,,WORKPLACE,Sse Energy Solutions SSE ENERGY SOLUTIONS Sse Energy Solutions SSE ENERGY SOLUTIONS deposit ONLINE PAYMENT,,,0,,PropertyExpense,,,0.99,cat_propertyexpense_9,strong,1,rule
2026-06-18,a71c6e54dc45e834f1bb32abea20e84c62f70d33d27ef19b96d70c9c50a074fa,JUN2026_StarlingStatement_2026-06.csv_111,JUN2026,starling,60-83-71 00558156,2026-06-18,-94.8,GBP,Sse Energy Solutions,SSE ENERGY SOLUTIONS,Sse Energy Solutions SSE ENERGY SOLUTIONS reconnecting,ONLINE PAYMENT,46622.83,,WORKPLACE,,WORKPLACE,Sse Energy Solutions SSE ENERGY SOLUTIONS Sse Energy Solutions SSE ENERGY SOLUTIONS reconnecting ONLINE PAYMENT,,,0,,PropertyExpense,,,0.99,cat_propertyexpense_9,strong,1,rule
2026-06-18,7b59ae33ebd3f547faed295942c16c4339e3528bf80e35350a8abbe366c1132a,JUN2026_StarlingStatement_2026-06.csv_112,JUN2026,starling,60-83-71 00558156,2026-06-18,-5.3,GBP,Co-op,CO OPERATIVE FOOD,Co-op CO OPERATIVE FOOD,CONTACTLESS,46617.53,,REPAIRS_AND_MAINTENANCE,,REPAIRS_AND_MAINTENANCE,Co-op CO OPERATIVE FOOD Co-op CO OPERATIVE FOOD CONTACTLESS,,,0,,PersonalExpense,COOP,,0.99,cat_propertyexpense_19,strong,0,rule
2026-06-18,74d7deb117de2b5f4f4bed073ebcc15f54b6c1611cd7b099bafec298a56e163f,JUN2026_StarlingStatement_2026-06.csv_113,JUN2026,starling,60-83-71 00558156,2026-06-18,825.0,GBP,Muhammad Yasir,7 12-14,Muhammad Yasir 7 12-14,FASTER PAYMENT,47442.53,,REVENUE,,REVENUE,Muhammad Yasir 7 12-14 Muhammad Yasir 7 12-14 FASTER PAYMENT,,,0,,OtherIncome,,,0.65,cat_otherincome_34,catch_all,1,rule
2026-06-19,4087172ef9ca80f5514529ed25f1cf3ef6b6f5925cb509309646dfe960d4e0c9,JUN2026_StarlingStatement_2026-06.csv_114,JUN2026,starling,60-83-71 00558156,2026-06-19,695.0,GBP,Brett,000000003833890890,Brett 000000003833890890,DIRECT CREDIT,48137.53,,REVENUE,,REVENUE,Brett 000000003833890890 Brett 000000003833890890 DIRECT CREDIT,,,0,F3163FRA,OurRent,,,0.99,prop_rent_F3163FRA_83,strong,0,rule
2026-06-19,ab9e63bc840a74e9cfafb1f1045e88ee4a787a15d548a8b011c2ef6823d84e50,JUN2026_StarlingStatement_2026-06.csv_115,JUN2026,starling,60-83-71 00558156,2026-06-19,875.0,GBP,Eliesha Pettitt & I Okeleke,Rent,Eliesha Pettitt & I Okeleke Rent,FASTER PAYMENT,49012.53,,REVENUE,,REVENUE,Eliesha Pettitt & I Okeleke Rent Eliesha Pettitt & I Okeleke Rent FASTER PAYMENT,,,0,,OtherIncome,,,0.65,cat_otherincome_34,catch_all,1,rule
2026-06-19,8d6ce911a4fb533d26a4ec11a93b63a27a4d20f341cfd06ed1434e14546d676c,JUN2026_StarlingStatement_2026-06.csv_116,JUN2026,starling,60-83-71 00558156,2026-06-19,-10.0,GBP,Sports Direct,FGTL TA Sports Direct,Sports Direct FGTL TA Sports Direct,CONTACTLESS,49002.53,,EQUIPMENT,,EQUIPMENT,Sports Direct FGTL TA Sports Direct Sports Direct FGTL TA Sports Direct CONTACTLESS,,,0,,PersonalExpense,Clothing,,0.99,override_14,strong,0,rule
2026-06-19,c78b95db2191e03a27e8266aebb78a02fdd87c92e1a397d0a47b8fb12289750b,JUN2026_StarlingStatement_2026-06.csv_117,JUN2026,starling,60-83-71 00558156,2026-06-19,-12.0,GBP,Sports Direct,FGTL TA Sports Direct,Sports Direct FGTL TA Sports Direct,CONTACTLESS,48990.53,,EQUIPMENT,,EQUIPMENT,Sports Direct FGTL TA Sports Direct Sports Direct FGTL TA Sports Direct CONTACTLESS,,,0,,PersonalExpense,Clothing,,0.99,override_14,strong,0,rule
2026-06-19,f889fc8d254eb1c2907cc8830c97b493e3a2199fd5369cdf2256294bd0a68fd0,JUN2026_StarlingStatement_2026-06.csv_118,JUN2026,starling,60-83-71 00558156,2026-06-19,-12.22,GBP,Budgens,BUDGENS,Budgens BUDGENS,CONTACTLESS,48978.31,,FOOD_AND_DRINK,,FOOD_AND_DRINK,Budgens BUDGENS Budgens BUDGENS CONTACTLESS,,,0,,PersonalExpense,Budgens,,0.99,override_35,strong,0,rule
2026-06-19,5635a857d2c12126632c040daa6b5b93168fb6e4938ce86778f97022be188568,JUN2026_StarlingStatement_2026-06.csv_119,JUN2026,starling,60-83-71 00558156,2026-06-19,-46.3,GBP,Marks & Spencer,MARKS&SPENCER PLC,Marks & Spencer MARKS&SPENCER PLC,CHIP & PIN,48932.01,,FOOD_AND_DRINK,,FOOD_AND_DRINK,Marks & Spencer MARKS&SPENCER PLC Marks & Spencer MARKS&SPENCER PLC CHIP & PIN,,,0,,PersonalExpense,M&S,,0.99,override_2,strong,0,rule
2026-06-20,07941e10ece98d1113ad6f48da40e594f06a47517e1d5c96f7bc9e897e605fbc,JUN2026_StarlingStatement_2026-06.csv_120,JUN2026,starling,60-83-71 00558156,2026-06-20,-250.0,GBP,Ivana Valentino,car,Ivana Valentino car,FASTER PAYMENT,48682.01,,VEHICLES,,VEHICLES,Ivana Valentino car Ivana Valentino car FASTER PAYMENT,,,0,,RegularPayment,Ivana,,0.99,override_37,strong,0,rule
2026-06-20,29dd1b93b6e742fefd9a3179096e54d43c64e541f903143dc24cfc783dcb95ae,JUN2026_StarlingStatement_2026-06.csv_121,JUN2026,starling,60-83-71 00558156,2026-06-20,-8.48,GBP,Budgens,BUDGENS,Budgens BUDGENS,CONTACTLESS,48673.53,,FOOD_AND_DRINK,,FOOD_AND_DRINK,Budgens BUDGENS Budgens BUDGENS CONTACTLESS,,,0,,PersonalExpense,Budgens,,0.99,override_35,strong,0,rule
2026-06-20,4de83afd8d9ad5c30c341e7706d7a94b4970c1bcaa9dc41778a83a9015a5f106,JUN2026_StarlingStatement_2026-06.csv_122,JUN2026,starling,60-83-71 00558156,2026-06-20,880.0,GBP,Emily Cove,21 4-6 Alhambra,Emily Cove 21 4-6 Alhambra,FASTER PAYMENT,49553.53,,REVENUE,,REVENUE,Emily Cove 21 4-6 Alhambra Emily Cove 21 4-6 Alhambra FASTER PAYMENT,,,0,F2146ALH,OurRent,,,0.99,prop_rent_F2146ALH_94,strong,0,rule
2026-06-21,221b36be5287f01c66d530a4a631b662f72dfbbd94f041153c4f1970cce1b369,JUN2026_StarlingStatement_2026-06.csv_123,JUN2026,starling,60-83-71 00558156,2026-06-21,-9.37,GBP,ALDI,ALDI,ALDI ALDI,CONTACTLESS,49544.16,,FOOD_AND_DRINK,,FOOD_AND_DRINK,ALDI ALDI ALDI ALDI CONTACTLESS,,,0,,PersonalExpense,ALDI,,0.99,override_20,strong,0,rule
2026-06-21,d255757e1e99934306de782e2fb10191c440737c6d7239ac87ab21bd0c5c8b75,JUN2026_StarlingStatement_2026-06.csv_124,JUN2026,starling,60-83-71 00558156,2026-06-21,-8.4,GBP,Budgens,BUDGENS,Budgens BUDGENS,CONTACTLESS,49535.76,,FOOD_AND_DRINK,,FOOD_AND_DRINK,Budgens BUDGENS Budgens BUDGENS CONTACTLESS,,,0,,PersonalExpense,Budgens,,0.99,override_35,strong,0,rule
2026-06-21,b8e902a5191d05e65521780b3069bad224f87eb7959f488afa9c2bcdd6331d52,JUN2026_StarlingStatement_2026-06.csv_125,JUN2026,starling,60-83-71 00558156,2026-06-21,-4.5,GBP,Mk Council,MK COUNCIL - IPS,Mk Council MK COUNCIL - IPS,CONTACTLESS,49531.26,,TRAVEL,,TRAVEL,Mk Council MK COUNCIL - IPS Mk Council MK COUNCIL - IPS CONTACTLESS,,,0,,PersonalExpense,Other,,0.99,override_30,strong,0,rule
2026-06-21,de00b440d90272a81d90c2d9a78aac59cbacbf382273444ffa70ac426fe89935,JUN2026_StarlingStatement_2026-06.csv_126,JUN2026,starling,60-83-71 00558156,2026-06-21,-47.05,GBP,Marks & Spencer,MARKS&SPENCER PLC,Marks & Spencer MARKS&SPENCER PLC,CONTACTLESS,49484.21,,FOOD_AND_DRINK,,FOOD_AND_DRINK,Marks & Spencer MARKS&SPENCER PLC Marks & Spencer MARKS&SPENCER PLC CONTACTLESS,,,0,,PersonalExpense,M&S,,0.99,override_2,strong,0,rule
2026-06-21,ed7533ad8a29baef1738b9a18cd58bfebf617b7099ef58d1561cbb38ee827bb6,JUN2026_StarlingStatement_2026-06.csv_127,JUN2026,starling,60-83-71 00558156,2026-06-21,-13.2,GBP,Peter Taperek,3163 rep,Peter Taperek 3163 rep,FASTER PAYMENT,49471.01,,REPAIRS_AND_MAINTENANCE,,REPAIRS_AND_MAINTENANCE,Peter Taperek 3163 rep Peter Taperek 3163 rep FASTER PAYMENT,,,0,F3163FRA,PropertyExpense,,,0.99,prop_rent_F3163FRA_83,strong,0,rule
2026-06-21,273dc4615a73fc49befac0aa415ca4758dcb587d9b0d650e1d073194733f9ba9,JUN2026_StarlingStatement_2026-06.csv_128,JUN2026,starling,60-83-71 00558156,2026-06-21,-11.3,GBP,Peter Taperek,3163 repairs,Peter Taperek 3163 repairs,FASTER PAYMENT,49459.71,,REPAIRS_AND_MAINTENANCE,,REPAIRS_AND_MAINTENANCE,Peter Taperek 3163 repairs Peter Taperek 3163 repairs FASTER PAYMENT,,,0,F3163FRA,PropertyExpense,,,0.99,prop_rent_F3163FRA_83,strong,0,rule
2026-06-22,24748ba47eb3e5dd139e9d9a6ffdc7852c923b434b8bf8028b36fd8dfd5b4ff6,JUN2026_BC_6045_JUN2026.csv_14,JUN2026,barclays,20-74-09 60458872,2026-06-22,-20.0,GBP,,,ROCCO                 BEERS FT,,,0,,Funds Transfer,Funds Transfer,ROCCO                 BEERS FT,,,0,,PersonalExpense,Rocco,,0.99,override_6,strong,0,rule
2026-06-22,9a73c1b508f428773fd4eaddc4bfd7000d6ff8cc55b0260820c9db67786d4b11,JUN2026_BC_6045_JUN2026.csv_15,JUN2026,barclays,20-74-09 60458872,2026-06-22,-2.09,GBP,,,INTEREST CHARGED      INTEREST CHARGED,,,0,,Credit Payment,Credit Payment,INTEREST CHARGED      INTEREST CHARGED,,,0,,OtherExpense,,,0.99,override_17,strong,0,rule
2026-06-22,ac1e1142ae79e437cd84744e5a5fe1bd5e0c7169c6a14ef935ecc497f15b9246,JUN2026_BC_3072_JUN2026.csv_55,JUN2026,barclays,20-53-97 30728691,2026-06-22,-22.95,GBP,,,INTEREST CHARGED      INTEREST CHARGED,,,0,,Credit Payment,Credit Payment,INTEREST CHARGED      INTEREST CHARGED,,,0,,OtherExpense,,,0.99,override_17,strong,0,rule
2026-06-22,8ba1a96dadf8bc64609ed01aee3b3a2fb468cac6a46a4f0243aaf8957cf9c38f,JUN2026_BC_3072_JUN2026.csv_56,JUN2026,barclays,20-53-97 30728691,2026-06-22,-431.27,GBP,,,BHAM MIDSHIRES        6092076296020000 DDR,,,184800,,Direct Debit,Direct Debit,BHAM MIDSHIRES        6092076296020000 DDR,,,0,196AKIN,Mortgage,,,0.99,prop_mort_196AKIN_23,strong,0,rule
2026-06-22,1b590c9d7a9c999ebe9f015f809e7809c3f2f110743bb3edc6a5a3685c88b490,JUN2026_BC_3072_JUN2026.csv_57,JUN2026,barclays,20-53-97 30728691,2026-06-22,-10.0,GBP,,,ID MOBILE LIMITED     11245718/001 DDR,,,298372,,Direct Debit,Direct Debit,ID MOBILE LIMITED     11245718/001 DDR,,,0,,RegularPayment,,,0.99,cat_regularpayment_27,strong,0,rule
2026-06-22,7218f51ab2fec3cc99db39e4dac8895ed389b107185502a7f62c76b699d37cda,JUN2026_BC_3072_JUN2026.csv_58,JUN2026,barclays,20-53-97 30728691,2026-06-22,1388.07,GBP,,,Rsa Capital Limite    mortgages BGC,,,0,,Counter Credit,Counter Credit,Rsa Capital Limite    mortgages BGC,,,0,,Interbank,,,0.99,override_40,strong,0,rule
2026-06-22,79d7bcf89e6bdfc27f701366049ec8c545695cdcea2e36fe9a11cc9908725fb5,JUN2026_BC_4040_JUN2026.csv_24,JUN2026,barclays,20-74-09 40406538,2026-06-22,-10.19,GBP,,,INTEREST CHARGED      INTEREST CHARGED,,,0,,Credit Payment,Credit Payment,INTEREST CHARGED      INTEREST CHARGED,,,0,,OtherExpense,,,0.99,override_17,strong,0,rule
2026-06-22,ac96b10d17da847e68adc530917e5684ece09a376ae3f469436f8597e4f8ca33,JUN2026_StarlingStatement_2026-06.csv_129,JUN2026,starling,60-83-71 00558156,2026-06-22,694.6,GBP,CHARTERS ESTATE AGENTS LIMITED,Flat 10 1214 Alham,CHARTERS ESTATE AGENTS LIMITED Flat 10 1214 Alham,FASTER PAYMENT,50154.31,,REVENUE,,REVENUE,CHARTERS ESTATE AGENTS LIMITED Flat 10 1214 Alham CHARTERS ESTATE AGENTS LIMITED Flat 10 1214 Alham FASTER PAYMENT,,,0,F101214ALH,OurRent,,,0.99,prop_rent_F101214ALH_101,strong,0,rule
2026-06-22,917f1e98e216c4e11f9810f3955e3d114b3e108a4a6e3f4c930930b57609534f,JUN2026_StarlingStatement_2026-06.csv_130,JUN2026,starling,60-83-71 00558156,2026-06-22,-11.39,GBP,Amazon,AMAZON UK* OI3PG6J05,Amazon AMAZON UK* OI3PG6J05,ONLINE PAYMENT,50142.92,,REPAIRS_AND_MAINTENANCE,,REPAIRS_AND_MAINTENANCE,Amazon AMAZON UK* OI3PG6J05 Amazon AMAZON UK* OI3PG6J05 ONLINE PAYMENT,,,0,,PropertyExpense,,,0.99,cat_propertyexpense_19,strong,1,rule
2026-06-22,c273a5522d2c34945f027677d683a95aaeeffecf20b81f79bcde0e5da3d2aab3,JUN2026_StarlingStatement_2026-06.csv_131,JUN2026,starling,60-83-71 00558156,2026-06-22,-1388.07,GBP,Ivana Valentino 3072,mortgages,Ivana Valentino 3072 mortgages,FASTER PAYMENT,48754.85,,INTEREST_PAYMENTS,,INTEREST_PAYMENTS,Ivana Valentino 3072 mortgages Ivana Valentino 3072 mortgages FASTER PAYMENT,,,0,,MortgageRefund,Ivana,,0.99,cat_mortgagerefund_15,strong,0,rule
2026-06-22,62fe6ce8186232c4885f655fd07fd11b51b55720d47139269d8e7e3908ba3dc0,JUN2026_StarlingStatement_2026-06.csv_132,JUN2026,starling,60-83-71 00558156,2026-06-22,-20.05,GBP,Co-op,CO OPERATIVE FOOD,Co-op CO OPERATIVE FOOD,CONTACTLESS,48734.8,,REPAIRS_AND_MAINTENANCE,,REPAIRS_AND_MAINTENANCE,Co-op CO OPERATIVE FOOD Co-op CO OPERATIVE FOOD CONTACTLESS,,,0,,PersonalExpense,COOP,,0.99,cat_propertyexpense_19,strong,0,rule
2026-06-22,0dfdcea54d3dd5ad0afdca58dd35c166f50b659579fd6938d208a08b2ed27ebb,JUN2026_StarlingStatement_2026-06.csv_133,JUN2026,starling,60-83-71 00558156,2026-06-22,-15.65,GBP,Co-op,CO OPERATIVE FOOD,Co-op CO OPERATIVE FOOD,CONTACTLESS,48719.15,,REPAIRS_AND_MAINTENANCE,,REPAIRS_AND_MAINTENANCE,Co-op CO OPERATIVE FOOD Co-op CO OPERATIVE FOOD CONTACTLESS,,,0,,PersonalExpense,COOP,,0.99,cat_propertyexpense_19,strong,0,rule
2026-06-22,4b0e002739c4cc1163a3bc1fc156941a400a812d1a638acda899024e834f04af,JUN2026_StarlingStatement_2026-06.csv_134,JUN2026,starling,60-83-71 00558156,2026-06-22,-30.0,GBP,Rocco VALENTINO TUCKER,admin,Rocco VALENTINO TUCKER admin,FASTER PAYMENT,48689.15,,REPAIRS_AND_MAINTENANCE,,REPAIRS_AND_MAINTENANCE,Rocco VALENTINO TUCKER admin Rocco VALENTINO TUCKER admin FASTER PAYMENT,,,0,,PersonalExpense,Rocco,,0.99,cat_propertyexpense_19,strong,0,rule
2026-06-22,a801c773412b5f7e817a0c1a10d47e48d3c9650aa821df55fd87584fe05ace64,JUN2026_StarlingStatement_2026-06.csv_135,JUN2026,starling,60-83-71 00558156,2026-06-22,-100.0,GBP,Nathanial Paul Crossley-Turner,Electric,Nathanial Paul Crossley-Turner Electric,FASTER PAYMENT,48589.15,,REPAIRS_AND_MAINTENANCE,,REPAIRS_AND_MAINTENANCE,Nathanial Paul Crossley-Turner Electric Nathanial Paul Crossley-Turner Electric FASTER PAYMENT,,,0,,PropertyExpense,,,0.99,cat_propertyexpense_19,strong,1,rule
2026-06-23,b6ab128b0bee81ff696b36f59fe802f1ea765a7684ffb98fc40d3909a81267bb,JUN2026_BC_3072_JUN2026.csv_59,JUN2026,barclays,20-53-97 30728691,2026-06-23,-10.0,GBP,,,ID MOBILE LIMITED     11888885/001 DDR,,,298372,,Direct Debit,Direct Debit,ID MOBILE LIMITED     11888885/001 DDR,,,0,,RegularPayment,,,0.99,cat_regularpayment_27,strong,0,rule
2026-06-23,3f9d270c7729d1769c7431e5afd0729146d30ae2af843cda1dc93a6d319f6060,JUN2026_BC_3072_JUN2026.csv_60,JUN2026,barclays,20-53-97 30728691,2026-06-23,-508.92,GBP,,,ROSINCA               ON 22 JUN BCC,,,0,,Card Purchase,Card Purchase,ROSINCA               ON 22 JUN BCC,,,0,,PersonalExpense,Other,,0.99,cat_personalexpense_30,strong,0,rule
2026-06-23,4433fecb573d2ca6acfee8c3c88216d33bac27cd4b49497c05eba7ddfa92fa5f,JUN2026_BC_3072_JUN2026.csv_61,JUN2026,barclays,20-53-97 30728691,2026-06-23,-513.07,GBP,,,ROSINCA               ON 22 JUN BCC,,,0,,Card Purchase,Card Purchase,ROSINCA               ON 22 JUN BCC,,,0,,PersonalExpense,Other,,0.99,cat_personalexpense_30,strong,0,rule
2026-06-23,d342361dcdcd95513fa04e728a2a64f1d9d8c571ba44a7b0b8eac9f6c2e7af72,JUN2026_BC_3072_JUN2026.csv_62,JUN2026,barclays,20-53-97 30728691,2026-06-23,-863.02,GBP,,,ROSINCA               ON 22 JUN BCC,,,0,,Card Purchase,Card Purchase,ROSINCA               ON 22 JUN BCC,,,0,,PersonalExpense,Other,,0.99,cat_personalexpense_30,strong,0,rule
2026-06-23,d577d03209d9d51d9b53d702e21beb246fdda8816302c4571de0e849a4c6023c,JUN2026_StarlingStatement_2026-06.csv_136,JUN2026,starling,60-83-71 00558156,2026-06-23,925.0,GBP,A JOY,"ANGEL JOY  ,FLAT 1","A JOY ANGEL JOY  ,FLAT 1",FASTER PAYMENT,49514.15,,REVENUE,,REVENUE,"A JOY ANGEL JOY  ,FLAT 1 A JOY ANGEL JOY  ,FLAT 1 FASTER PAYMENT",,,0,F71214ALH,OurRent,,,0.99,prop_rent_F71214ALH_108,strong,0,rule
2026-06-23,0a34af7f8c47737cd35147dfb7e1acf2bca9036272e4a437e667bc904b6c7735,JUN2026_StarlingStatement_2026-06.csv_137,JUN2026,starling,60-83-71 00558156,2026-06-23,1000.0,GBP,Stephen Cresdee,3321,Stephen Cresdee 3321,FASTER PAYMENT,50514.15,,REVENUE,,REVENUE,Stephen Cresdee 3321 Stephen Cresdee 3321 FASTER PAYMENT,,,0,F3321LON,OurRent,,,0.99,prop_rent_F3321LON_73,strong,0,rule
2026-06-23,e83414d3515a2a9fca8784ebf88bec5d38be9bd0d4c147a6674de1cd54dc57d9,JUN2026_StarlingStatement_2026-06.csv_138,JUN2026,starling,60-83-71 00558156,2026-06-23,750.0,GBP,Michael  Pedace,FLAT2 171FAWCETT,Michael  Pedace FLAT2 171FAWCETT,FASTER PAYMENT,51264.15,,REVENUE,,REVENUE,Michael  Pedace FLAT2 171FAWCETT Michael  Pedace FLAT2 171FAWCETT FASTER PAYMENT,,,0,F2171FAW,OurRent,,,0.99,prop_rent_F2171FAW_80,strong,0,rule
2026-06-23,2de886fd7f4088e9140a7a319c7ab55d08917f64afd350ca3dc2211d26eb3675,JUN2026_StarlingStatement_2026-06.csv_139,JUN2026,starling,60-83-71 00558156,2026-06-23,-6.24,GBP,Budgens,BUDGENS,Budgens BUDGENS,CONTACTLESS,51257.91,,FOOD_AND_DRINK,,FOOD_AND_DRINK,Budgens BUDGENS Budgens BUDGENS CONTACTLESS,,,0,,PersonalExpense,Budgens,,0.99,override_35,strong,0,rule
2026-06-23,6e24242791143c5ca30511f8a69e2cd57b06a448efbcc18ae1cd9c66ab0c4a25,JUN2026_StarlingStatement_2026-06.csv_140,JUN2026,starling,60-83-71 00558156,2026-06-23,-37.1,GBP,Marks & Spencer,MARKS&SPENCER PLC SACA,Marks & Spencer MARKS&SPENCER PLC SACA,CONTACTLESS,51220.81,,FOOD_AND_DRINK,,FOOD_AND_DRINK,Marks & Spencer MARKS&SPENCER PLC SACA Marks & Spencer MARKS&SPENCER PLC SACA CONTACTLESS,,,0,,PersonalExpense,M&S,,0.99,override_2,strong,0,rule
2026-06-23,c4b06ec64e98d1adbf7819a7d46bd43635fb2b323bcf45f7723306180c652e3a,JUN2026_StarlingStatement_2026-06.csv_141,JUN2026,starling,60-83-71 00558156,2026-06-23,-108.0,GBP,A Beck Plumbing & Heating LTD,29074 111618,A Beck Plumbing & Heating LTD 29074 111618,FASTER PAYMENT,51112.81,,REPAIRS_AND_MAINTENANCE,,REPAIRS_AND_MAINTENANCE,A Beck Plumbing & Heating LTD 29074 111618 A Beck Plumbing & Heating LTD 29074 111618 FASTER PAYMENT,,,0,F11618ALH,PropertyExpense,,,0.99,prop_rent_F11618ALH_113,strong,0,rule
2026-06-23,0eefbcc2afefb7e956207a5716f457c0ef915a551580d6966c7ce8f58c8e7380,JUN2026_StarlingStatement_2026-06.csv_142,JUN2026,starling,60-83-71 00558156,2026-06-23,-66.0,GBP,A Beck Plumbing & Heating LTD,29044 23b,A Beck Plumbing & Heating LTD 29044 23b,FASTER PAYMENT,51046.81,,REPAIRS_AND_MAINTENANCE,,REPAIRS_AND_MAINTENANCE,A Beck Plumbing & Heating LTD 29044 23b A Beck Plumbing & Heating LTD 29044 23b FASTER PAYMENT,,,0,23BHAM,PropertyExpense,,,0.99,prop_rent_23BHAM_88,strong,0,rule
2026-06-23,5caa53c85d86423eb9cbce43e582da120981a82f95467e12f78277a8f583b152,JUN2026_StarlingStatement_2026-06.csv_143,JUN2026,starling,60-83-71 00558156,2026-06-23,-66.0,GBP,A Beck Plumbing & Heating LTD,28657 51214gs,A Beck Plumbing & Heating LTD 28657 51214gs,FASTER PAYMENT,50980.81,,REPAIRS_AND_MAINTENANCE,,REPAIRS_AND_MAINTENANCE,A Beck Plumbing & Heating LTD 28657 51214gs A Beck Plumbing & Heating LTD 28657 51214gs FASTER PAYMENT,,,0,,PropertyExpense,,,0.99,cat_propertyexpense_19,strong,1,rule
2026-06-23,1f2f1c79765449d9e4be78970d7832735a5cde67347538cd47a6931440fbb37e,JUN2026_StarlingStatement_2026-06.csv_144,JUN2026,starling,60-83-71 00558156,2026-06-23,-66.0,GBP,A Beck Plumbing & Heating LTD,28584 196bgs,A Beck Plumbing & Heating LTD 28584 196bgs,FASTER PAYMENT,50914.81,,REPAIRS_AND_MAINTENANCE,,REPAIRS_AND_MAINTENANCE,A Beck Plumbing & Heating LTD 28584 196bgs A Beck Plumbing & Heating LTD 28584 196bgs FASTER PAYMENT,,,0,196BKIN,PropertyExpense,,,0.99,prop_rent_196BKIN_87,strong,0,rule
2026-06-23,8d36c7a6715eb707f0d0feeef5890bb54c2cf8ac27a1548fcb978e3130358b44,JUN2026_StarlingStatement_2026-06.csv_145,JUN2026,starling,60-83-71 00558156,2026-06-23,-66.0,GBP,A Beck Plumbing & Heating LTD,28569 111214gs,A Beck Plumbing & Heating LTD 28569 111214gs,FASTER PAYMENT,50848.81,,REPAIRS_AND_MAINTENANCE,,REPAIRS_AND_MAINTENANCE,A Beck Plumbing & Heating LTD 28569 111214gs A Beck Plumbing & Heating LTD 28569 111214gs FASTER PAYMENT,,,0,,PropertyExpense,,,0.99,cat_propertyexpense_19,strong,1,rule
2026-06-23,e0c508849b326c1b261b8fe36ee11729d81832e263d75b867c7c2f76c6db60b6,JUN2026_StarlingStatement_2026-06.csv_146,JUN2026,starling,60-83-71 00558156,2026-06-23,-90.0,GBP,A Beck Plumbing & Heating LTD,28052 131618 rep,A Beck Plumbing & Heating LTD 28052 131618 rep,FASTER PAYMENT,50758.81,,REPAIRS_AND_MAINTENANCE,,REPAIRS_AND_MAINTENANCE,A Beck Plumbing & Heating LTD 28052 131618 rep A Beck Plumbing & Heating LTD 28052 131618 rep FASTER PAYMENT,,,0,,PropertyExpense,,,0.99,cat_propertyexpense_19,strong,1,rule
2026-06-24,4812e90ecc761f04b7a48eb8b2cfd624e0e6a28972aab253ed93657024a46230,JUN2026_BC_6045_JUN2026.csv_16,JUN2026,barclays,20-74-09 60458872,2026-06-24,-2.0,GBP,,,ALESSIO               MILK FT,,,0,,Funds Transfer,Funds Transfer,ALESSIO               MILK FT,,,0,,PersonalExpense,Alessio,,0.99,override_7,strong,0,rule
2026-06-24,ddff2a4e4e360c3b78bb2ef3dd07f46589c7518cfa3445393b91bf6e6db993e1,JUN2026_BC_3072_JUN2026.csv_63,JUN2026,barclays,20-53-97 30728691,2026-06-24,1895.01,GBP,,,Rsa Capital Limite    mortgages BGC,,,0,,Counter Credit,Counter Credit,Rsa Capital Limite    mortgages BGC,,,0,,Interbank,,,0.99,override_40,strong,0,rule
2026-06-24,14af55965cbfb9f90663e5c9a7a599355c480096f688954b3b48d720f61a32be,JUN2026_BC_4040_JUN2026.csv_25,JUN2026,barclays,20-74-09 40406538,2026-06-24,-10.0,GBP,,,ALESSIO VALENTINO-    DINNER FT,,,0,,Funds Transfer,Funds Transfer,ALESSIO VALENTINO-    DINNER FT,,,0,,PersonalExpense,Alessio,,0.99,override_7,strong,0,rule
2026-06-24,418e1d8101d7a6b223d96394525ff229c51a008659c167b6697a2d874747ecd4,JUN2026_StarlingStatement_2026-06.csv_147,JUN2026,starling,60-83-71 00558156,2026-06-24,-104.72,GBP,Morr Bedford,MORR BEDFORD,Morr Bedford MORR BEDFORD,CHIP & PIN,50654.09,,VEHICLES,,VEHICLES,Morr Bedford MORR BEDFORD Morr Bedford MORR BEDFORD CHIP & PIN,,,0,,OtherExpense,,,0.65,cat_otherexpense_35,catch_all,1,rule
2026-06-24,b1b25f6b3bbb8302397c4db409f5dc1189239720d51a24e12908e8958ce5df09,JUN2026_StarlingStatement_2026-06.csv_148,JUN2026,starling,60-83-71 00558156,2026-06-24,-68.85,GBP,Marks & Spencer,MARKS&SPENCER PLC SACA,Marks & Spencer MARKS&SPENCER PLC SACA,CONTACTLESS,50585.24,,FOOD_AND_DRINK,,FOOD_AND_DRINK,Marks & Spencer MARKS&SPENCER PLC SACA Marks & Spencer MARKS&SPENCER PLC SACA CONTACTLESS,,,0,,PersonalExpense,M&S,,0.99,override_2,strong,0,rule
2026-06-24,f2274c487307c70737b86161c08498c0a0d5cc92b8408841e80b69a735a2b17c,JUN2026_StarlingStatement_2026-06.csv_149,JUN2026,starling,60-83-71 00558156,2026-06-24,-1895.01,GBP,Ivana Valentino 3072,mortgages,Ivana Valentino 3072 mortgages,FASTER PAYMENT,48690.23,,INTEREST_PAYMENTS,,INTEREST_PAYMENTS,Ivana Valentino 3072 mortgages Ivana Valentino 3072 mortgages FASTER PAYMENT,,,0,,MortgageRefund,Ivana,,0.99,cat_mortgagerefund_15,strong,0,rule
2026-06-24,84515895f314c60f40c120601fda7e81bcd56aae5736296103d388e783b71b21,JUN2026_StarlingStatement_2026-06.csv_150,JUN2026,starling,60-83-71 00558156,2026-06-24,905.0,GBP,Kye Elliott-Street,Rsa Capital Limite,Kye Elliott-Street Rsa Capital Limite,FASTER PAYMENT,49595.23,,REVENUE,,REVENUE,Kye Elliott-Street Rsa Capital Limite Kye Elliott-Street Rsa Capital Limite FASTER PAYMENT,,,0,F68ALH,Interbank,,,0.99,prop_rent_F68ALH_98,strong,0,rule
2026-06-25,733277ecb8dcb79a66d1d9a97ac6d6de8cc75ecaa154c5c590b1e9b495e0996f,JUN2026_BC_4040_JUN2026.csv_26,JUN2026,barclays,20-74-09 40406538,2026-06-25,-15.0,GBP,,,CHARLOTTE MARTIN      ALESSIO GIFT XXX FT,,,0,,Funds Transfer,Funds Transfer,CHARLOTTE MARTIN      ALESSIO GIFT XXX FT,,,0,,PersonalExpense,Alessio,,0.99,override_7,strong,0,rule
2026-06-25,ac7b09a0b995c207189969e6147cff7e5c38382c2fa1fb348981cdd3b2d71e11,JUN2026_StarlingStatement_2026-06.csv_151,JUN2026,starling,60-83-71 00558156,2026-06-25,-54.01,GBP,Marks & Spencer,MARKS&SPENCER PLC SACA,Marks & Spencer MARKS&SPENCER PLC SACA,CONTACTLESS,49541.22,,FOOD_AND_DRINK,,FOOD_AND_DRINK,Marks & Spencer MARKS&SPENCER PLC SACA Marks & Spencer MARKS&SPENCER PLC SACA CONTACTLESS,,,0,,PersonalExpense,M&S,,0.99,override_2,strong,0,rule
2026-06-26,a46d9cc7cbb280909b9b801fe20de84259c38ff2245c14c49f3661badee17fe6,JUN2026_BC_6045_JUN2026.csv_17,JUN2026,barclays,20-74-09 60458872,2026-06-26,-75.86,GBP,,,AMAZON* 7C26Y8J25     ON 25 JUN BCC,,,0,,Card Purchase,Card Purchase,AMAZON* 7C26Y8J25     ON 25 JUN BCC,,,0,,PersonalExpense,Amazon,,0.99,cat_personalexpense_30,strong,0,rule
2026-06-26,46657f5b6949b08072d0144147687126723a9759904f856027ca69a07d1aa78e,JUN2026_BC_3072_JUN2026.csv_64,JUN2026,barclays,20-53-97 30728691,2026-06-26,-29.72,GBP,,,H3G                   980404269602200102 DD,,,948449,,Direct Debit,Direct Debit,H3G                   980404269602200102 DD,,,0,,RegularPayment,,,0.99,cat_regularpayment_27,strong,0,rule
2026-06-26,a62214fa88a0d3cd65c961c952aa23493c4dc7fb41d447a2a2dbcdc455daf310,JUN2026_BC_4040_JUN2026.csv_27,JUN2026,barclays,20-74-09 40406538,2026-06-26,100.0,GBP,,,Rsa Capital Limite    admin BGC,,,0,,Counter Credit,Counter Credit,Rsa Capital Limite    admin BGC,,,0,,Interbank,,,0.99,override_40,strong,0,rule
2026-06-26,d37ba64aacabcf19b173d84dccdea7af89ed188cc854a81de6daa1d59979349b,JUN2026_BC_4040_JUN2026.csv_28,JUN2026,barclays,20-74-09 40406538,2026-06-26,-26.5,GBP,,,asos.com              ON 25 JUN BCC,,,0,,Card Purchase,Card Purchase,asos.com              ON 25 JUN BCC,,,0,,PersonalExpense,Clothing,,0.99,cat_personalexpense_30,strong,0,rule
2026-06-26,73dc0fd777bd0614936867819e280dbbdedaebeb5d9f93153b62dd98b97d4988,JUN2026_StarlingStatement_2026-06.csv_152,JUN2026,starling,60-83-71 00558156,2026-06-26,695.0,GBP,Tap,000000003845730728,Tap 000000003845730728,DIRECT CREDIT,50236.22,,REVENUE,,REVENUE,Tap 000000003845730728 Tap 000000003845730728 DIRECT CREDIT,,,0,,OtherIncome,,,0.65,cat_otherincome_34,catch_all,1,rule
2026-06-26,a2b675b0486222f43f5cb0d23479d5dedb5c32cb01204ae2fecb2ada336d8b85,JUN2026_StarlingStatement_2026-06.csv_153,JUN2026,starling,60-83-71 00558156,2026-06-26,900.0,GBP,D McGowan,1846,D McGowan 1846,FASTER PAYMENT,51136.22,,REVENUE,,REVENUE,D McGowan 1846 D McGowan 1846 FASTER PAYMENT,,,0,F1846ALH,OurRent,,,0.99,prop_rent_F1846ALH_91,strong,0,rule
2026-06-26,b72051e11008174af12432c5f5f7bcbd0d79cccfcc668bf08322273fd6f56056,JUN2026_StarlingStatement_2026-06.csv_154,JUN2026,starling,60-83-71 00558156,2026-06-26,-46.97,GBP,ALDI,ALDI,ALDI ALDI,CONTACTLESS,51089.25,,FOOD_AND_DRINK,,FOOD_AND_DRINK,ALDI ALDI ALDI ALDI CONTACTLESS,,,0,,PersonalExpense,ALDI,,0.99,override_20,strong,0,rule
2026-06-26,6a435ad0340c2a045eae2a840652b2a93ffc64ebaad77f833e47321c0e3960ef,JUN2026_StarlingStatement_2026-06.csv_155,JUN2026,starling,60-83-71 00558156,2026-06-26,-100.0,GBP,Ivana  VALENTINO,admin,Ivana  VALENTINO admin,FASTER PAYMENT,50989.25,,REPAIRS_AND_MAINTENANCE,,REPAIRS_AND_MAINTENANCE,Ivana  VALENTINO admin Ivana  VALENTINO admin FASTER PAYMENT,,,0,,PropertyExpense,,,0.99,cat_propertyexpense_19,strong,1,rule
2026-06-26,ec61f284b149b3711838b2f5b526d22d88a092a95b392c8db6062160cf11d57e,JUN2026_StarlingStatement_2026-06.csv_156,JUN2026,starling,60-83-71 00558156,2026-06-26,-7.85,GBP,Co-op,CO OPERATIVE FOOD,Co-op CO OPERATIVE FOOD,CONTACTLESS,50981.4,,REPAIRS_AND_MAINTENANCE,,REPAIRS_AND_MAINTENANCE,Co-op CO OPERATIVE FOOD Co-op CO OPERATIVE FOOD CONTACTLESS,,,0,,PersonalExpense,COOP,,0.99,cat_propertyexpense_19,strong,0,rule
2026-06-26,f7f1f715a01725311298b459b495d1f84c427bc0961b1862a5686522b9ca1804,JUN2026_StarlingStatement_2026-06.csv_157,JUN2026,starling,60-83-71 00558156,2026-06-26,825.0,GBP,F Kubra,41214,F Kubra 41214,FASTER PAYMENT,51806.4,,REVENUE,,REVENUE,F Kubra 41214 F Kubra 41214 FASTER PAYMENT,,,0,F41214ALH,OurRent,,,0.99,prop_rent_F41214ALH_66,strong,0,rule
2026-06-27,843794e942036fd19ddc18b38c568cd6c98e25b9eac1a75127e77088a78bc667,JUN2026_StarlingStatement_2026-06.csv_158,JUN2026,starling,60-83-71 00558156,2026-06-27,-8.7,GBP,BP,NEWNHAM AVENUE SF CONN,BP NEWNHAM AVENUE SF CONN,CONTACTLESS,51797.7,,VEHICLES,,VEHICLES,BP NEWNHAM AVENUE SF CONN BP NEWNHAM AVENUE SF CONN CONTACTLESS,,,0,,OtherExpense,,,0.65,cat_otherexpense_35,catch_all,1,rule
2026-06-27,ce0715f934dbdbe71bf5ec20b30d5593e68c487b4923c647c9a1234c3b5c080f,JUN2026_StarlingStatement_2026-06.csv_159,JUN2026,starling,60-83-71 00558156,2026-06-27,-8.99,GBP,Amazon Prime,Amazon Prime*0346M5VH5,Amazon Prime Amazon Prime*0346M5VH5,CARD SUBSCRIPTION,51788.71,,ADMIN,,ADMIN,Amazon Prime Amazon Prime*0346M5VH5 Amazon Prime Amazon Prime*0346M5VH5 CARD SUBSCRIPTION,,,0,,PropertyExpense,,,0.99,cat_propertyexpense_10,strong,1,rule
2026-06-27,4b5f9c111a2bd4e038af522c6166c0171407e14157c2d22be9e036f6b4558fba,JUN2026_StarlingStatement_2026-06.csv_160,JUN2026,starling,60-83-71 00558156,2026-06-27,825.0,GBP,William Sait,W SAIT 169 FAWCETT,William Sait W SAIT 169 FAWCETT,FASTER PAYMENT,52613.71,,REVENUE,,REVENUE,William Sait W SAIT 169 FAWCETT William Sait W SAIT 169 FAWCETT FASTER PAYMENT,,,0,F3169FAW,OurRent,,,0.99,prop_rent_F3169FAW_78,strong,0,rule
2026-06-28,4f2f498d5901d63d93839b19d75acb90694069bfdba37802b99435e3513c1e3f,JUN2026_StarlingStatement_2026-06.csv_161,JUN2026,starling,60-83-71 00558156,2026-06-28,875.0,GBP,Dono Kuriakose,RSA Capital Limite,Dono Kuriakose RSA Capital Limite,FASTER PAYMENT,53488.71,,REVENUE,,REVENUE,Dono Kuriakose RSA Capital Limite Dono Kuriakose RSA Capital Limite FASTER PAYMENT,,,0,F111618ALH,Interbank,,,0.99,prop_rent_F111618ALH_109,strong,0,rule
2026-06-28,b14b9c928dd76891e61d277042e1e006ab45ffa4b31999349aaaf4bb76777891,JUN2026_StarlingStatement_2026-06.csv_162,JUN2026,starling,60-83-71 00558156,2026-06-28,-13.5,GBP,Boots,"BOOTS,MILTON","Boots BOOTS,MILTON",CONTACTLESS,53475.21,,FOOD_AND_DRINK,,FOOD_AND_DRINK,"Boots BOOTS,MILTON Boots BOOTS,MILTON CONTACTLESS",,,0,,PersonalExpense,Pharmacy/Opticians/Dental,,0.99,override_15,strong,0,rule
2026-06-28,784b4317dff0040fac656e623fbd6eacd96032a668aae17b38db832f4b156046,JUN2026_StarlingStatement_2026-06.csv_163,JUN2026,starling,60-83-71 00558156,2026-06-28,-56.17,GBP,Boots,BOOTS 6568,Boots BOOTS 6568,CONTACTLESS,53419.04,,FOOD_AND_DRINK,,FOOD_AND_DRINK,Boots BOOTS 6568 Boots BOOTS 6568 CONTACTLESS,,,0,,PersonalExpense,Pharmacy/Opticians/Dental,,0.99,override_15,strong,0,rule
2026-06-28,39874b15c5038b4162538ef13313f34b6a7a98e35bd997f3ac96b468be1f908e,JUN2026_StarlingStatement_2026-06.csv_164,JUN2026,starling,60-83-71 00558156,2026-06-28,-25.75,GBP,Co-op,CO OPERATIVE FOOD,Co-op CO OPERATIVE FOOD,CONTACTLESS,53393.29,,REPAIRS_AND_MAINTENANCE,,REPAIRS_AND_MAINTENANCE,Co-op CO OPERATIVE FOOD Co-op CO OPERATIVE FOOD CONTACTLESS,,,0,,PersonalExpense,COOP,,0.99,cat_propertyexpense_19,strong,0,rule
2026-06-28,1a8db58bbefbe1f9a738cbdf25f480108a28cc401b5ae8bfd1e8c8a4e0795dd8,JUN2026_StarlingStatement_2026-06.csv_165,JUN2026,starling,60-83-71 00558156,2026-06-28,-4.5,GBP,Mk Council,MK COUNCIL - IPS,Mk Council MK COUNCIL - IPS,CONTACTLESS,53388.79,,TRAVEL,,TRAVEL,Mk Council MK COUNCIL - IPS Mk Council MK COUNCIL - IPS CONTACTLESS,,,0,,PersonalExpense,Other,,0.99,override_30,strong,0,rule
2026-06-28,dad77326f558114fb2195bf8fa8ccfb5fd69a57794c07e901dbdd2f00a29ba1d,JUN2026_StarlingStatement_2026-06.csv_166,JUN2026,starling,60-83-71 00558156,2026-06-28,-59.2,GBP,Marks & Spencer,MARKS&SPENCER PLC,Marks & Spencer MARKS&SPENCER PLC,CHIP & PIN,53329.59,,FOOD_AND_DRINK,,FOOD_AND_DRINK,Marks & Spencer MARKS&SPENCER PLC Marks & Spencer MARKS&SPENCER PLC CHIP & PIN,,,0,,PersonalExpense,M&S,,0.99,override_2,strong,0,rule
2026-06-28,27c61f872755da85376d6905d65e797ee29aa4f6fab08b20d6cfc296e97da78d,JUN2026_StarlingStatement_2026-06.csv_167,JUN2026,starling,60-83-71 00558156,2026-06-28,-1.99,GBP,Microsoft,Microsoft*Microsoft 36,Microsoft Microsoft*Microsoft 36,CARD SUBSCRIPTION,53327.6,,PHONE_AND_INTERNET,,PHONE_AND_INTERNET,Microsoft Microsoft*Microsoft 36 Microsoft Microsoft*Microsoft 36 CARD SUBSCRIPTION,,,0,,OtherExpense,,,0.65,cat_otherexpense_35,catch_all,1,rule
2026-06-28,384e3bd0c9b36156ed11ac3221e09263a5c271cbf0648add6d7119c654b475cf,JUN2026_StarlingStatement_2026-06.csv_168,JUN2026,starling,60-83-71 00558156,2026-06-28,-100.0,GBP,Peter Taperek,61618 rep,Peter Taperek 61618 rep,FASTER PAYMENT,53227.6,,REPAIRS_AND_MAINTENANCE,,REPAIRS_AND_MAINTENANCE,Peter Taperek 61618 rep Peter Taperek 61618 rep FASTER PAYMENT,,,0,,PropertyExpense,,,0.99,cat_propertyexpense_19,strong,1,rule
2026-06-29,2ed805a0e9648626030e0c90d12b772ace2e5d27e7f19c9267a08cf811fbb7e2,JUN2026_BC_6045_JUN2026.csv_18,JUN2026,barclays,20-74-09 60458872,2026-06-29,-166.4,GBP,,,AMZNMktplace*JO62B    ON 29 JUN BCC,,,0,,Card Purchase,Card Purchase,AMZNMktplace*JO62B    ON 29 JUN BCC,,,0,,PersonalExpense,Amazon,,0.99,cat_personalexpense_30,strong,0,rule
2026-06-29,0a354a3a07ef64fca9936677be2342deb2877f0dbeb6d25430d674fb58e06b00,JUN2026_BC_6045_JUN2026.csv_19,JUN2026,barclays,20-74-09 60458872,2026-06-29,343.31,GBP,,,M Tucker              SF BGC,,,0,,Counter Credit,Counter Credit,M Tucker              SF BGC,,,0,,MTPayment,,,0.99,override_41,strong,0,rule
2026-06-29,fb37ff2fef9dd5a5c5bf07ecc83ef22cfc4d452ce5ee3344996614ae863f1678,JUN2026_BC_3072_JUN2026.csv_65,JUN2026,barclays,20-53-97 30728691,2026-06-29,-50.0,GBP,,,BOOTS OPTICIANS       A45028400000736 DDR,,,760589,,Direct Debit,Direct Debit,BOOTS OPTICIANS       A45028400000736 DDR,,,0,,PersonalExpense,Pharmacy/Opticians/Dental,,0.99,cat_regularpayment_27,strong,0,rule
2026-06-29,eb5ca80c856e8e6c9cdb52ff9cac3dbb903c397d119e71a1d164d5ddb0f9794e,JUN2026_BC_3072_JUN2026.csv_66,JUN2026,barclays,20-53-97 30728691,2026-06-29,-304.08,GBP,,,BHAM MIDSHIRES        6092036837070000 DDR,,,184800,,Direct Debit,Direct Debit,BHAM MIDSHIRES        6092036837070000 DDR,,,0,F4163FRA,Mortgage,,,0.99,prop_mort_F4163FRA_20,strong,0,rule
2026-06-29,b36d461c43e2d2a158adfd9cdfb36fa85c162e2125dcc05ee71e8284af382c14,JUN2026_BC_3072_JUN2026.csv_67,JUN2026,barclays,20-53-97 30728691,2026-06-29,-482.31,GBP,,,TOGETHER COMMERCIA    10279063 DDR,,,687470,,Direct Debit,Direct Debit,TOGETHER COMMERCIA    10279063 DDR,,,0,,RegularPayment,SFLoan,,0.99,cat_regularpayment_27,strong,0,rule
2026-06-29,d1a493682739f4da7be0d0d2bd3c26d36259fa5d1b5f7352b9eb1fbae41651d8,JUN2026_BC_3072_JUN2026.csv_68,JUN2026,barclays,20-53-97 30728691,2026-06-29,866.11,GBP,,,Rsa Capital Limite    mortgages BGC,,,0,,Counter Credit,Counter Credit,Rsa Capital Limite    mortgages BGC,,,0,,Interbank,,,0.99,override_40,strong,0,rule
2026-06-29,38f6649761f55990a11e089344d87df498672cbbecffab4c609e13f064dbbed3,JUN2026_BC_4040_JUN2026.csv_29,JUN2026,barclays,20-74-09 40406538,2026-06-29,-57.0,GBP,,,MARKS&SPENCER PLC     ON 26 JUN CLP,,,0,,Contactless Card Purchase,Contactless Card Purchase,MARKS&SPENCER PLC     ON 26 JUN CLP,,,0,,PersonalExpense,M&S,,0.99,cat_personalexpense_30,strong,0,rule
2026-06-29,0f42d66808df8a2e1be5ec59aea9a3dfcc2cc5eff35e195a229dccdfc5a0ad65,JUN2026_StarlingStatement_2026-06.csv_169,JUN2026,starling,60-83-71 00558156,2026-06-29,-11.0,GBP,IMO Carwash,ANDUFF CAR WASH LIMITE,IMO Carwash ANDUFF CAR WASH LIMITE,CONTACTLESS,53216.6,,VEHICLES,,VEHICLES,IMO Carwash ANDUFF CAR WASH LIMITE IMO Carwash ANDUFF CAR WASH LIMITE CONTACTLESS,,,0,,OtherExpense,,,0.65,cat_otherexpense_35,catch_all,1,rule
2026-06-29,3adc0da1e14a1f3678c3f10def10f0b051aaf43a2dcb021c50b756604ef9e51d,JUN2026_StarlingStatement_2026-06.csv_170,JUN2026,starling,60-83-71 00558156,2026-06-29,-99.98,GBP,HomeSense,HOMESENSE_UK,HomeSense HOMESENSE_UK,CONTACTLESS,53116.62,,OTHER,,OTHER,HomeSense HOMESENSE_UK HomeSense HOMESENSE_UK CONTACTLESS,,,0,,PersonalExpense,Household,,0.99,override_23,strong,0,rule
2026-06-29,c11d94ab61fac6dbbc195b48fe784d68bd0abbb8435126cae77a0a4ebdc0ae94,JUN2026_StarlingStatement_2026-06.csv_171,JUN2026,starling,60-83-71 00558156,2026-06-29,-19.0,GBP,Tesco,TESCO STORES 2105,Tesco TESCO STORES 2105,CONTACTLESS,53097.62,,FOOD_AND_DRINK,,FOOD_AND_DRINK,Tesco TESCO STORES 2105 Tesco TESCO STORES 2105 CONTACTLESS,,,0,,PersonalExpense,Tesco,,0.99,override_9,strong,0,rule
2026-06-29,de77dc5207ac467a1633ccb98f24d613533258fed1152576f84be80146c8b9dc,JUN2026_StarlingStatement_2026-06.csv_172,JUN2026,starling,60-83-71 00558156,2026-06-29,-866.11,GBP,Ivana Valentino 3072,mortgages,Ivana Valentino 3072 mortgages,FASTER PAYMENT,52231.51,,INTEREST_PAYMENTS,,INTEREST_PAYMENTS,Ivana Valentino 3072 mortgages Ivana Valentino 3072 mortgages FASTER PAYMENT,,,0,,MortgageRefund,Ivana,,0.99,cat_mortgagerefund_15,strong,0,rule
2026-06-29,5a5141c1e251d14ca325ba737f1e593dbe1dc7ceda095cfd37cc40e119383859,JUN2026_StarlingStatement_2026-06.csv_173,JUN2026,starling,60-83-71 00558156,2026-06-29,-10.85,GBP,Co-op,CO OPERATIVE FOOD,Co-op CO OPERATIVE FOOD,CONTACTLESS,52220.66,,REPAIRS_AND_MAINTENANCE,,REPAIRS_AND_MAINTENANCE,Co-op CO OPERATIVE FOOD Co-op CO OPERATIVE FOOD CONTACTLESS,,,0,,PersonalExpense,COOP,,0.99,cat_propertyexpense_19,strong,0,rule
2026-06-29,0308018e015fe2a03f031496e2b8f63c8b9bb8ae54a91aaa4d8a9893069608fa,JUN2026_StarlingStatement_2026-06.csv_174,JUN2026,starling,60-83-71 00558156,2026-06-29,-63.99,GBP,Sports Direct,FGTL TA Sports Direct,Sports Direct FGTL TA Sports Direct,CONTACTLESS,52156.67,,EQUIPMENT,,EQUIPMENT,Sports Direct FGTL TA Sports Direct Sports Direct FGTL TA Sports Direct CONTACTLESS,,,0,,PersonalExpense,Clothing,,0.99,override_14,strong,0,rule
2026-06-29,edebd239a857933abc4766c508a6472776e7b33c6803fc887ae9abb137da7700,JUN2026_StarlingStatement_2026-06.csv_175,JUN2026,starling,60-83-71 00558156,2026-06-29,-15.7,GBP,Marks & Spencer,MARKS&SPENCER PLC SACA,Marks & Spencer MARKS&SPENCER PLC SACA,CONTACTLESS,52140.97,,FOOD_AND_DRINK,,FOOD_AND_DRINK,Marks & Spencer MARKS&SPENCER PLC SACA Marks & Spencer MARKS&SPENCER PLC SACA CONTACTLESS,,,0,,PersonalExpense,M&S,,0.99,override_2,strong,0,rule
2026-06-29,1015ad29d72df00d33baf3e34e19b773fc36a7c1ba9484931edc58e2fab8869f,JUN2026_StarlingStatement_2026-06.csv_176,JUN2026,starling,60-83-71 00558156,2026-06-29,850.0,GBP,Matthew  Watts,196A KINGSTON ROAD,Matthew  Watts 196A KINGSTON ROAD,FASTER PAYMENT,52990.97,,REVENUE,,REVENUE,Matthew  Watts 196A KINGSTON ROAD Matthew  Watts 196A KINGSTON ROAD FASTER PAYMENT,,,0,196AKIN,OurRent,,,0.99,prop_rent_196AKIN_86,strong,0,rule
2026-06-29,52d5a4d248390c216a6e3e56a5111a173de556eca2cb6a1e18b4204c9d0e283e,JUN2026_StarlingStatement_2026-06.csv_177,JUN2026,starling,60-83-71 00558156,2026-06-29,-631.99,GBP,Central Energy South Limited,843 14 1214 eicr,Central Energy South Limited 843 14 1214 eicr,FASTER PAYMENT,52358.98,,REPAIRS_AND_MAINTENANCE,,REPAIRS_AND_MAINTENANCE,Central Energy South Limited 843 14 1214 eicr Central Energy South Limited 843 14 1214 eicr FASTER PAYMENT,,,0,F141214ALH,PropertyExpense,,,0.99,prop_rent_F141214ALH_103,strong,0,rule
2026-06-29,6e129399ddfa1a65fe868d182c1590e664ee3a113fc05748f442e4ae9462b321,JUN2026_StarlingStatement_2026-06.csv_178,JUN2026,starling,60-83-71 00558156,2026-06-29,-160.0,GBP,Central Energy South Limited,844 141214 leak,Central Energy South Limited 844 141214 leak,FASTER PAYMENT,52198.98,,REPAIRS_AND_MAINTENANCE,,REPAIRS_AND_MAINTENANCE,Central Energy South Limited 844 141214 leak Central Energy South Limited 844 141214 leak FASTER PAYMENT,,,0,,PropertyExpense,,,0.99,cat_propertyexpense_19,strong,1,rule
2026-06-29,24561fcb6d61defd63aaae040328da6f4a7bfe94a17d829c783f3ba70aa1b196,JUN2026_StarlingStatement_2026-06.csv_179,JUN2026,starling,60-83-71 00558156,2026-06-29,850.0,GBP,Elsie Hirst,FLAT 16 RENT,Elsie Hirst FLAT 16 RENT,FASTER PAYMENT,53048.98,,REVENUE,,REVENUE,Elsie Hirst FLAT 16 RENT Elsie Hirst FLAT 16 RENT FASTER PAYMENT,,,0,,OtherIncome,,,0.65,cat_otherincome_34,catch_all,1,rule
2026-06-30,1cf22c5f65f03753faa93ad1e3f739c6771a7350cb21b0f15291d2309b4307f9,JUN2026_BC_6045_JUN2026.csv_20,JUN2026,barclays,20-74-09 60458872,2026-06-30,3000.0,GBP,,,M Tucker              SF BGC,,,0,,Counter Credit,Counter Credit,M Tucker              SF BGC,,,0,,MTPayment,,,0.99,override_41,strong,0,rule
2026-06-30,4b9e47e80c60e8a52ebc7333d5fa70e2c5214f7fe721c8335b39bdf5bbb4e4c0,JUN2026_BC_3072_JUN2026.csv_69,JUN2026,barclays,20-53-97 30728691,2026-06-30,-441.79,GBP,,,PARAGON BANK PLC      002186317 10133300 DD,,,295404,,Direct Debit,Direct Debit,PARAGON BANK PLC      002186317 10133300 DD,,,0,F58ALH,Mortgage,,,0.99,prop_mort_F58ALH_29,strong,0,rule
2026-06-30,5be1ff3d43d6944a06abd10880f3ce8f9c71a2454cc12f1796f61cec060e684a,JUN2026_BC_3072_JUN2026.csv_70,JUN2026,barclays,20-53-97 30728691,2026-06-30,-441.79,GBP,,,PARAGON BANK PLC      002186356 10133300 DD,,,295404,,Direct Debit,Direct Debit,PARAGON BANK PLC      002186356 10133300 DD,,,0,F1846ALH,Mortgage,,,0.99,prop_mort_F1846ALH_35,strong,0,rule
2026-06-30,b90e684453d679f307b827c22871ed8aaecb93f9fa4527ad05a232919f91dd5c,JUN2026_BC_3072_JUN2026.csv_71,JUN2026,barclays,20-53-97 30728691,2026-06-30,-441.79,GBP,,,PARAGON BANK PLC      002186357 10133300 DD,,,295404,,Direct Debit,Direct Debit,PARAGON BANK PLC      002186357 10133300 DD,,,0,F1746ALH,Mortgage,,,0.99,prop_mort_F1746ALH_34,strong,0,rule
2026-06-30,2b0cfdc1c975273cecfa0dccca06dc3b705e05962018ce58aea7f63799133a02,JUN2026_BC_3072_JUN2026.csv_72,JUN2026,barclays,20-53-97 30728691,2026-06-30,-454.07,GBP,,,MORTGAGE TRUST        002197389 10133300 DD,,,624461,,Direct Debit,Direct Debit,MORTGAGE TRUST        002197389 10133300 DD,,,0,F71214ALH,Mortgage,,,0.99,prop_mort_F71214ALH_45,strong,0,rule
2026-06-30,62b5a2b4ffeb5867d958bb58cd3268c43b2c4071d2a766cd4dbb5d187364a5d2,JUN2026_BC_3072_JUN2026.csv_73,JUN2026,barclays,20-53-97 30728691,2026-06-30,1779.44,GBP,,,Rsa Capital Limite    mortgages BGC,,,0,,Counter Credit,Counter Credit,Rsa Capital Limite    mortgages BGC,,,0,,Interbank,,,0.99,override_40,strong,0,rule
2026-06-30,e60047e8950c20a5b4390efa12104fdd051efaa0204b07c09aa8eddbcdd4ede3,JUN2026_StarlingStatement_2026-06.csv_180,JUN2026,starling,60-83-71 00558156,2026-06-30,800.0,GBP,ALDINGTON H,FLAT 4 321LONDONRD,ALDINGTON H FLAT 4 321LONDONRD,FASTER PAYMENT,53848.98,,REVENUE,,REVENUE,ALDINGTON H FLAT 4 321LONDONRD ALDINGTON H FLAT 4 321LONDONRD FASTER PAYMENT,,,0,F4321LON,OurRent,,,0.99,prop_rent_F4321LON_74,strong,0,rule
2026-06-30,27507d916d7259c1b17e6c528e2fcde34289f1c348160e119958f19ede513aac,JUN2026_StarlingStatement_2026-06.csv_181,JUN2026,starling,60-83-71 00558156,2026-06-30,-5.0,GBP,Co-op,CO OPERATIVE FOOD,Co-op CO OPERATIVE FOOD,CONTACTLESS,53843.98,,REPAIRS_AND_MAINTENANCE,,REPAIRS_AND_MAINTENANCE,Co-op CO OPERATIVE FOOD Co-op CO OPERATIVE FOOD CONTACTLESS,,,0,,PersonalExpense,COOP,,0.99,cat_propertyexpense_19,strong,0,rule
2026-06-30,9a8e1eed7c00702c6c1489fd038d9f5aaa48dc33335b0dd337acecac08cf0cdf,JUN2026_StarlingStatement_2026-06.csv_182,JUN2026,starling,60-83-71 00558156,2026-06-30,-1779.44,GBP,Ivana Valentino 3072,mortgages,Ivana Valentino 3072 mortgages,FASTER PAYMENT,52064.54,,INTEREST_PAYMENTS,,INTEREST_PAYMENTS,Ivana Valentino 3072 mortgages Ivana Valentino 3072 mortgages FASTER PAYMENT,,,0,,MortgageRefund,Ivana,,0.99,cat_mortgagerefund_15,strong,0,rule
2026-06-30,699972919147d2fdafa5ec2351684fc5f7c92c92e9b08def33ef62365014e455,JUN2026_StarlingStatement_2026-06.csv_183,JUN2026,starling,60-83-71 00558156,2026-06-30,850.0,GBP,MD FOHAD HASSAN LODI,196B king,MD FOHAD HASSAN LODI 196B king,FASTER PAYMENT,52914.54,,REVENUE,,REVENUE,MD FOHAD HASSAN LODI 196B king MD FOHAD HASSAN LODI 196B king FASTER PAYMENT,,,0,196BKIN,OurRent,,,0.99,prop_rent_196BKIN_87,strong,0,rule
2026-06-30,2801244da11c04881431e6dfd8fae4bafc0a3b302991de92d51eaa246c70a823,JUN2026_StarlingStatement_2026-06.csv_184,JUN2026,starling,60-83-71 00558156,2026-06-30,-68.4,GBP,Marks & Spencer,MARKS&SPENCER PLC SACA,Marks & Spencer MARKS&SPENCER PLC SACA,CONTACTLESS,52846.14,,FOOD_AND_DRINK,,FOOD_AND_DRINK,Marks & Spencer MARKS&SPENCER PLC SACA Marks & Spencer MARKS&SPENCER PLC SACA CONTACTLESS,,,0,,PersonalExpense,M&S,,0.99,override_2,strong,0,rule
2026-06-30,b942035b5a5130a95a6ae3e588777d44c6598cda7264bee61ec26b97df3916f1,JUN2026_StarlingStatement_2026-06.csv_185,JUN2026,starling,60-83-71 00558156,2026-06-30,-4000.0,GBP,Rocco VALENTINO TUCKER,salary m3,Rocco VALENTINO TUCKER salary m3,FASTER PAYMENT,48846.14,,COST_OF_SALES,,COST_OF_SALES,Rocco VALENTINO TUCKER salary m3 Rocco VALENTINO TUCKER salary m3 FASTER PAYMENT,,,0,,PersonalExpense,Rocco,,0.99,override_6,strong,0,rule
2026-06-30,2231038d786077dc939e5baea56e3c039446a3e6781ebbed31ced87d77849854,JUN2026_StarlingStatement_2026-06.csv_186,JUN2026,starling,60-83-71 00558156,2026-06-30,-30.0,GBP,Jijo George,29 13 1618,Jijo George 29 13 1618,FASTER PAYMENT,48816.14,,REPAIRS_AND_MAINTENANCE,,REPAIRS_AND_MAINTENANCE,Jijo George 29 13 1618 Jijo George 29 13 1618 FASTER PAYMENT,,,0,,PropertyExpense,,,0.99,cat_propertyexpense_19,strong,1,rule
2026-06-30,b1aed2609669b12206cd12a6ec1087eb7b1680fa0b27e5d45975ae4099db3a8d,JUN2026_StarlingStatement_2026-06.csv_187,JUN2026,starling,60-83-71 00558156,2026-06-30,1005.0,GBP,KARUN,19 4-6,KARUN 19 4-6,FASTER PAYMENT,49821.14,,REVENUE,,REVENUE,KARUN 19 4-6 KARUN 19 4-6 FASTER PAYMENT,,,0,F1946ALH,OurRent,,,0.99,prop_rent_F1946ALH_92,strong,0,rule
