Date,tx_id,raw_row_id,import_batch_id,source_bank,source_account,posted_date,amount,currency,counterparty,reference,memo,type,balance,bank_txn_number,bank_category,bank_subcategory,effective_subcategory,match_text,description_x,parent_tx_id,is_superseded,property_code,category,subcategory,description_y,confidence,rule_id,rule_strength,needs_review,source
2026-04-01,709c48e82d1c3c3300d5b62d0eb59271646b82587a999b29e57180559c5a8f79,APR2026_BC_6045_APR2026.csv_1,APR2026,barclays,20-74-09 60458872,2026-04-01,-119.48,GBP,,,PIC RE ARGOS PET      PETAG934657920001 DDR,,,451019,,Direct Debit,Direct Debit,PIC RE ARGOS PET      PETAG934657920001 DDR,,,0,,RegularPayment,,,0.99,cat_regularpayment_27,strong,0,rule
2026-04-01,3aac9c606e52d8531e6138cea724e0102c8111bc9ba027584da6f93e8db515f4,APR2026_BC_6045_APR2026.csv_2,APR2026,barclays,20-74-09 60458872,2026-04-01,-50.0,GBP,,,NATIONWIDE            0604/229172770 STO,,,0,,Standing Order,Standing Order,NATIONWIDE            0604/229172770 STO,,,0,,RegularPayment,,,0.99,cat_regularpayment_25,strong,0,rule
2026-04-01,997acacfa0a3f3dcef4d5d0d1704f448737f5d0036c89d0e958285d3c3c6c85f,APR2026_BC_6045_APR2026.csv_3,APR2026,barclays,20-74-09 60458872,2026-04-01,-2.49,GBP,,,Prime Video Rent /    ON 31 MAR BCC,,,0,,Card Purchase,Card Purchase,Prime Video Rent /    ON 31 MAR BCC,,,0,,PersonalExpense,Other,,0.99,cat_personalexpense_30,strong,0,rule
2026-04-01,94952a86bb45ef929aec87fbc7f65dcc1b692c9a399bdd8581b7556d8b052f35,APR2026_BC_3072_APR2026.csv_1,APR2026,barclays,20-53-97 30728691,2026-04-01,-59.98,GBP,,,CONNEXIN              T35GBKW DDR,,,297041,,Direct Debit,Direct Debit,CONNEXIN              T35GBKW DDR,,,0,,RegularPayment,,,0.99,cat_regularpayment_27,strong,0,rule
2026-04-01,eea8a5ccdc5eb107a81a68a120c1e7c8f7867b78575dbd2c94758f9f2459fcb1,APR2026_BC_3072_APR2026.csv_2,APR2026,barclays,20-53-97 30728691,2026-04-01,-457.65,GBP,,,TOPAZ FIN JASPER      PRU00010/190859005 DD,,,169547,,Direct Debit,Direct Debit,TOPAZ FIN JASPER      PRU00010/190859005 DD,,,0,F31618ALH,Mortgage,,,0.99,prop_mort_F31618ALH_51,strong,0,rule
2026-04-01,6d505e40793d82f676fff1eed533131358c18efacc2a9b2eb3a5b5c68a012916,APR2026_BC_3072_APR2026.csv_3,APR2026,barclays,20-53-97 30728691,2026-04-01,-887.02,GBP,,,HESSONITE MORTGAGE    TND00001/631516204 DD,,,573997,,Direct Debit,Direct Debit,HESSONITE MORTGAGE    TND00001/631516204 DD,,,0,23CHAM,Mortgage,,,0.99,prop_mort_23CHAM_28,strong,0,rule
2026-04-01,831d61252240eb39833db2ec31aed10efb6b4bc29552af207280593246364852,APR2026_BC_3072_APR2026.csv_4,APR2026,barclays,20-53-97 30728691,2026-04-01,-513.07,GBP,,,TOPAZ RE ROSINCA      ROW20004/560470708 DD,,,169548,,Direct Debit,Direct Debit,TOPAZ RE ROSINCA      ROW20004/560470708 DD,,,0,F2346ALH,Mortgage,,,0.99,prop_mort_F2346ALH_60,strong,0,rule
2026-04-01,28fdaa2d89551ab8de2cdc191e80f4952bf42dc5b10376aebc466970a251d614,APR2026_BC_3072_APR2026.csv_5,APR2026,barclays,20-53-97 30728691,2026-04-01,-509.79,GBP,,,TOPAZ RE ROSINCA      ROW20004/560471701 DD,,,169548,,Direct Debit,Direct Debit,TOPAZ RE ROSINCA      ROW20004/560471701 DD,,,0,F2046ALH,Mortgage,,,0.99,prop_mort_F2046ALH_59,strong,0,rule
2026-04-01,aeaf2bbe862555037374e6380b33d15e8e48c41de1e4290b43e219b9fd158f19,APR2026_BC_3072_APR2026.csv_6,APR2026,barclays,20-53-97 30728691,2026-04-01,-508.92,GBP,,,TOPAZ RE ROSINCA      ROW20004/560471810 DD,,,169548,,Direct Debit,Direct Debit,TOPAZ RE ROSINCA      ROW20004/560471810 DD,,,0,F2246ALH,Mortgage,,,0.99,prop_mort_F2246ALH_58,strong,0,rule
2026-04-01,c2a8686f7642e1d8fa164aab81e5a0d70d10def81beabc399f9e9a237ea6cd6f,APR2026_BC_3072_APR2026.csv_7,APR2026,barclays,20-53-97 30728691,2026-04-01,-469.79,GBP,,,TOPAZ RE ROSINCA      ROW20004/560476808 DD,,,169548,,Direct Debit,Direct Debit,TOPAZ RE ROSINCA      ROW20004/560476808 DD,,,0,F61618ALH,Mortgage,,,0.99,prop_mort_F61618ALH_61,strong,0,rule
2026-04-01,3123cf81c3d907480eb7e5aefaabbbc783b6cee040a404a8d8c016c4187105b1,APR2026_BC_3072_APR2026.csv_8,APR2026,barclays,20-53-97 30728691,2026-04-01,-314.84,GBP,,,JASPER MORTGAGES      JAC00002/390255001 DD,,,457918,,Direct Debit,Direct Debit,JASPER MORTGAGES      JAC00002/390255001 DD,,,0,F3321LON,Mortgage,,,0.99,prop_mort_F3321LON_6,strong,0,rule
2026-04-01,4ce262deb8162f348e1b0cb975974b76b9539a98e6e2a406cf69c547b284a8bb,APR2026_BC_3072_APR2026.csv_9,APR2026,barclays,20-53-97 30728691,2026-04-01,-313.0,GBP,,,JASPER MORTGAGES      JAC00002/390255110 DD,,,457918,,Direct Debit,Direct Debit,JASPER MORTGAGES      JAC00002/390255110 DD,,,0,F2169FAW,Mortgage,,,0.99,prop_mort_F2169FAW_9,strong,0,rule
2026-04-01,6f76459a8ee3e8f6edf0c413f36f99be8a5a897c6a7ec172ea201d61323b4c6d,APR2026_BC_3072_APR2026.csv_10,APR2026,barclays,20-53-97 30728691,2026-04-01,-620.94,GBP,,,TOPAZ RE SIBERITE     SIB00001/480016104 DD,,,177794,,Direct Debit,Direct Debit,TOPAZ RE SIBERITE     SIB00001/480016104 DD,,,0,F2146ALH,Mortgage,,,0.99,prop_mort_F2146ALH_38,strong,0,rule
2026-04-01,129241dfea72f50905b52e3d6ec5a0ced1949adfcb7a57aab3ee901676f91818,APR2026_BC_3072_APR2026.csv_11,APR2026,barclays,20-53-97 30728691,2026-04-01,59.98,GBP,,,CONNEXIN              T35GBKW UNP,,,0,,Unpaid,Unpaid,CONNEXIN              T35GBKW UNP,,,0,,OtherIncome,,,0.65,cat_otherincome_34,catch_all,1,rule
2026-04-01,aaa861742e6718e31c2166b2bc5350779b7744f4ad99a2a0b2540055d93dfdd7,APR2026_StarlingStatement_2026-04.csv_1,APR2026,starling,60-83-71 00558156,2026-04-01,-465.0,GBP,Alhambra Road,M Tucker SC,Alhambra Road M Tucker SC,FASTER PAYMENT,63420.28,,REPAIRS_AND_MAINTENANCE,,REPAIRS_AND_MAINTENANCE,Alhambra Road M Tucker SC Alhambra Road M Tucker SC FASTER PAYMENT,,,0,,ServiceCharge,,,0.99,cat_servicecharge_11,strong,0,rule
2026-04-01,4f8bf5615e984156bad560b24ccde3fc7a0e0482c7cfc609c4600744613511e1,APR2026_StarlingStatement_2026-04.csv_2,APR2026,starling,60-83-71 00558156,2026-04-01,-315.0,GBP,ALHHAMBRA ROAD,M Tucker SC,ALHHAMBRA ROAD M Tucker SC,FASTER PAYMENT,63105.28,,REPAIRS_AND_MAINTENANCE,,REPAIRS_AND_MAINTENANCE,ALHHAMBRA ROAD M Tucker SC ALHHAMBRA ROAD M Tucker SC FASTER PAYMENT,,,0,,ServiceCharge,,,0.99,cat_servicecharge_11,strong,0,rule
2026-04-01,362bbf57a48912dee8ed87c76deb65b4a19a8f98f213dcf3236075b0f0270d77,APR2026_StarlingStatement_2026-04.csv_3,APR2026,starling,60-83-71 00558156,2026-04-01,-100.0,GBP,Lordswood Estates,M Tucker SC,Lordswood Estates M Tucker SC,FASTER PAYMENT,63005.28,,REPAIRS_AND_MAINTENANCE,,REPAIRS_AND_MAINTENANCE,Lordswood Estates M Tucker SC Lordswood Estates M Tucker SC FASTER PAYMENT,,,0,,ServiceCharge,,,0.99,cat_servicecharge_11,strong,0,rule
2026-04-01,b2cfd6949f075318dbc1f51e852f337b38736a1a96bf6312e9587f0364133a0b,APR2026_StarlingStatement_2026-04.csv_4,APR2026,starling,60-83-71 00558156,2026-04-01,100.0,GBP,Lordswood Estates,M Tucker SC,Lordswood Estates M Tucker SC,FASTER PAYMENT,63105.28,,REVENUE,,REVENUE,Lordswood Estates M Tucker SC Lordswood Estates M Tucker SC FASTER PAYMENT,,,0,,ServiceCharge,,,0.99,cat_servicecharge_11,strong,0,rule
2026-04-01,5eaed132835f62069dd952a0197fde59481f55c4c8976d8f14a6a8a0ade41ec4,APR2026_StarlingStatement_2026-04.csv_5,APR2026,starling,60-83-71 00558156,2026-04-01,-320.0,GBP,Alhambra Road,M Tucker SC,Alhambra Road M Tucker SC,FASTER PAYMENT,62785.28,,REPAIRS_AND_MAINTENANCE,,REPAIRS_AND_MAINTENANCE,Alhambra Road M Tucker SC Alhambra Road M Tucker SC FASTER PAYMENT,,,0,,ServiceCharge,,,0.99,cat_servicecharge_11,strong,0,rule
2026-04-01,9961cc487332c2ccd164eba4be9b1053bd9b7547ece3ff3e827aef44edc8fa47,APR2026_StarlingStatement_2026-04.csv_6,APR2026,starling,60-83-71 00558156,2026-04-01,980.0,GBP,Mr A J  FITZGERALD,FLAT 23 4-6 ALHAMB,Mr A J  FITZGERALD FLAT 23 4-6 ALHAMB,FASTER PAYMENT,63765.28,,REVENUE,,REVENUE,Mr A J  FITZGERALD FLAT 23 4-6 ALHAMB Mr A J  FITZGERALD FLAT 23 4-6 ALHAMB FASTER PAYMENT,,,0,F2346ALH,OurRent,,,0.99,prop_rent_F2346ALH_96,strong,0,rule
2026-04-01,6841cccc29725c76417a54309c3e72f93d3e16ce81a3b4e0f78af1b3f3e2fb2a,APR2026_StarlingStatement_2026-04.csv_7,APR2026,starling,60-83-71 00558156,2026-04-01,-13.35,GBP,Trainline,Trainline,Trainline Trainline,ONLINE PAYMENT,63751.93,,TRAVEL,,TRAVEL,Trainline Trainline Trainline Trainline ONLINE PAYMENT,,,0,,OtherExpense,,,0.65,cat_otherexpense_35,catch_all,1,rule
2026-04-01,62d953e4b65c65256106a980cb862727066f0152ae2b829d4c24204887862eb9,APR2026_StarlingStatement_2026-04.csv_8,APR2026,starling,60-83-71 00558156,2026-04-01,925.0,GBP,R Cowie,FLAT 14. PO4 0RF,R Cowie FLAT 14. PO4 0RF,FASTER PAYMENT,64676.93,,REVENUE,,REVENUE,R Cowie FLAT 14. PO4 0RF R Cowie FLAT 14. PO4 0RF FASTER PAYMENT,,,0,F141214ALH,OurRent,,,0.99,prop_rent_F141214ALH_103,strong,0,rule
2026-04-01,32d9705e54537867523d8c28ef35edbca3bae37e24931038030024571a98986e,APR2026_StarlingStatement_2026-04.csv_9,APR2026,starling,60-83-71 00558156,2026-04-01,775.0,GBP,Matt GRANIL,Flat 2 PO4 ODH,Matt GRANIL Flat 2 PO4 ODH,FASTER PAYMENT,65451.93,,REVENUE,,REVENUE,Matt GRANIL Flat 2 PO4 ODH Matt GRANIL Flat 2 PO4 ODH FASTER PAYMENT,,,0,F2169FAW,OurRent,,,0.99,prop_rent_F2169FAW_77,strong,0,rule
2026-04-01,e3740bfc94c749df48072152352339e967b187cb9d6d96a0a35d44f743cd1699,APR2026_StarlingStatement_2026-04.csv_10,APR2026,starling,60-83-71 00558156,2026-04-01,775.0,GBP,Nicole  Byrne,FL7 ALHAMBRA RD,Nicole  Byrne FL7 ALHAMBRA RD,FASTER PAYMENT,66226.93,,REVENUE,,REVENUE,Nicole  Byrne FL7 ALHAMBRA RD Nicole  Byrne FL7 ALHAMBRA RD FASTER PAYMENT,,,0,F71618ALH,OurRent,,,0.99,prop_rent_F71618ALH_116,strong,0,rule
2026-04-01,07754443d452a4837e3eb91ea44be6ac5cc03af0558f6981b375df75d9f91dc7,APR2026_StarlingStatement_2026-04.csv_11,APR2026,starling,60-83-71 00558156,2026-04-01,825.0,GBP,Letisha Lowe,Latisha Rent,Letisha Lowe Latisha Rent,FASTER PAYMENT,67051.93,,REVENUE,,REVENUE,Letisha Lowe Latisha Rent Letisha Lowe Latisha Rent FASTER PAYMENT,,,0,,OtherIncome,,,0.65,cat_otherincome_34,catch_all,1,rule
2026-04-01,9887d49d9b806280a583d03a1565a0ed9cf8ee1482fb142b0bea212a13353f31,APR2026_StarlingStatement_2026-04.csv_12,APR2026,starling,60-83-71 00558156,2026-04-01,-2.0,GBP,Co-op,CO OPERATIVE FOOD,Co-op CO OPERATIVE FOOD,CONTACTLESS,67049.93,,REPAIRS_AND_MAINTENANCE,,REPAIRS_AND_MAINTENANCE,Co-op CO OPERATIVE FOOD Co-op CO OPERATIVE FOOD CONTACTLESS,,,0,,PersonalExpense,COOP,,0.99,cat_propertyexpense_19,strong,0,rule
2026-04-01,bde8f5a6a510ed224a9a526693208f018cb25aa378a88a4ae650daf52644c753,APR2026_StarlingStatement_2026-04.csv_13,APR2026,starling,60-83-71 00558156,2026-04-01,-21.11,GBP,Trainline,TRAINLINE,Trainline TRAINLINE,ONLINE PAYMENT,67028.82,,TRAVEL,,TRAVEL,Trainline TRAINLINE Trainline TRAINLINE ONLINE PAYMENT,,,0,,OtherExpense,,,0.65,cat_otherexpense_35,catch_all,1,rule
2026-04-01,c69ec8532a5e153c820aed6db57c91f1a3aa49511207a4ce8087179f2cc446cf,APR2026_StarlingStatement_2026-04.csv_14,APR2026,starling,60-83-71 00558156,2026-04-01,-16.65,GBP,Marks & Spencer,MARKS&SPENCER PLC SACA,Marks & Spencer MARKS&SPENCER PLC SACA,CONTACTLESS,67012.17,,FOOD_AND_DRINK,,FOOD_AND_DRINK,Marks & Spencer MARKS&SPENCER PLC SACA Marks & Spencer MARKS&SPENCER PLC SACA CONTACTLESS,,,0,,PersonalExpense,M&S,,0.99,override_2,strong,0,rule
2026-04-02,20e0ac21c9f626b5a422353d3724a21472b30c20d6c800400305f3425f1d6417,APR2026_BC_6045_APR2026.csv_4,APR2026,barclays,20-74-09 60458872,2026-04-02,-300.0,GBP,,,G & F VALENTINO       M TUCKER STO,,,0,,Standing Order,Standing Order,G & F VALENTINO       M TUCKER STO,,,0,,Hilltop,,,0.99,cat_hilltop_21,strong,0,rule
2026-04-02,219a4d52b61c8db7670460008cdfba3f59ab826b791f529f3e9a7d354ba44cd2,APR2026_BC_6045_APR2026.csv_5,APR2026,barclays,20-74-09 60458872,2026-04-02,-5.0,GBP,,,ALESSIO               COOP FT,,,0,,Funds Transfer,Funds Transfer,ALESSIO               COOP FT,,,0,,PersonalExpense,Alessio,,0.99,override_7,strong,0,rule
2026-04-02,de3c9dfc7e9b0f2126fa1f0b4a065170a502b840def76821fbc31b96ed5a6694,APR2026_BC_3072_APR2026.csv_12,APR2026,barclays,20-53-97 30728691,2026-04-02,-37.95,GBP,,,L&G INSURANCE MI      0114399215-260402 DDR,,,511148,,Direct Debit,Direct Debit,L&G INSURANCE MI      0114399215-260402 DDR,,,0,,RegularPayment,,,0.99,cat_regularpayment_27,strong,0,rule
2026-04-02,5edf528a5a5ecc6554de851856c5ebc06d52ed14e5be1ed335c1c67e3aadc116,APR2026_BC_3072_APR2026.csv_13,APR2026,barclays,20-53-97 30728691,2026-04-02,8010.69,GBP,,,Rsa Capital Limite    mortgages BGC,,,0,,Counter Credit,Counter Credit,Rsa Capital Limite    mortgages BGC,,,0,,Interbank,,,0.99,override_40,strong,0,rule
2026-04-02,3d637a489b37145b7c376e7c5e197a118fc924b09eaf7914f2987d9f79b304db,APR2026_BC_4040_APR2026.csv_1,APR2026,barclays,20-74-09 40406538,2026-04-02,-34.44,GBP,,,PNET5304976-1         PNET5304976-1 DDR,,,948389,,Direct Debit,Direct Debit,PNET5304976-1         PNET5304976-1 DDR,,,0,,RegularPayment,,,0.99,cat_regularpayment_27,strong,0,rule
2026-04-02,1a1ffb9d756ae6ed030e0a9f75d81f1e111d06433a3fef523a0e4c53648b3e4c,APR2026_BC_4040_APR2026.csv_2,APR2026,barclays,20-74-09 40406538,2026-04-02,-4.5,GBP,,,MK COUNCIL - IPS      ON 01 APR CLP,,,0,,Contactless Card Purchase,Contactless Card Purchase,MK COUNCIL - IPS      ON 01 APR CLP,,,0,,PersonalExpense,Other,,0.99,cat_personalexpense_30,strong,0,rule
2026-04-02,6c3a99688155c7c3f0d96692f255fb3ed0c96db8b15ef9139213226281006fb1,APR2026_StarlingStatement_2026-04.csv_15,APR2026,starling,60-83-71 00558156,2026-04-02,850.0,GBP,ELLIE BARTON,12  Alhambra Road,ELLIE BARTON 12  Alhambra Road,FASTER PAYMENT,67862.17,,REVENUE,,REVENUE,ELLIE BARTON 12  Alhambra Road ELLIE BARTON 12  Alhambra Road FASTER PAYMENT,,,0,F121618ALH,OurRent,,,0.99,prop_rent_F121618ALH_110,strong,0,rule
2026-04-02,2d949dfcfd7dc315d32139c62ac6f000ad825a6ff5787670aea2ab51e1f717ee,APR2026_StarlingStatement_2026-04.csv_16,APR2026,starling,60-83-71 00558156,2026-04-02,-8010.69,GBP,Ivana Valentino 3072,mortgages,Ivana Valentino 3072 mortgages,FASTER PAYMENT,59851.48,,INTEREST_PAYMENTS,,INTEREST_PAYMENTS,Ivana Valentino 3072 mortgages Ivana Valentino 3072 mortgages FASTER PAYMENT,,,0,,MortgageRefund,Ivana,,0.99,cat_mortgagerefund_15,strong,0,rule
2026-04-02,61bf0d36c223670c870bf7d40258fe7e0f36ecf5c90e96c3cc8641731b76286d,APR2026_StarlingStatement_2026-04.csv_17,APR2026,starling,60-83-71 00558156,2026-04-02,-6.15,GBP,Co-op,CO OPERATIVE FOOD,Co-op CO OPERATIVE FOOD,CONTACTLESS,59845.33,,REPAIRS_AND_MAINTENANCE,,REPAIRS_AND_MAINTENANCE,Co-op CO OPERATIVE FOOD Co-op CO OPERATIVE FOOD CONTACTLESS,,,0,,PersonalExpense,COOP,,0.99,cat_propertyexpense_19,strong,0,rule
2026-04-02,af4f4bc3c7d308878e75351b555a2cc4f5c49f00ac8ccae91636f01307b8b4cf,APR2026_StarlingStatement_2026-04.csv_18,APR2026,starling,60-83-71 00558156,2026-04-02,-4.95,GBP,Co-op,CO OPERATIVE FOOD,Co-op CO OPERATIVE FOOD,CONTACTLESS,59840.38,,REPAIRS_AND_MAINTENANCE,,REPAIRS_AND_MAINTENANCE,Co-op CO OPERATIVE FOOD Co-op CO OPERATIVE FOOD CONTACTLESS,,,0,,PersonalExpense,COOP,,0.99,cat_propertyexpense_19,strong,0,rule
2026-04-02,25fd68eccdb7d4461367a613fd5ebe1b72a3d170a12ad1bffeb1d775ffa89375,APR2026_StarlingStatement_2026-04.csv_19,APR2026,starling,60-83-71 00558156,2026-04-02,-5.55,GBP,Co-op,CO OPERATIVE FOOD,Co-op CO OPERATIVE FOOD,CONTACTLESS,59834.83,,REPAIRS_AND_MAINTENANCE,,REPAIRS_AND_MAINTENANCE,Co-op CO OPERATIVE FOOD Co-op CO OPERATIVE FOOD CONTACTLESS,,,0,,PersonalExpense,COOP,,0.99,cat_propertyexpense_19,strong,0,rule
2026-04-02,cbbbbbf9c0801edb1aa4481402120f611b4b6823ea3c0da0626fdb061539244a,APR2026_StarlingStatement_2026-04.csv_20,APR2026,starling,60-83-71 00558156,2026-04-02,-36.45,GBP,Marks & Spencer,MARKS&SPENCER PLC,Marks & Spencer MARKS&SPENCER PLC,CONTACTLESS,59798.38,,FOOD_AND_DRINK,,FOOD_AND_DRINK,Marks & Spencer MARKS&SPENCER PLC Marks & Spencer MARKS&SPENCER PLC CONTACTLESS,,,0,,PersonalExpense,M&S,,0.99,override_2,strong,0,rule
2026-04-03,eff8a9d26c768d613983fbbbe6ec0d4ec3743eb167708d0d0fe0003c5da42a82,APR2026_StarlingStatement_2026-04.csv_21,APR2026,starling,60-83-71 00558156,2026-04-03,-44.9,GBP,ALDI,ALDI STORES,ALDI ALDI STORES,CONTACTLESS,59753.48,,FOOD_AND_DRINK,,FOOD_AND_DRINK,ALDI ALDI STORES ALDI ALDI STORES CONTACTLESS,,,0,,PersonalExpense,ALDI,,0.99,override_20,strong,0,rule
2026-04-03,552ce89207eb51ac2846edbc3db715c5eaa4137d264da3d72958164f81ff9587,APR2026_StarlingStatement_2026-04.csv_22,APR2026,starling,60-83-71 00558156,2026-04-03,-34.7,GBP,Marks & Spencer,MARKS&SPENCER PLC SACA,Marks & Spencer MARKS&SPENCER PLC SACA,CONTACTLESS,59718.78,,FOOD_AND_DRINK,,FOOD_AND_DRINK,Marks & Spencer MARKS&SPENCER PLC SACA Marks & Spencer MARKS&SPENCER PLC SACA CONTACTLESS,,,0,,PersonalExpense,M&S,,0.99,override_2,strong,0,rule
2026-04-03,8c12bf6c953fad1686ffef8890a6dc5e32c2474f159b0e89de5ff6ecc1784254,APR2026_StarlingStatement_2026-04.csv_23,APR2026,starling,60-83-71 00558156,2026-04-03,1050.0,GBP,A Ancy Treesa Math,23 C HT  Apri RENT,A Ancy Treesa Math 23 C HT  Apri RENT,FASTER PAYMENT,60768.78,,REVENUE,,REVENUE,A Ancy Treesa Math 23 C HT  Apri RENT A Ancy Treesa Math 23 C HT  Apri RENT FASTER PAYMENT,,,0,23CHAM,OurRent,,,0.99,prop_rent_23CHAM_89,strong,0,rule
2026-04-04,8cbc6b70d8327ca8a03988cd9ee272fecdb8c25f491c5e295f0ef7e1408ba10d,APR2026_StarlingStatement_2026-04.csv_24,APR2026,starling,60-83-71 00558156,2026-04-04,-1800.0,GBP,Rocco VALENTINO TUCKER,salary p12,Rocco VALENTINO TUCKER salary p12,FASTER PAYMENT,58968.78,,DIRECTORS_WAGES,,DIRECTORS_WAGES,Rocco VALENTINO TUCKER salary p12 Rocco VALENTINO TUCKER salary p12 FASTER PAYMENT,,,0,,PersonalExpense,Rocco,,0.99,cat_personalexpense_16,strong,0,rule
2026-04-04,e47006be27eac3ca94b6a217ac88b698022059ab38f8771ac5d0f2f8944bff35,APR2026_StarlingStatement_2026-04.csv_25,APR2026,starling,60-83-71 00558156,2026-04-04,-1793.03,GBP,Central Energy South Limited,684 alarm fawcett,Central Energy South Limited 684 alarm fawcett,FASTER PAYMENT,57175.75,,REPAIRS_AND_MAINTENANCE,,REPAIRS_AND_MAINTENANCE,Central Energy South Limited 684 alarm fawcett Central Energy South Limited 684 alarm fawcett FASTER PAYMENT,,,0,,PropertyExpense,,,0.99,cat_propertyexpense_19,strong,1,rule
2026-04-04,b7a9013eeb2261a61bab36d8571339d0074fee7ae9c6305ac6c0966efd2cb52c,APR2026_StarlingStatement_2026-04.csv_26,APR2026,starling,60-83-71 00558156,2026-04-04,-19.4,GBP,Marks & Spencer,MARKS&SPENCER PLC,Marks & Spencer MARKS&SPENCER PLC,CONTACTLESS,57156.35,,FOOD_AND_DRINK,,FOOD_AND_DRINK,Marks & Spencer MARKS&SPENCER PLC Marks & Spencer MARKS&SPENCER PLC CONTACTLESS,,,0,,PersonalExpense,M&S,,0.99,override_2,strong,0,rule
2026-04-04,7fc2300469578a038baecf9e7fd2ecf0d7bbe8bc025e93645204b713e8339805,APR2026_StarlingStatement_2026-04.csv_27,APR2026,starling,60-83-71 00558156,2026-04-04,1000.0,GBP,S Bijumon,RENT FOR Apri 2026,S Bijumon RENT FOR Apri 2026,FASTER PAYMENT,58156.35,,REVENUE,,REVENUE,S Bijumon RENT FOR Apri 2026 S Bijumon RENT FOR Apri 2026 FASTER PAYMENT,,,0,23BHAM,OurRent,,,0.99,prop_rent_23BHAM_88,strong,0,rule
2026-04-05,0996c7d796bcb60d855f8d65fcd05c5b3d8a6b126c496a44426d574686fb28ac,APR2026_StarlingStatement_2026-04.csv_28,APR2026,starling,60-83-71 00558156,2026-04-05,-59.16,GBP,ALDI,ALDI STORES,ALDI ALDI STORES,CONTACTLESS,58097.19,,FOOD_AND_DRINK,,FOOD_AND_DRINK,ALDI ALDI STORES ALDI ALDI STORES CONTACTLESS,,,0,,PersonalExpense,ALDI,,0.99,override_20,strong,0,rule
2026-04-05,b4b79c675999c61cb16d76d345f8708fa9f8154512cb5c529d94539099cd2a06,APR2026_StarlingStatement_2026-04.csv_29,APR2026,starling,60-83-71 00558156,2026-04-05,-8.69,GBP,Co-op,CO OPERATIVE FOOD,Co-op CO OPERATIVE FOOD,CONTACTLESS,58088.5,,REPAIRS_AND_MAINTENANCE,,REPAIRS_AND_MAINTENANCE,Co-op CO OPERATIVE FOOD Co-op CO OPERATIVE FOOD CONTACTLESS,,,0,,PersonalExpense,COOP,,0.99,cat_propertyexpense_19,strong,0,rule
2026-04-05,4dfcbb7fed624f24a0392d9746f3db10d845d5b9f44b0d128fcc8d7e2dd015ff,APR2026_StarlingStatement_2026-04.csv_30,APR2026,starling,60-83-71 00558156,2026-04-05,-6.07,GBP,McDonald's,MCDONALDS 1709,McDonald's MCDONALDS 1709,CONTACTLESS,58082.43,,FOOD_AND_DRINK,,FOOD_AND_DRINK,McDonald's MCDONALDS 1709 McDonald's MCDONALDS 1709 CONTACTLESS,,,0,,OtherExpense,,,0.65,cat_otherexpense_35,catch_all,1,rule
2026-04-05,862a4742f7be8aea9947be555a3c350d3a1c4360af9aefe87c8453968a0c92a9,APR2026_StarlingStatement_2026-04.csv_31,APR2026,starling,60-83-71 00558156,2026-04-05,850.0,GBP,DANIELLE FULKER,Flat3171Fawcett,DANIELLE FULKER Flat3171Fawcett,FASTER PAYMENT,58932.43,,REVENUE,,REVENUE,DANIELLE FULKER Flat3171Fawcett DANIELLE FULKER Flat3171Fawcett FASTER PAYMENT,,,0,F3171FAW,OurRent,,,0.99,prop_rent_F3171FAW_81,strong,0,rule
2026-04-05,0eb8c190a9ef9261d1b8e48f7fe1e92a850a607ddf40c8033d43844a444a3e25,APR2026_StarlingStatement_2026-04.csv_32,APR2026,starling,60-83-71 00558156,2026-04-05,-54.5,GBP,Marks & Spencer,MARKS&SPENCER PLC,Marks & Spencer MARKS&SPENCER PLC,CONTACTLESS,58877.93,,FOOD_AND_DRINK,,FOOD_AND_DRINK,Marks & Spencer MARKS&SPENCER PLC Marks & Spencer MARKS&SPENCER PLC CONTACTLESS,,,0,,PersonalExpense,M&S,,0.99,override_2,strong,0,rule
2026-04-06,a80ecdfa62925f173b7ea5aee63265435347e624c906287bacaf9bbcfab9fd91,APR2026_StarlingStatement_2026-04.csv_33,APR2026,starling,60-83-71 00558156,2026-04-06,-101.04,GBP,Elstow Service Station,J BROS ELSTOW SERVICE,Elstow Service Station J BROS ELSTOW SERVICE,CHIP & PIN,58776.89,,VEHICLES,,VEHICLES,Elstow Service Station J BROS ELSTOW SERVICE Elstow Service Station J BROS ELSTOW SERVICE CHIP & PIN,,,0,,OtherExpense,,,0.65,cat_otherexpense_35,catch_all,1,rule
2026-04-07,fc3dd5ed66aa724e626bc97659825fc43f2c27fcafd4b3ee34f546a07f8d65ff,APR2026_BC_6045_APR2026.csv_6,APR2026,barclays,20-74-09 60458872,2026-04-07,-34.99,GBP,,,NOW DDCE2 Sky Spor    ON 04 APR BCC,,,0,,Card Purchase,Card Purchase,NOW DDCE2 Sky Spor    ON 04 APR BCC,,,0,,PersonalExpense,Amazon,,0.99,cat_personalexpense_30,strong,0,rule
2026-04-07,560070df7d1cdd3a5e6027c3ee79a268468d852a9bbd84fbc9def3a5803ad211,APR2026_BC_6045_APR2026.csv_7,APR2026,barclays,20-74-09 60458872,2026-04-07,-10.0,GBP,,,SHEPHERDS FRIENDLY    PN026484A DDR,,,672783,,Direct Debit,Direct Debit,SHEPHERDS FRIENDLY    PN026484A DDR,,,0,,RegularPayment,,,0.99,cat_regularpayment_27,strong,0,rule
2026-04-07,76835cd405bee02760f3a6945175453e08ecc665bf2ba428e766e0973be8657c,APR2026_BC_6045_APR2026.csv_8,APR2026,barclays,20-74-09 60458872,2026-04-07,-10.0,GBP,,,UNITY MUTUAL KU CT    PL684048A VALENTNO ST,,,0,,Standing Order,Standing Order,UNITY MUTUAL KU CT    PL684048A VALENTNO ST,,,0,,RegularPayment,,,0.99,override_19,strong,0,rule
2026-04-07,963b5e7fb0295737ebeb360fdb4a2b751c0aa3022091f46b75d5fba893b13eac,APR2026_BC_6045_APR2026.csv_9,APR2026,barclays,20-74-09 60458872,2026-04-07,-3.0,GBP,,,ALESSIO               GOODLAD FT,,,0,,Funds Transfer,Funds Transfer,ALESSIO               GOODLAD FT,,,0,,PersonalExpense,Alessio,,0.99,override_7,strong,0,rule
2026-04-07,3b2b75a1ea329d0f85587f16ed770881366fb03be51d97ff81841bcecc15365c,APR2026_BC_3072_APR2026.csv_14,APR2026,barclays,20-53-97 30728691,2026-04-07,-562.52,GBP,,,TOPAZ FIN JASPER      PRU00010/191462710 DD,,,169547,,Direct Debit,Direct Debit,TOPAZ FIN JASPER      PRU00010/191462710 DD,,,0,F3171FAW,Mortgage,,,0.99,prop_mort_F3171FAW_16,strong,0,rule
2026-04-07,371088751214cdda72e3e9e3bfcc2e9b97a69323527b9eecec3107bf79e3e319,APR2026_BC_3072_APR2026.csv_15,APR2026,barclays,20-53-97 30728691,2026-04-07,-357.62,GBP,,,TOPAZ FIN ROSINCA     BLA00010/130654303 DD,,,169548,,Direct Debit,Direct Debit,TOPAZ FIN ROSINCA     BLA00010/130654303 DD,,,0,F3163FRA,Mortgage,,,0.99,prop_mort_F3163FRA_18,strong,0,rule
2026-04-07,188e847c0a8eaf82a68f6b02655e9ad22b381aa8748090696bffd5b6d7caea09,APR2026_BC_3072_APR2026.csv_16,APR2026,barclays,20-53-97 30728691,2026-04-07,-391.84,GBP,,,TOPAZ FIN ROSINCA     BLA00010/131188407 DD,,,169548,,Direct Debit,Direct Debit,TOPAZ FIN ROSINCA     BLA00010/131188407 DD,,,0,F4321LON,Mortgage,,,0.99,prop_mort_F4321LON_7,strong,0,rule
2026-04-07,fadf66b7614a76eb6c879fc860d20030ba4b059b27893f9fea8b4fe654048e34,APR2026_BC_3072_APR2026.csv_17,APR2026,barclays,20-53-97 30728691,2026-04-07,-391.76,GBP,,,TOPAZ FIN ROSINCA     BLA00010/131992707 DD,,,169548,,Direct Debit,Direct Debit,TOPAZ FIN ROSINCA     BLA00010/131992707 DD,,,0,F1321LON,Mortgage,,,0.99,prop_mort_F1321LON_1,strong,0,rule
2026-04-07,91fe6c69b47556d74b7686b03a98d689f6782ac198dadbf959ad664f87aa954d,APR2026_BC_3072_APR2026.csv_18,APR2026,barclays,20-53-97 30728691,2026-04-07,-352.97,GBP,,,TOPAZ FIN ROSINCA     BLA00010/132514207 DD,,,169548,,Direct Debit,Direct Debit,TOPAZ FIN ROSINCA     BLA00010/132514207 DD,,,0,F1169FAW,Mortgage,,,0.99,prop_mort_F1169FAW_8,strong,0,rule
2026-04-07,d03dde804d39898212091363d81b68f706436a6104bd80ba0a089cbb0cd8f944,APR2026_BC_3072_APR2026.csv_19,APR2026,barclays,20-53-97 30728691,2026-04-07,-457.61,GBP,,,TOPAZ FIN ROSINCA     BLA00010/134121904 DD,,,169548,,Direct Debit,Direct Debit,TOPAZ FIN ROSINCA     BLA00010/134121904 DD,,,0,F111214ALH,Mortgage,,,0.99,prop_mort_F111214ALH_46,strong,0,rule
2026-04-07,5c7c643c95099687318707c48b57d88bfc0af62a342b53cc81ba14df7d5162c9,APR2026_BC_3072_APR2026.csv_20,APR2026,barclays,20-53-97 30728691,2026-04-07,-557.12,GBP,,,TOPAZ FIN ROSINCA     BLA00010/134332909 DD,,,169548,,Direct Debit,Direct Debit,TOPAZ FIN ROSINCA     BLA00010/134332909 DD,,,0,F11618ALH,Mortgage,,,0.99,prop_mort_F11618ALH_50,strong,0,rule
2026-04-07,a7b2d3399c9f61b5c60d8e402445658c00a0008c6d4d5daa6bd2d85b446c9d7b,APR2026_BC_3072_APR2026.csv_21,APR2026,barclays,20-53-97 30728691,2026-04-07,-457.88,GBP,,,TOPAZ FIN ROSINCA     BLA00010/134333009 DD,,,169548,,Direct Debit,Direct Debit,TOPAZ FIN ROSINCA     BLA00010/134333009 DD,,,0,F111618ALH,Mortgage,,,0.99,prop_mort_F111618ALH_54,strong,0,rule
2026-04-07,60237eff7a8bfa88860f99941015306c63f610e73a153a8d36e683d59700911e,APR2026_BC_3072_APR2026.csv_22,APR2026,barclays,20-53-97 30728691,2026-04-07,-557.53,GBP,,,TOPAZ FIN ROSINCA     BLA00010/134338410 DD,,,169548,,Direct Debit,Direct Debit,TOPAZ FIN ROSINCA     BLA00010/134338410 DD,,,0,F131618ALH,Mortgage,,,0.99,prop_mort_F131618ALH_56,strong,0,rule
2026-04-07,c4acfcf3d97c197a7525acd48e8657076d0e5386ad8fa5272f1a489d4bd9b759,APR2026_BC_3072_APR2026.csv_23,APR2026,barclays,20-53-97 30728691,2026-04-07,-577.53,GBP,,,TOPAZ FIN ROSINCA     BLA00010/134467209 DD,,,169548,,Direct Debit,Direct Debit,TOPAZ FIN ROSINCA     BLA00010/134467209 DD,,,0,F141214ALH,Mortgage,,,0.99,prop_mort_F141214ALH_48,strong,0,rule
2026-04-07,b515ff3cd1c1745e0687f43516594fc56efd29e4e5e62535ae62430d0ba251fc,APR2026_BC_3072_APR2026.csv_24,APR2026,barclays,20-53-97 30728691,2026-04-07,-523.18,GBP,,,TOPAZ FIN ROSINCA     BLA00010/137376006 DD,,,169548,,Direct Debit,Direct Debit,TOPAZ FIN ROSINCA     BLA00010/137376006 DD,,,0,F1171FAW,Mortgage,,,0.99,prop_mort_F1171FAW_14,strong,0,rule
2026-04-07,5f5ee02922ea371004dbf2613d47d2b345cfdf1e442a2a2c3a7957316538815a,APR2026_BC_3072_APR2026.csv_25,APR2026,barclays,20-53-97 30728691,2026-04-07,-462.83,GBP,,,TOPAZ FIN ROSINCA     BLA00010/137376104 DD,,,169548,,Direct Debit,Direct Debit,TOPAZ FIN ROSINCA     BLA00010/137376104 DD,,,0,F2171FAW,Mortgage,,,0.99,prop_mort_F2171FAW_15,strong,0,rule
2026-04-07,1ba0841f9ccfa5642aa6e882b5cd08e87d013a9979d77c32d0d8b53333ff21bd,APR2026_BC_3072_APR2026.csv_26,APR2026,barclays,20-53-97 30728691,2026-04-07,-483.54,GBP,,,SKIPTON B.S.          SBS00001/165905969 DD,,,995416,,Direct Debit,Direct Debit,SKIPTON B.S.          SBS00001/165905969 DD,,,0,F88ALH,Mortgage,,,0.99,prop_mort_F88ALH_33,strong,0,rule
2026-04-07,2e4cf4e19da9f3bd29c3a874851e3104061ed77ab06f2d272859d1888582699d,APR2026_BC_3072_APR2026.csv_27,APR2026,barclays,20-53-97 30728691,2026-04-07,6133.93,GBP,,,Rsa Capital Limite    mortgages BGC,,,0,,Counter Credit,Counter Credit,Rsa Capital Limite    mortgages BGC,,,0,,Interbank,,,0.99,override_40,strong,0,rule
2026-04-07,652a52945db52432b8505c45f4941dabe7aff5f46b9e992c397497d5a74b33b8,APR2026_BC_4040_APR2026.csv_3,APR2026,barclays,20-74-09 40406538,2026-04-07,-5.0,GBP,,,ALESSIO VALENTINO-    FROM MUMMY FT,,,0,,Funds Transfer,Funds Transfer,ALESSIO VALENTINO-    FROM MUMMY FT,,,0,,PersonalExpense,Alessio,,0.99,override_7,strong,0,rule
2026-04-07,cc1031bfebfe33740760a794e5c4ac4cef8c52c2b49f6c6fece4096680a08872,APR2026_BC_4040_APR2026.csv_4,APR2026,barclays,20-74-09 40406538,2026-04-07,100.0,GBP,,,Rsa Capital Limite    trd BGC,,,0,,Counter Credit,Counter Credit,Rsa Capital Limite    trd BGC,,,0,,Interbank,,,0.99,override_40,strong,0,rule
2026-04-07,6438aabab94af7f1e4da77e5b1728a9f62497be6b1907ddc0df8dcb0f870cc4b,APR2026_BC_4040_APR2026.csv_5,APR2026,barclays,20-74-09 40406538,2026-04-07,-35.0,GBP,,,ALESSIO VALENTINO-    FROM MUMMY FT,,,0,,Funds Transfer,Funds Transfer,ALESSIO VALENTINO-    FROM MUMMY FT,,,0,,PersonalExpense,Alessio,,0.99,override_7,strong,0,rule
2026-04-07,1f13f2442b6f01c309ba52c1ad343449855ecfd29be433437903909011d71186,APR2026_StarlingStatement_2026-04.csv_34,APR2026,starling,60-83-71 00558156,2026-04-07,825.0,GBP,J BOTTLE,RENT,J BOTTLE RENT,FASTER PAYMENT,59601.89,,REVENUE,,REVENUE,J BOTTLE RENT J BOTTLE RENT FASTER PAYMENT,,,0,F58ALH,OurRent,,,0.99,prop_rent_F58ALH_97,strong,0,rule
2026-04-07,e41dce1265539fd49c0ae56b498ce3232619b11bf6ef7d3e9f5d07035e73199b,APR2026_StarlingStatement_2026-04.csv_35,APR2026,starling,60-83-71 00558156,2026-04-07,-6133.93,GBP,Ivana Valentino 3072,mortgages,Ivana Valentino 3072 mortgages,FASTER PAYMENT,53467.96,,INTEREST_PAYMENTS,,INTEREST_PAYMENTS,Ivana Valentino 3072 mortgages Ivana Valentino 3072 mortgages FASTER PAYMENT,,,0,,MortgageRefund,Ivana,,0.99,cat_mortgagerefund_15,strong,0,rule
2026-04-07,672dc8a106aa147382758d07ae634d6e63643e647bc4a0e113376f926e23a552,APR2026_StarlingStatement_2026-04.csv_36,APR2026,starling,60-83-71 00558156,2026-04-07,-60.7,GBP,Wickes,WICKES BUILDING,Wickes WICKES BUILDING,ONLINE PAYMENT,53407.26,,REPAIRS_AND_MAINTENANCE,,REPAIRS_AND_MAINTENANCE,Wickes WICKES BUILDING Wickes WICKES BUILDING ONLINE PAYMENT,,,0,,PropertyExpense,,,0.99,cat_propertyexpense_19,strong,1,rule
2026-04-07,85ef9a79f6085d1b770fa3fbf4dc17ea5fd43d45a19601b8d8423aece121a518,APR2026_StarlingStatement_2026-04.csv_37,APR2026,starling,60-83-71 00558156,2026-04-07,-2.49,GBP,Google Play,Google One,Google Play Google One,CARD SUBSCRIPTION,53404.77,,ADMIN,,ADMIN,Google Play Google One Google Play Google One CARD SUBSCRIPTION,,,0,,PropertyExpense,,,0.99,cat_propertyexpense_10,strong,1,rule
2026-04-07,660da94cb7d72fbe24f694f940cebea6818d4d9eb106068c3a4adba44c3bc11f,APR2026_StarlingStatement_2026-04.csv_38,APR2026,starling,60-83-71 00558156,2026-04-07,-100.0,GBP,Ivana  VALENTINO,trd,Ivana  VALENTINO trd,FASTER PAYMENT,53304.77,,REPAIRS_AND_MAINTENANCE,,REPAIRS_AND_MAINTENANCE,Ivana  VALENTINO trd Ivana  VALENTINO trd FASTER PAYMENT,,,0,,PropertyExpense,,,0.99,cat_propertyexpense_19,strong,1,rule
2026-04-07,2b37a9b22859157138a9495da099c350b085e22931526d3050239dc7bc161193,APR2026_StarlingStatement_2026-04.csv_39,APR2026,starling,60-83-71 00558156,2026-04-07,-180.0,GBP,Salvatore Mulara,3321 lon repairs,Salvatore Mulara 3321 lon repairs,FASTER PAYMENT,53124.77,,REPAIRS_AND_MAINTENANCE,,REPAIRS_AND_MAINTENANCE,Salvatore Mulara 3321 lon repairs Salvatore Mulara 3321 lon repairs FASTER PAYMENT,,,0,F3321LON,PropertyExpense,,,0.99,prop_rent_F3321LON_73,strong,0,rule
2026-04-08,5a0a59e114b85e0a0c4ad5a96137e0644c8dcff9a0950e77808b864da069c074,APR2026_BC_3072_APR2026.csv_28,APR2026,barclays,20-53-97 30728691,2026-04-08,-512.53,GBP,,,BHAM MIDSHIRES        6092076502030000 DDR,,,184800,,Direct Debit,Direct Debit,BHAM MIDSHIRES        6092076502030000 DDR,,,0,196BKIN,Mortgage,,,0.99,prop_mort_196BKIN_25,strong,0,rule
2026-04-08,a5448856dfe4b7c29877947ddf200f459d40903218ad09da4c596afda01d3fdb,APR2026_StarlingStatement_2026-04.csv_40,APR2026,starling,60-83-71 00558156,2026-04-08,-16.0,GBP,Co-op,CO OPERATIVE FOOD,Co-op CO OPERATIVE FOOD,CONTACTLESS,53108.77,,REPAIRS_AND_MAINTENANCE,,REPAIRS_AND_MAINTENANCE,Co-op CO OPERATIVE FOOD Co-op CO OPERATIVE FOOD CONTACTLESS,,,0,,PersonalExpense,COOP,,0.99,cat_propertyexpense_19,strong,0,rule
2026-04-08,aefe8333a728f15635febedd0a0a202c19b3a7ccb33f17e82df17c6108ff6fd8,APR2026_StarlingStatement_2026-04.csv_41,APR2026,starling,60-83-71 00558156,2026-04-08,-32.75,GBP,Marks & Spencer,MARKS&SPENCER PLC,Marks & Spencer MARKS&SPENCER PLC,CONTACTLESS,53076.02,,FOOD_AND_DRINK,,FOOD_AND_DRINK,Marks & Spencer MARKS&SPENCER PLC Marks & Spencer MARKS&SPENCER PLC CONTACTLESS,,,0,,PersonalExpense,M&S,,0.99,override_2,strong,0,rule
2026-04-08,0edcad7c9a7bc793ee6223ae0b9866e285031fb99e381c0e5e5c617aff91b0e7,APR2026_StarlingStatement_2026-04.csv_42,APR2026,starling,60-83-71 00558156,2026-04-08,-13.48,GBP,Peter Taperek,11618 valves,Peter Taperek 11618 valves,FASTER PAYMENT,53062.54,,REPAIRS_AND_MAINTENANCE,,REPAIRS_AND_MAINTENANCE,Peter Taperek 11618 valves Peter Taperek 11618 valves FASTER PAYMENT,,,0,,PropertyExpense,,,0.99,cat_propertyexpense_19,strong,1,rule
2026-04-09,908f3af4767eafbf231a5ac1186c8bfd0ebded209aaa14f8bd4e28aa4d76f1d6,APR2026_BC_6045_APR2026.csv_10,APR2026,barclays,20-74-09 60458872,2026-04-09,-30.99,GBP,,,Prime Video*NI1O64    ON 08 APR BCC,,,0,,Card Purchase,Card Purchase,Prime Video*NI1O64    ON 08 APR BCC,,,0,,PersonalExpense,Other,,0.99,cat_personalexpense_30,strong,0,rule
2026-04-09,614a9c5276e892f83b8252a008e6365544f26c523502facc41576a8575995aba,APR2026_BC_6045_APR2026.csv_11,APR2026,barclays,20-74-09 60458872,2026-04-09,-3.0,GBP,,,ALESSIO               COOP FT,,,0,,Funds Transfer,Funds Transfer,ALESSIO               COOP FT,,,0,,PersonalExpense,Alessio,,0.99,override_7,strong,0,rule
2026-04-09,e56b6bc9b35549231e4d9ab627b5e061aebe45fa16e60c9f56b32f50b0ff78bf,APR2026_BC_6045_APR2026.csv_12,APR2026,barclays,20-74-09 60458872,2026-04-09,800.34,GBP,,,M Tucker              SF BGC,,,0,,Counter Credit,Counter Credit,M Tucker              SF BGC,,,0,,MTPayment,,,0.99,override_41,strong,0,rule
2026-04-09,be544e7c33cf109cf533dcfb7d36109b26d0b7937347349ce40365d82889102d,APR2026_BC_6045_APR2026.csv_13,APR2026,barclays,20-74-09 60458872,2026-04-09,-7.0,GBP,,,ALESSIO               COOP FT,,,0,,Funds Transfer,Funds Transfer,ALESSIO               COOP FT,,,0,,PersonalExpense,Alessio,,0.99,override_7,strong,0,rule
2026-04-09,ee808a147001f7bd962052a7a292f984a4a1dc48eb187582c8e17db18516bad4,APR2026_BC_3072_APR2026.csv_29,APR2026,barclays,20-53-97 30728691,2026-04-09,-47.02,GBP,,,BHAM MIDSHIRES        6792116703030000 DDR,,,184800,,Direct Debit,Direct Debit,BHAM MIDSHIRES        6792116703030000 DDR,,,0,F3169FAW,Mortgage,,,0.99,prop_mort_F3169FAW_13,strong,0,rule
2026-04-09,9c720f736ef87e15efb5b719cf596d2d837ae0634ef1d9c2822126982ed61469,APR2026_BC_3072_APR2026.csv_30,APR2026,barclays,20-53-97 30728691,2026-04-09,559.55,GBP,,,Rsa Capital Limite    mortgages BGC,,,0,,Counter Credit,Counter Credit,Rsa Capital Limite    mortgages BGC,,,0,,Interbank,,,0.99,override_40,strong,0,rule
2026-04-09,c646b3ec3d590983df2283e116c9e1e170ecff7b086fb19b291bfa23f2bd4df2,APR2026_BC_4040_APR2026.csv_6,APR2026,barclays,20-74-09 40406538,2026-04-09,-8.0,GBP,,,ID MOBILE LIMITED     12253154/001 DDR,,,298372,,Direct Debit,Direct Debit,ID MOBILE LIMITED     12253154/001 DDR,,,0,,RegularPayment,,,0.99,cat_regularpayment_27,strong,0,rule
2026-04-09,839833af1ea140d447699554c0c51b40e7156f06dfa3aaaf7941c0728cd2a54d,APR2026_BC_4040_APR2026.csv_7,APR2026,barclays,20-74-09 40406538,2026-04-09,-7.0,GBP,,,ALESSIO VALENTINO-    FROM MUMMY FT,,,0,,Funds Transfer,Funds Transfer,ALESSIO VALENTINO-    FROM MUMMY FT,,,0,,PersonalExpense,Alessio,,0.99,override_7,strong,0,rule
2026-04-09,afa8b647bf1133af0aaacb5e8c97caf7e8a3096077fb9937cead0c2ed2d14e96,APR2026_StarlingStatement_2026-04.csv_43,APR2026,starling,60-83-71 00558156,2026-04-09,-13.94,GBP,Peter Taperek,11618 cooker hood,Peter Taperek 11618 cooker hood,FASTER PAYMENT,53048.6,,REPAIRS_AND_MAINTENANCE,,REPAIRS_AND_MAINTENANCE,Peter Taperek 11618 cooker hood Peter Taperek 11618 cooker hood FASTER PAYMENT,,,0,,PropertyExpense,,,0.99,cat_propertyexpense_19,strong,1,rule
2026-04-09,84c920a5b5bf1d74c5719f693fc389d7ba6d56d10fc8fc456988178fedd4dd37,APR2026_StarlingStatement_2026-04.csv_44,APR2026,starling,60-83-71 00558156,2026-04-09,-50.66,GBP,Marks & Spencer,MARKS&SPENCER PLC SACA,Marks & Spencer MARKS&SPENCER PLC SACA,CONTACTLESS,52997.94,,FOOD_AND_DRINK,,FOOD_AND_DRINK,Marks & Spencer MARKS&SPENCER PLC SACA Marks & Spencer MARKS&SPENCER PLC SACA CONTACTLESS,,,0,,PersonalExpense,M&S,,0.99,override_2,strong,0,rule
2026-04-09,6228a5384193cc4d2caf0979a3700285d11c408d549475378589d99e2595b446,APR2026_StarlingStatement_2026-04.csv_45,APR2026,starling,60-83-71 00558156,2026-04-09,-559.55,GBP,Ivana Valentino 3072,mortgages,Ivana Valentino 3072 mortgages,FASTER PAYMENT,52438.39,,INTEREST_PAYMENTS,,INTEREST_PAYMENTS,Ivana Valentino 3072 mortgages Ivana Valentino 3072 mortgages FASTER PAYMENT,,,0,,MortgageRefund,Ivana,,0.99,cat_mortgagerefund_15,strong,0,rule
2026-04-10,2c70b6d276f7823153525adb91c26ad5019487bc1b384f9ff88bb4ff10d1e2ab,APR2026_BC_6045_APR2026.csv_14,APR2026,barclays,20-74-09 60458872,2026-04-10,-9.99,GBP,,,AMAZON* NI2AE55C4     ON 09 APR BCC,,,0,,Card Purchase,Card Purchase,AMAZON* NI2AE55C4     ON 09 APR BCC,,,0,,PersonalExpense,Amazon,,0.99,cat_personalexpense_30,strong,0,rule
2026-04-10,2bfd74b9fc2ada40031482d217efb56c992fda24402dd9e2e65457dafd2f024c,APR2026_BC_3072_APR2026.csv_31,APR2026,barclays,20-53-97 30728691,2026-04-10,-352.32,GBP,,,BHAM MIDSHIRES        6092096352060000 DDR,,,184800,,Direct Debit,Direct Debit,BHAM MIDSHIRES        6092096352060000 DDR,,,0,F41214ALH,Mortgage,,,0.99,prop_mort_F41214ALH_43,strong,0,rule
2026-04-10,4b3bb45bf379baef5ff4fd4e632c12caa0fdb5225e7c7d02829be6049db25361,APR2026_BC_4040_APR2026.csv_8,APR2026,barclays,20-74-09 40406538,2026-04-10,-20.0,GBP,,,SOFIA VALENTINO-TU    LOVE MUMMY FT,,,0,,Funds Transfer,Funds Transfer,SOFIA VALENTINO-TU    LOVE MUMMY FT,,,0,,PersonalExpense,Sofia,,0.99,override_8,strong,0,rule
2026-04-10,cb81f7fa4434056d3e799d409ddb94b07e7ef87ad4cd71f026c0cc4175193f60,APR2026_StarlingStatement_2026-04.csv_46,APR2026,starling,60-83-71 00558156,2026-04-10,-54.15,GBP,Marks & Spencer,MARKS&SPENCER PLC,Marks & Spencer MARKS&SPENCER PLC,CONTACTLESS,52384.24,,FOOD_AND_DRINK,,FOOD_AND_DRINK,Marks & Spencer MARKS&SPENCER PLC Marks & Spencer MARKS&SPENCER PLC CONTACTLESS,,,0,,PersonalExpense,M&S,,0.99,override_2,strong,0,rule
2026-04-11,51d48605db90aaa8a36a6c64ffafe5ee9e63e5fe3bd1202fb535d757638da1b1,APR2026_StarlingStatement_2026-04.csv_47,APR2026,starling,60-83-71 00558156,2026-04-11,-36.99,GBP,Boots,BOOTS 6407,Boots BOOTS 6407,CONTACTLESS,52347.25,,FOOD_AND_DRINK,,FOOD_AND_DRINK,Boots BOOTS 6407 Boots BOOTS 6407 CONTACTLESS,,,0,,PersonalExpense,Pharmacy/Opticians/Dental,,0.99,override_15,strong,0,rule
2026-04-11,224cffd71b2c5309b62055500ec46e66b64811ec94f9cc2500c9d1ba5832ad8d,APR2026_StarlingStatement_2026-04.csv_48,APR2026,starling,60-83-71 00558156,2026-04-11,-22.91,GBP,Home Bargains,HOME BARGAINS,Home Bargains HOME BARGAINS,CONTACTLESS,52324.34,,EQUIPMENT,,EQUIPMENT,Home Bargains HOME BARGAINS Home Bargains HOME BARGAINS CONTACTLESS,,,0,,PersonalExpense,Household,,0.99,override_12,strong,0,rule
2026-04-11,8000fe4289c6c71964bce7dbf31fd93f38443ac93159515781d972cf1cd672ab,APR2026_StarlingStatement_2026-04.csv_49,APR2026,starling,60-83-71 00558156,2026-04-11,900.0,GBP,Brett Ricketts,"8, 8 Alhambra","Brett Ricketts 8, 8 Alhambra",FASTER PAYMENT,53224.34,,REVENUE,,REVENUE,"Brett Ricketts 8, 8 Alhambra Brett Ricketts 8, 8 Alhambra FASTER PAYMENT",,,0,F3163FRA,OurRent,,,0.99,prop_rent_F3163FRA_83,strong,0,rule
2026-04-11,1198c5ebafc66c816efa84e7011ff142a06507adf9992e446bac9a503166e5c3,APR2026_StarlingStatement_2026-04.csv_50,APR2026,starling,60-83-71 00558156,2026-04-11,1000.0,GBP,MD FAHIM UDDIN,1 171,MD FAHIM UDDIN 1 171,FASTER PAYMENT,54224.34,,REVENUE,,REVENUE,MD FAHIM UDDIN 1 171 MD FAHIM UDDIN 1 171 FASTER PAYMENT,,,0,F1171FAW,OurRent,,,0.99,prop_rent_F1171FAW_79,strong,0,rule
2026-04-11,552b8004d069950da78764eca9c7759845f954ca9a7440e1e4f0d3103a938fb3,APR2026_StarlingStatement_2026-04.csv_51,APR2026,starling,60-83-71 00558156,2026-04-11,-23.2,GBP,Co-op,CO OPERATIVE FOOD,Co-op CO OPERATIVE FOOD,CONTACTLESS,54201.14,,REPAIRS_AND_MAINTENANCE,,REPAIRS_AND_MAINTENANCE,Co-op CO OPERATIVE FOOD Co-op CO OPERATIVE FOOD CONTACTLESS,,,0,,PersonalExpense,COOP,,0.99,cat_propertyexpense_19,strong,0,rule
2026-04-11,15311c9169f5fe09540b70cc173a706c6bbae3d99015b413124380d4310c5486,APR2026_StarlingStatement_2026-04.csv_52,APR2026,starling,60-83-71 00558156,2026-04-11,-40.8,GBP,Marks & Spencer,MARKS&SPENCER PLC,Marks & Spencer MARKS&SPENCER PLC,CONTACTLESS,54160.34,,FOOD_AND_DRINK,,FOOD_AND_DRINK,Marks & Spencer MARKS&SPENCER PLC Marks & Spencer MARKS&SPENCER PLC CONTACTLESS,,,0,,PersonalExpense,M&S,,0.99,override_2,strong,0,rule
2026-04-12,fa5314c41466b719a808ab39c93047a7f0d2096ed1e3ace77fee9b65d2883aac,APR2026_StarlingStatement_2026-04.csv_53,APR2026,starling,60-83-71 00558156,2026-04-12,-36.99,GBP,Home Bargains,HOME BARGAINS,Home Bargains HOME BARGAINS,CONTACTLESS,54123.35,,EQUIPMENT,,EQUIPMENT,Home Bargains HOME BARGAINS Home Bargains HOME BARGAINS CONTACTLESS,,,0,,PersonalExpense,Household,,0.99,override_12,strong,0,rule
2026-04-12,644ad08998f2df9a5cdbea0649139c03deb0959c36f6e9a00945186be00e4943,APR2026_StarlingStatement_2026-04.csv_54,APR2026,starling,60-83-71 00558156,2026-04-12,-51.35,GBP,Marks & Spencer,MARKS&SPENCER PLC SACA,Marks & Spencer MARKS&SPENCER PLC SACA,CHIP & PIN,54072.0,,FOOD_AND_DRINK,,FOOD_AND_DRINK,Marks & Spencer MARKS&SPENCER PLC SACA Marks & Spencer MARKS&SPENCER PLC SACA CHIP & PIN,,,0,,PersonalExpense,M&S,,0.99,override_2,strong,0,rule
2026-04-13,2b012f2b921abe6951ab31f16256a3f02ea6d36751e7c723fb22691a5c2cd337,APR2026_BC_6045_APR2026.csv_15,APR2026,barclays,20-74-09 60458872,2026-04-13,-9.99,GBP,,,NOW 4C73B UK HBO M    ON 10 APR BCC,,,0,,Card Purchase,Card Purchase,NOW 4C73B UK HBO M    ON 10 APR BCC,,,0,,PersonalExpense,Amazon,,0.99,cat_personalexpense_30,strong,0,rule
2026-04-13,ebcbe818299448342293b58ef5ff71ec1f98fb3ae02f2f46c58cfcccbf42fa54,APR2026_BC_6045_APR2026.csv_16,APR2026,barclays,20-74-09 60458872,2026-04-13,-6.0,GBP,,,NOW 15D0B GB Basic    ON 11 APR BCC,,,0,,Card Purchase,Card Purchase,NOW 15D0B GB Basic    ON 11 APR BCC,,,0,,PersonalExpense,Amazon,,0.99,cat_personalexpense_30,strong,0,rule
2026-04-13,810f4f755d230db7982bbbb817b432145f8c49498f04989759de5a31f753e96b,APR2026_BC_6045_APR2026.csv_17,APR2026,barclays,20-74-09 60458872,2026-04-13,-49.43,GBP,,,AMAZON* NI3DZ8Y14     ON 12 APR BCC,,,0,,Card Purchase,Card Purchase,AMAZON* NI3DZ8Y14     ON 12 APR BCC,,,0,,PersonalExpense,Amazon,,0.99,cat_personalexpense_30,strong,0,rule
2026-04-13,c3a642bdbf17e94dff0cc8bfd6dafdf01296df6e9215aa660e639ab96055da5e,APR2026_BC_3072_APR2026.csv_32,APR2026,barclays,20-53-97 30728691,2026-04-13,-37.68,GBP,,,AVIVA LIFE            014033997 DDR,,,990457,,Direct Debit,Direct Debit,AVIVA LIFE            014033997 DDR,,,0,,RegularPayment,,,0.99,cat_regularpayment_27,strong,0,rule
2026-04-13,a60c225f35fb678d465ab1a4e69229cf214e4d9f373ebacd2f5b8f390debcda3,APR2026_BC_3072_APR2026.csv_33,APR2026,barclays,20-53-97 30728691,2026-04-13,-330.57,GBP,,,BHAM MIDSHIRES        6092021491040000 DDR,,,184800,,Direct Debit,Direct Debit,BHAM MIDSHIRES        6092021491040000 DDR,,,0,F3169FAW,Mortgage,,,0.99,prop_mort_F3169FAW_11,strong,0,rule
2026-04-13,5d9fbbe1e87c1dbef0a1d3450a66277e4ffcdc56f78f7175bb61f9ff15599da6,APR2026_BC_4040_APR2026.csv_9,APR2026,barclays,20-74-09 40406538,2026-04-13,-10.0,GBP,,,ALESSIO VALENTINO-    FROM MUMMY FT,,,0,,Funds Transfer,Funds Transfer,ALESSIO VALENTINO-    FROM MUMMY FT,,,0,,PersonalExpense,Alessio,,0.99,override_7,strong,0,rule
2026-04-13,bb3acfc3f48fdcc005c4387f01cf6f82f8d265523d905bd846e5c71378fc8259,APR2026_BC_4040_APR2026.csv_10,APR2026,barclays,20-74-09 40406538,2026-04-13,-10.0,GBP,,,SOFIA VALENTINO-TU    LOVE MUMMY FT,,,0,,Funds Transfer,Funds Transfer,SOFIA VALENTINO-TU    LOVE MUMMY FT,,,0,,PersonalExpense,Sofia,,0.99,override_8,strong,0,rule
2026-04-13,b4ed908f8066142275bc06a8ac03e52e575b77f4a1cedb3d5b5a1d3b16750d94,APR2026_StarlingStatement_2026-04.csv_55,APR2026,starling,60-83-71 00558156,2026-04-13,850.0,GBP,Lucinda Francis,"7, 8 Alhambra Road","Lucinda Francis 7, 8 Alhambra Road",FASTER PAYMENT,54922.0,,REVENUE,,REVENUE,"Lucinda Francis 7, 8 Alhambra Road Lucinda Francis 7, 8 Alhambra Road FASTER PAYMENT",,,0,F78ALH,OurRent,,,0.99,prop_rent_F78ALH_99,strong,0,rule
2026-04-13,3c5c772a80ddc407c7cb9448815fc6840c08bc53cefff0827d37b716f7c5001d,APR2026_StarlingStatement_2026-04.csv_56,APR2026,starling,60-83-71 00558156,2026-04-13,800.0,GBP,Samuel Kirwin,Rent 5 12-14 SK,Samuel Kirwin Rent 5 12-14 SK,FASTER PAYMENT,55722.0,,REVENUE,,REVENUE,Samuel Kirwin Rent 5 12-14 SK Samuel Kirwin Rent 5 12-14 SK FASTER PAYMENT,,,0,F51214ALH,OurRent,,,0.99,prop_rent_F51214ALH_107,strong,0,rule
2026-04-13,1cd1b3c4b930c1cf959b920c78590ea79eba2982d662395f87c0a9a9a53506e5,APR2026_StarlingStatement_2026-04.csv_57,APR2026,starling,60-83-71 00558156,2026-04-13,-13.6,GBP,Co-op,CO OPERATIVE FOOD,Co-op CO OPERATIVE FOOD,CONTACTLESS,55708.4,,REPAIRS_AND_MAINTENANCE,,REPAIRS_AND_MAINTENANCE,Co-op CO OPERATIVE FOOD Co-op CO OPERATIVE FOOD CONTACTLESS,,,0,,PersonalExpense,COOP,,0.99,cat_propertyexpense_19,strong,0,rule
2026-04-13,7fac8ee95ae96231ec5be1244c5b21fc9f76ffca10ac6bd35f514c2a1c588da5,APR2026_StarlingStatement_2026-04.csv_58,APR2026,starling,60-83-71 00558156,2026-04-13,-9.11,GBP,Jijo George,23 4-6 leak,Jijo George 23 4-6 leak,FASTER PAYMENT,55699.29,,REPAIRS_AND_MAINTENANCE,,REPAIRS_AND_MAINTENANCE,Jijo George 23 4-6 leak Jijo George 23 4-6 leak FASTER PAYMENT,,,0,F2346ALH,PropertyExpense,,,0.99,prop_rent_F2346ALH_96,strong,0,rule
2026-04-13,d2a30928eaa9ef54b2ae5ac10bc715db50eea6c135d51f3ce4a7a79b580664c3,APR2026_StarlingStatement_2026-04.csv_59,APR2026,starling,60-83-71 00558156,2026-04-13,-400.0,GBP,Jijo George,20 4 163 repairs,Jijo George 20 4 163 repairs,FASTER PAYMENT,55299.29,,REPAIRS_AND_MAINTENANCE,,REPAIRS_AND_MAINTENANCE,Jijo George 20 4 163 repairs Jijo George 20 4 163 repairs FASTER PAYMENT,,,0,F4163FRA,PropertyExpense,,,0.99,prop_rent_F4163FRA_84,strong,0,rule
2026-04-13,f4e9aaec5ec50af4093d9453748751edae69f284bafbda541dccbcbe149dcf44,APR2026_StarlingStatement_2026-04.csv_60,APR2026,starling,60-83-71 00558156,2026-04-13,-9.96,GBP,Jijo George,4 163 repairs fra,Jijo George 4 163 repairs fra,FASTER PAYMENT,55289.33,,REPAIRS_AND_MAINTENANCE,,REPAIRS_AND_MAINTENANCE,Jijo George 4 163 repairs fra Jijo George 4 163 repairs fra FASTER PAYMENT,,,0,F4163FRA,PropertyExpense,,,0.99,prop_rent_F4163FRA_84,strong,0,rule
2026-04-13,6f959be0dac704908163a4af365f82370a7241a28793a82022af2b5e029eb795,APR2026_StarlingStatement_2026-04.csv_61,APR2026,starling,60-83-71 00558156,2026-04-13,-25.1,GBP,Jijo George,4 163 repairs,Jijo George 4 163 repairs,FASTER PAYMENT,55264.23,,REPAIRS_AND_MAINTENANCE,,REPAIRS_AND_MAINTENANCE,Jijo George 4 163 repairs Jijo George 4 163 repairs FASTER PAYMENT,,,0,F4163FRA,PropertyExpense,,,0.99,prop_rent_F4163FRA_84,strong,0,rule
2026-04-14,69d8fc4ddcf1579d289814597e45e9d2ab9b064c30bd0e2f5d38097c6ce69f34,APR2026_BC_6045_APR2026.csv_18,APR2026,barclays,20-74-09 60458872,2026-04-14,-18.0,GBP,,,PAYPAL PAYMENT        5CM22229DF5GW DDR,,,679848,,Direct Debit,Direct Debit,PAYPAL PAYMENT        5CM22229DF5GW DDR,,,0,,RegularPayment,,,0.99,cat_regularpayment_27,strong,0,rule
2026-04-14,340bfed9d0cd1d90b6a6073e35f81346cd4d89bb9be5b7ca4283e2ba029c0cbc,APR2026_BC_6045_APR2026.csv_19,APR2026,barclays,20-74-09 60458872,2026-04-14,-16.35,GBP,,,AMZNMktplace*NW8QN    ON 13 APR BCC,,,0,,Card Purchase,Card Purchase,AMZNMktplace*NW8QN    ON 13 APR BCC,,,0,,PersonalExpense,Amazon,,0.99,cat_personalexpense_30,strong,0,rule
2026-04-14,19738f42ba75c4f27776c8081895bf596cac57e8e4309080a512d08183a925f3,APR2026_BC_6045_APR2026.csv_20,APR2026,barclays,20-74-09 60458872,2026-04-14,-19.48,GBP,,,AMZNMktplace*NW83Z    ON 14 APR BCC,,,0,,Card Purchase,Card Purchase,AMZNMktplace*NW83Z    ON 14 APR BCC,,,0,,PersonalExpense,Amazon,,0.99,cat_personalexpense_30,strong,0,rule
2026-04-14,7758a8ed58cd07baf274aedb16fae4df07c025b13b241ee4f90c33468bd68a32,APR2026_BC_6045_APR2026.csv_21,APR2026,barclays,20-74-09 60458872,2026-04-14,-21.99,GBP,,,Spotify Limited       ON 13 APR BCC,,,0,,Card Purchase,Card Purchase,Spotify Limited       ON 13 APR BCC,,,0,,RegularPayment,,,0.99,cat_regularpayment_26,strong,0,rule
2026-04-14,b13bd0df42f1aa577a54b898668a3c412ed3f1c4154e6208c1072adb18ee5950,APR2026_StarlingStatement_2026-04.csv_62,APR2026,starling,60-83-71 00558156,2026-04-14,900.0,GBP,Lauren Bullock,LBULLOCK-17-Alhamb,Lauren Bullock LBULLOCK-17-Alhamb,FASTER PAYMENT,56164.23,,REVENUE,,REVENUE,Lauren Bullock LBULLOCK-17-Alhamb Lauren Bullock LBULLOCK-17-Alhamb FASTER PAYMENT,,,0,F1746ALH,OurRent,,,0.99,prop_rent_F1746ALH_90,strong,0,rule
2026-04-14,e29fcc2d6be6a3b5cbe608e947a19901585c58fd2fc383aa0ba52d54229d2bcc,APR2026_StarlingStatement_2026-04.csv_63,APR2026,starling,60-83-71 00558156,2026-04-14,-96.72,GBP,Tesco Petrol,TESCO PAY AT PUMP 3822,Tesco Petrol TESCO PAY AT PUMP 3822,CHIP & PIN,56067.51,,VEHICLES,,VEHICLES,Tesco Petrol TESCO PAY AT PUMP 3822 Tesco Petrol TESCO PAY AT PUMP 3822 CHIP & PIN,,,0,,PersonalExpense,Garage,,0.99,override_9,strong,0,rule
2026-04-14,443def0c9bd2275219df79e28158b41097233e36bd1090357fe0c74dba6a39a3,APR2026_StarlingStatement_2026-04.csv_64,APR2026,starling,60-83-71 00558156,2026-04-14,-40.86,GBP,ALDI,ALDI STORES,ALDI ALDI STORES,CONTACTLESS,56026.65,,FOOD_AND_DRINK,,FOOD_AND_DRINK,ALDI ALDI STORES ALDI ALDI STORES CONTACTLESS,,,0,,PersonalExpense,ALDI,,0.99,override_20,strong,0,rule
2026-04-14,c1066d0f6c4592c163ad9d51371814d59a8cb2016c26c3b4677fcfaeb7267550,APR2026_StarlingStatement_2026-04.csv_65,APR2026,starling,60-83-71 00558156,2026-04-14,-14.5,GBP,Co-op,CO OPERATIVE FOOD,Co-op CO OPERATIVE FOOD,CONTACTLESS,56012.15,,REPAIRS_AND_MAINTENANCE,,REPAIRS_AND_MAINTENANCE,Co-op CO OPERATIVE FOOD Co-op CO OPERATIVE FOOD CONTACTLESS,,,0,,PersonalExpense,COOP,,0.99,cat_propertyexpense_19,strong,0,rule
2026-04-14,a0053a76dbfe77c5d2a692ce0f5b5c3d4f545c9468e69496a775f139c21b8f18,APR2026_StarlingStatement_2026-04.csv_66,APR2026,starling,60-83-71 00558156,2026-04-14,-2.5,GBP,Mk Council,MK COUNCIL - IPS,Mk Council MK COUNCIL - IPS,CONTACTLESS,56009.65,,TRAVEL,,TRAVEL,Mk Council MK COUNCIL - IPS Mk Council MK COUNCIL - IPS CONTACTLESS,,,0,,PersonalExpense,Other,,0.99,override_30,strong,0,rule
2026-04-14,b0c189ef9c071b8a44ecf7df5cb86ce2a02ac10de0920bba4f8c2cf958cdaff8,APR2026_StarlingStatement_2026-04.csv_67,APR2026,starling,60-83-71 00558156,2026-04-14,-17.25,GBP,Marks & Spencer,MARKS&SPENCER PLC,Marks & Spencer MARKS&SPENCER PLC,CONTACTLESS,55992.4,,FOOD_AND_DRINK,,FOOD_AND_DRINK,Marks & Spencer MARKS&SPENCER PLC Marks & Spencer MARKS&SPENCER PLC CONTACTLESS,,,0,,PersonalExpense,M&S,,0.99,override_2,strong,0,rule
2026-04-15,fc1e331c9f01b91a45194e25fdc32da18c6e04a850e4e518a8bf943a6af3d218,APR2026_BC_3072_APR2026.csv_34,APR2026,barclays,20-53-97 30728691,2026-04-15,-513.03,GBP,,,TOPAZ RE ROSINCA      ROW20004/560471505 DD,,,169548,,Direct Debit,Direct Debit,TOPAZ RE ROSINCA      ROW20004/560471505 DD,,,0,F1946ALH,Mortgage,,,0.99,prop_mort_F1946ALH_63,strong,0,rule
2026-04-15,3c9add45613224aa14b3c88cf7d798d5d6b09706f27c995d9a5481aab7fa115f,APR2026_BC_3072_APR2026.csv_35,APR2026,barclays,20-53-97 30728691,2026-04-15,-431.51,GBP,,,TOPAZ RE ROSINCA      ROW20004/560470501 DD,,,169548,,Direct Debit,Direct Debit,TOPAZ RE ROSINCA      ROW20004/560470501 DD,,,0,F68ALH,Mortgage,,,0.99,prop_mort_F68ALH_64,strong,0,rule
2026-04-15,42f6c526a3967988d9368e5dcac5401543817908acc4105c832f6daf9ef47ae5,APR2026_BC_3072_APR2026.csv_36,APR2026,barclays,20-53-97 30728691,2026-04-15,-457.7,GBP,,,TOPAZ FIN JASPER      PRU00010/190812705 DD,,,169547,,Direct Debit,Direct Debit,TOPAZ FIN JASPER      PRU00010/190812705 DD,,,0,F31214ALH,Mortgage,,,0.99,prop_mort_F31214ALH_41,strong,0,rule
2026-04-15,18fd78b968a468017fc50a5979f8ef4b090a77f07deecd27b92854f4e258472c,APR2026_BC_3072_APR2026.csv_37,APR2026,barclays,20-53-97 30728691,2026-04-15,-457.54,GBP,,,TOPAZ FIN JASPER      PRU00010/190859506 DD,,,169547,,Direct Debit,Direct Debit,TOPAZ FIN JASPER      PRU00010/190859506 DD,,,0,F71618ALH,Mortgage,,,0.99,prop_mort_F71618ALH_53,strong,0,rule
2026-04-15,2ac9355b35e3302f9657d985cac4e46b64b47a84bcbe03e2331ed07089f77a18,APR2026_BC_3072_APR2026.csv_38,APR2026,barclays,20-53-97 30728691,2026-04-15,-457.64,GBP,,,TOPAZ FIN JASPER      PRU00010/190885105 DD,,,169547,,Direct Debit,Direct Debit,TOPAZ FIN JASPER      PRU00010/190885105 DD,,,0,F101214ALH,Mortgage,,,0.99,prop_mort_F101214ALH_47,strong,0,rule
2026-04-15,ed1635832dffff1dcd47045c5d15f5edbd74555fd58f22b7b1fd561739155fe9,APR2026_BC_3072_APR2026.csv_39,APR2026,barclays,20-53-97 30728691,2026-04-15,-473.51,GBP,,,TOPAZ FIN JASPER      PRU00010/190885203 DD,,,169547,,Direct Debit,Direct Debit,TOPAZ FIN JASPER      PRU00010/190885203 DD,,,0,F161214ALH,Mortgage,,,0.99,prop_mort_F161214ALH_49,strong,0,rule
2026-04-15,f2084eefb7d994df29e6bad15bef7cdc7025e85c107d929c08a0efa1826cb876,APR2026_BC_3072_APR2026.csv_40,APR2026,barclays,20-53-97 30728691,2026-04-15,-473.51,GBP,,,TOPAZ FIN JASPER      PRU00010/190892600 DD,,,169547,,Direct Debit,Direct Debit,TOPAZ FIN JASPER      PRU00010/190892600 DD,,,0,F161618ALH,Mortgage,,,0.99,prop_mort_F161618ALH_57,strong,0,rule
2026-04-15,97de32a2efed2694fc3ed070ffabee9d9a3b33ed8e80123fd167f3b7e2919092,APR2026_BC_3072_APR2026.csv_41,APR2026,barclays,20-53-97 30728691,2026-04-15,-457.54,GBP,,,TOPAZ FIN JASPER      PRU00010/190959705 DD,,,169547,,Direct Debit,Direct Debit,TOPAZ FIN JASPER      PRU00010/190959705 DD,,,0,F121618ALH,Mortgage,,,0.99,prop_mort_F121618ALH_55,strong,0,rule
2026-04-15,b7a6a49e5b4187afea90820c8d09fd9da48062beefdf19e4cc328e8dce5acb1a,APR2026_BC_3072_APR2026.csv_42,APR2026,barclays,20-53-97 30728691,2026-04-15,-457.62,GBP,,,TOPAZ FIN JASPER      PRU00010/190778206 DD,,,169547,,Direct Debit,Direct Debit,TOPAZ FIN JASPER      PRU00010/190778206 DD,,,0,F51214ALH,Mortgage,,,0.99,prop_mort_F51214ALH_44,strong,0,rule
2026-04-15,9239167af8a615f106de463e7fb8c2e2efe54c90865b0024be55f95b414c1105,APR2026_BC_4040_APR2026.csv_11,APR2026,barclays,20-74-09 40406538,2026-04-15,-10.0,GBP,,,ROCCO VALENTINO       DRINK FT,,,0,,Funds Transfer,Funds Transfer,ROCCO VALENTINO       DRINK FT,,,0,,PersonalExpense,Rocco,,0.99,override_6,strong,0,rule
2026-04-15,d246d38a28b814f949dd704a0a18bbf2f7b3d4201a1047da16438f0a0b4e7fda,APR2026_StarlingStatement_2026-04.csv_68,APR2026,starling,60-83-71 00558156,2026-04-15,-11.01,GBP,Trainline,Trainline,Trainline Trainline,ONLINE PAYMENT,55981.39,,TRAVEL,,TRAVEL,Trainline Trainline Trainline Trainline ONLINE PAYMENT,,,0,,OtherExpense,,,0.65,cat_otherexpense_35,catch_all,1,rule
2026-04-15,a24a11ce4e5c09ad79164a1d8e26e1a1d85ed3042ad4ac53c048dc9d95370a22,APR2026_StarlingStatement_2026-04.csv_69,APR2026,starling,60-83-71 00558156,2026-04-15,-16.8,GBP,Trainline,Trainline,Trainline Trainline,ONLINE PAYMENT,55964.59,,TRAVEL,,TRAVEL,Trainline Trainline Trainline Trainline ONLINE PAYMENT,,,0,,OtherExpense,,,0.65,cat_otherexpense_35,catch_all,1,rule
2026-04-15,2a6d7144dcde9a08d6e675346a984349cac006b04913e85668de3d29916257e5,APR2026_StarlingStatement_2026-04.csv_70,APR2026,starling,60-83-71 00558156,2026-04-15,-10.61,GBP,Trainline,Trainline,Trainline Trainline,ONLINE PAYMENT,55953.98,,TRAVEL,,TRAVEL,Trainline Trainline Trainline Trainline ONLINE PAYMENT,,,0,,OtherExpense,,,0.65,cat_otherexpense_35,catch_all,1,rule
2026-04-15,ee9cf721e3b74c7c9ed15064dcfc8eab61441602c2e939fe9597c1617795b0fa,APR2026_StarlingStatement_2026-04.csv_71,APR2026,starling,60-83-71 00558156,2026-04-15,850.0,GBP,CROSSLEY-TURNER,16 12-14 ALHAMBRA,CROSSLEY-TURNER 16 12-14 ALHAMBRA,FASTER PAYMENT,56803.98,,REVENUE,,REVENUE,CROSSLEY-TURNER 16 12-14 ALHAMBRA CROSSLEY-TURNER 16 12-14 ALHAMBRA FASTER PAYMENT,,,0,F161214ALH,OurRent,,,0.99,prop_rent_F161214ALH_104,strong,0,rule
2026-04-15,63a06555f143e59a0f54f750221f48efe445ee30fa61cb2017e1fc3d090879ff,APR2026_StarlingStatement_2026-04.csv_72,APR2026,starling,60-83-71 00558156,2026-04-15,-32.2,GBP,Marks & Spencer,MARKS&SPENCER PLC SACA,Marks & Spencer MARKS&SPENCER PLC SACA,CONTACTLESS,56771.78,,FOOD_AND_DRINK,,FOOD_AND_DRINK,Marks & Spencer MARKS&SPENCER PLC SACA Marks & Spencer MARKS&SPENCER PLC SACA CONTACTLESS,,,0,,PersonalExpense,M&S,,0.99,override_2,strong,0,rule
2026-04-15,f7ca07ee350950d50caa8201d66c199ff6169fef4001ffb56d987bf897c05c1a,APR2026_StarlingStatement_2026-04.csv_73,APR2026,starling,60-83-71 00558156,2026-04-15,-34.0,GBP,Rosie Tolmie Biffa,11618 toilet clean,Rosie Tolmie Biffa 11618 toilet clean,FASTER PAYMENT,56737.78,,REPAIRS_AND_MAINTENANCE,,REPAIRS_AND_MAINTENANCE,Rosie Tolmie Biffa 11618 toilet clean Rosie Tolmie Biffa 11618 toilet clean FASTER PAYMENT,,,0,,PropertyExpense,,,0.99,cat_propertyexpense_19,strong,1,rule
2026-04-15,d8dea2a69467923f2d7e34fb8682dd85d648a7760fdfd2d87fbfcccd923cf998,APR2026_StarlingStatement_2026-04.csv_74,APR2026,starling,60-83-71 00558156,2026-04-15,850.0,GBP,Lucy Morton-Scott,"Flat 11, 12-14","Lucy Morton-Scott Flat 11, 12-14",FASTER PAYMENT,57587.78,,REVENUE,,REVENUE,"Lucy Morton-Scott Flat 11, 12-14 Lucy Morton-Scott Flat 11, 12-14 FASTER PAYMENT",,,0,F111214ALH,OurRent,,,0.99,prop_rent_F111214ALH_102,strong,0,rule
2026-04-16,05819d6c1ac41db7a0ab861deb073b794c8e6a34f2f1ea11cf6904006a5aa91f,APR2026_BC_6045_APR2026.csv_22,APR2026,barclays,20-74-09 60458872,2026-04-16,-18.99,GBP,,,PAYPAL PAYMENT        5CM22229DF5GW DDR,,,679848,,Direct Debit,Direct Debit,PAYPAL PAYMENT        5CM22229DF5GW DDR,,,0,,RegularPayment,,,0.99,cat_regularpayment_27,strong,0,rule
2026-04-16,abe028085ae2e8dff4cf17f3653e662221f1d738452a52ee085879f6eecef3cb,APR2026_BC_6045_APR2026.csv_23,APR2026,barclays,20-74-09 60458872,2026-04-16,-550.59,GBP,,,PAYPAL PAYMENT        5CM22229DF5GW DDR,,,679848,,Direct Debit,Direct Debit,PAYPAL PAYMENT        5CM22229DF5GW DDR,,,0,,RegularPayment,,,0.99,cat_regularpayment_27,strong,0,rule
2026-04-16,2088451e6ef2be21fc742067138922ba829145deb1f33c1f9ff71e466a270adf,APR2026_BC_3072_APR2026.csv_43,APR2026,barclays,20-53-97 30728691,2026-04-16,-34.18,GBP,,,BHAM MIDSHIRES        6792116720030000 DDR,,,184800,,Direct Debit,Direct Debit,BHAM MIDSHIRES        6792116720030000 DDR,,,0,F2321LON,Mortgage,,,0.99,prop_mort_F2321LON_5,strong,0,rule
2026-04-16,56e6096acf555c22d7bacaf717f07ebcba743346c53d191f9bee011ccc3f6929,APR2026_BC_3072_APR2026.csv_44,APR2026,barclays,20-53-97 30728691,2026-04-16,-548.18,GBP,,,BHAM MIDSHIRES        6092045443050000 DDR,,,184800,,Direct Debit,Direct Debit,BHAM MIDSHIRES        6092045443050000 DDR,,,0,23BHAM,Mortgage,,,0.99,prop_mort_23BHAM_27,strong,0,rule
2026-04-16,932038ab987c64c637b6ffb5238fea2e3bfdf450de11ce1fe3c302b9d33e4406,APR2026_BC_3072_APR2026.csv_45,APR2026,barclays,20-53-97 30728691,2026-04-16,5482.53,GBP,,,Rsa Capital Limite    mortgages BGC,,,0,,Counter Credit,Counter Credit,Rsa Capital Limite    mortgages BGC,,,0,,Interbank,,,0.99,override_40,strong,0,rule
2026-04-16,7eb5e88deef88a2ed89a48390677ab02605d3602c491cd33b8d764582b7971f9,APR2026_StarlingStatement_2026-04.csv_75,APR2026,starling,60-83-71 00558156,2026-04-16,-205.0,GBP,Wwwbedfordschoolorguk,WWWBEDFORDSCHOOLORGUK,Wwwbedfordschoolorguk WWWBEDFORDSCHOOLORGUK,ONLINE PAYMENT,57382.78,,STAFF,,STAFF,Wwwbedfordschoolorguk WWWBEDFORDSCHOOLORGUK Wwwbedfordschoolorguk WWWBEDFORDSCHOOLORGUK ONLINE PAYMENT,,,0,,OtherExpense,,,0.65,cat_otherexpense_35,catch_all,1,rule
2026-04-16,47651e84208c8a346600e3405ac703914b28dd617e015c9009e558fcec604829,APR2026_StarlingStatement_2026-04.csv_76,APR2026,starling,60-83-71 00558156,2026-04-16,-5482.53,GBP,Ivana Valentino 3072,mortgages,Ivana Valentino 3072 mortgages,FASTER PAYMENT,51900.25,,INTEREST_PAYMENTS,,INTEREST_PAYMENTS,Ivana Valentino 3072 mortgages Ivana Valentino 3072 mortgages FASTER PAYMENT,,,0,,MortgageRefund,Ivana,,0.99,cat_mortgagerefund_15,strong,0,rule
2026-04-16,078983d90aa509f2d685378d38c3e38b5713bb944c65ea4d7659180709b95fb5,APR2026_StarlingStatement_2026-04.csv_77,APR2026,starling,60-83-71 00558156,2026-04-16,-464.0,GBP,Sequence Uk Ca Liverpo Wirral,SEQUENCE UK CA LIVERPO,Sequence Uk Ca Liverpo Wirral SEQUENCE UK CA LIVERPO,CARD PAYMENT,51436.25,,WORKPLACE,,WORKPLACE,Sequence Uk Ca Liverpo Wirral SEQUENCE UK CA LIVERPO Sequence Uk Ca Liverpo Wirral SEQUENCE UK CA LIVERPO CARD PAYMENT,,,0,,PropertyExpense,,,0.99,override_1,strong,1,rule
2026-04-16,9be2396dfa3cc1fe1875270f9b61ad08360532ac201fea6ade4317efd1d6fe3c,APR2026_StarlingStatement_2026-04.csv_78,APR2026,starling,60-83-71 00558156,2026-04-16,1000.0,GBP,UVAROV S,20 4-6 UVAROV,UVAROV S 20 4-6 UVAROV,FASTER PAYMENT,52436.25,,REVENUE,,REVENUE,UVAROV S 20 4-6 UVAROV UVAROV S 20 4-6 UVAROV FASTER PAYMENT,,,0,F2046ALH,OurRent,,,0.99,prop_rent_F2046ALH_93,strong,0,rule
2026-04-16,89dff49315957d28c19d3509a0c3a4a9176b22341ceff10b323276ea8c6345a3,APR2026_StarlingStatement_2026-04.csv_79,APR2026,starling,60-83-71 00558156,2026-04-16,30.0,GBP,UVAROV S,20 4-6 UVAROV,UVAROV S 20 4-6 UVAROV,FASTER PAYMENT,52466.25,,REVENUE,,REVENUE,UVAROV S 20 4-6 UVAROV UVAROV S 20 4-6 UVAROV FASTER PAYMENT,,,0,F2046ALH,OurRent,,,0.99,prop_rent_F2046ALH_93,strong,0,rule
2026-04-16,9b481485f027037ce281b08abedce39157ab792f2d05215e91821126412a6c5e,APR2026_StarlingStatement_2026-04.csv_80,APR2026,starling,60-83-71 00558156,2026-04-16,775.0,GBP,R Chowdhury,FLAT RENT,R Chowdhury FLAT RENT,FASTER PAYMENT,53241.25,,REVENUE,,REVENUE,R Chowdhury FLAT RENT R Chowdhury FLAT RENT FASTER PAYMENT,,,0,F1321LON,OurRent,,,0.99,prop_rent_F1321LON_71,strong,0,rule
2026-04-17,2f0ec8e87f3932fe748eabcb6c4b53b9fd54c105097659c2b70a12d2ecba757a,APR2026_BC_6045_APR2026.csv_24,APR2026,barclays,20-74-09 60458872,2026-04-17,-15.0,GBP,,,SOFIA                 TESCO FT,,,0,,Funds Transfer,Funds Transfer,SOFIA                 TESCO FT,,,0,,PersonalExpense,Tesco,,0.99,override_8,strong,0,rule
2026-04-17,33bfa596ce6e9034fae3c94fbe77534b1828b4fc32a71f7723c221fd27e86dff,APR2026_StarlingStatement_2026-04.csv_81,APR2026,starling,60-83-71 00558156,2026-04-17,800.0,GBP,S PERRY,FLAT 3 12-14,S PERRY FLAT 3 12-14,FASTER PAYMENT,54041.25,,REVENUE,,REVENUE,S PERRY FLAT 3 12-14 S PERRY FLAT 3 12-14 FASTER PAYMENT,,,0,F31214ALH,OurRent,,,0.99,prop_rent_F31214ALH_105,strong,0,rule
2026-04-17,865c868eb28918b6043b2249f5829165fa964810b0800b47c52feb1ba9cb1ab3,APR2026_StarlingStatement_2026-04.csv_82,APR2026,starling,60-83-71 00558156,2026-04-17,-37.75,GBP,Marks & Spencer,MARKS&SPENCER PLC,Marks & Spencer MARKS&SPENCER PLC,CONTACTLESS,54003.5,,FOOD_AND_DRINK,,FOOD_AND_DRINK,Marks & Spencer MARKS&SPENCER PLC Marks & Spencer MARKS&SPENCER PLC CONTACTLESS,,,0,,PersonalExpense,M&S,,0.99,override_2,strong,0,rule
2026-04-17,7d94fe2deecfcd552e78cfd6d6e77757e3ac7dc776efe8bb9788fac2bb5581c2,APR2026_StarlingStatement_2026-04.csv_83,APR2026,starling,60-83-71 00558156,2026-04-17,-22.95,GBP,Marks & Spencer,MARKS&SPENCER PLC,Marks & Spencer MARKS&SPENCER PLC,CONTACTLESS,53980.55,,FOOD_AND_DRINK,,FOOD_AND_DRINK,Marks & Spencer MARKS&SPENCER PLC Marks & Spencer MARKS&SPENCER PLC CONTACTLESS,,,0,,PersonalExpense,M&S,,0.99,override_2,strong,0,rule
2026-04-17,9a76d55ff523e9e4d4f6c09294a13a0bf4ab0bfff0e66554800c1f801e9274f7,APR2026_StarlingStatement_2026-04.csv_84,APR2026,starling,60-83-71 00558156,2026-04-17,-13.95,GBP,BP,BEDFORD SF CONNECT,BP BEDFORD SF CONNECT,CONTACTLESS,53966.6,,VEHICLES,,VEHICLES,BP BEDFORD SF CONNECT BP BEDFORD SF CONNECT CONTACTLESS,,,0,,OtherExpense,,,0.65,cat_otherexpense_35,catch_all,1,rule
2026-04-18,c8eeb06423b746dac67301682fea2c0efa126d0b3153fc9a1dedcc192d9c0c4a,APR2026_StarlingStatement_2026-04.csv_85,APR2026,starling,60-83-71 00558156,2026-04-18,-14.45,GBP,Co-op,CO OPERATIVE FOOD,Co-op CO OPERATIVE FOOD,CONTACTLESS,53952.15,,REPAIRS_AND_MAINTENANCE,,REPAIRS_AND_MAINTENANCE,Co-op CO OPERATIVE FOOD Co-op CO OPERATIVE FOOD CONTACTLESS,,,0,,PersonalExpense,COOP,,0.99,cat_propertyexpense_19,strong,0,rule
2026-04-18,1b42aa83ade4e01ab951e4cc2f767eb1b52f7196c085d4cc0ed14503361b5695,APR2026_StarlingStatement_2026-04.csv_86,APR2026,starling,60-83-71 00558156,2026-04-18,-35.9,GBP,Marks & Spencer,MARKS&SPENCER PLC SACA,Marks & Spencer MARKS&SPENCER PLC SACA,CONTACTLESS,53916.25,,FOOD_AND_DRINK,,FOOD_AND_DRINK,Marks & Spencer MARKS&SPENCER PLC SACA Marks & Spencer MARKS&SPENCER PLC SACA CONTACTLESS,,,0,,PersonalExpense,M&S,,0.99,override_2,strong,0,rule
2026-04-18,80d545cb088cc90b17bbb87ae5f042dc4e97720902ec2d09affc953515382a1c,APR2026_StarlingStatement_2026-04.csv_87,APR2026,starling,60-83-71 00558156,2026-04-18,-10.41,GBP,ALDI,ALDI STORES,ALDI ALDI STORES,CONTACTLESS,53905.84,,FOOD_AND_DRINK,,FOOD_AND_DRINK,ALDI ALDI STORES ALDI ALDI STORES CONTACTLESS,,,0,,PersonalExpense,ALDI,,0.99,override_20,strong,0,rule
2026-04-18,d69bc3d55b3f37617145a6c294f66cf939fdf1cd98fe9f8db446336ab0210c94,APR2026_StarlingStatement_2026-04.csv_88,APR2026,starling,60-83-71 00558156,2026-04-18,-1540.0,GBP,Hilltop Swimming Club,Tucker bills,Hilltop Swimming Club Tucker bills,FASTER PAYMENT,52365.84,,REPAIRS_AND_MAINTENANCE,,REPAIRS_AND_MAINTENANCE,Hilltop Swimming Club Tucker bills Hilltop Swimming Club Tucker bills FASTER PAYMENT,,,0,,PropertyExpense,,,0.99,cat_propertyexpense_19,strong,1,rule
2026-04-19,a1a95d3b302d11beb9809a47ed3255cbf2816aeb4ce6d60f0ae4b9997fcd52ed,APR2026_StarlingStatement_2026-04.csv_89,APR2026,starling,60-83-71 00558156,2026-04-19,-24.25,GBP,Tesco,TESCO STORES 2547,Tesco TESCO STORES 2547,CONTACTLESS,52341.59,,FOOD_AND_DRINK,,FOOD_AND_DRINK,Tesco TESCO STORES 2547 Tesco TESCO STORES 2547 CONTACTLESS,,,0,,PersonalExpense,Tesco,,0.99,override_9,strong,0,rule
2026-04-19,4f57edf76ab9b84ad9ac3a0b6ec19a34c148a7e9f62ef185bc0da42fc494d531,APR2026_StarlingStatement_2026-04.csv_90,APR2026,starling,60-83-71 00558156,2026-04-19,875.0,GBP,Eliesha Pettitt & Ifechukwude Okeleke,Rent,Eliesha Pettitt & Ifechukwude Okeleke Rent,FASTER PAYMENT,53216.59,,REVENUE,,REVENUE,Eliesha Pettitt & Ifechukwude Okeleke Rent Eliesha Pettitt & Ifechukwude Okeleke Rent FASTER PAYMENT,,,0,,OtherIncome,,,0.65,cat_otherincome_34,catch_all,1,rule
2026-04-19,bb3ba681718f2224a9410abd089b5f11fa22df0aa2dfa442dfb0a69470860faf,APR2026_StarlingStatement_2026-04.csv_91,APR2026,starling,60-83-71 00558156,2026-04-19,-7.4,GBP,Co-op,CO OPERATIVE FOOD,Co-op CO OPERATIVE FOOD,CONTACTLESS,53209.19,,REPAIRS_AND_MAINTENANCE,,REPAIRS_AND_MAINTENANCE,Co-op CO OPERATIVE FOOD Co-op CO OPERATIVE FOOD CONTACTLESS,,,0,,PersonalExpense,COOP,,0.99,cat_propertyexpense_19,strong,0,rule
2026-04-19,d0e50570ffb55f5cc978ced6df0df0ef2820481319349480ac49e2c1a43cc9ef,APR2026_StarlingStatement_2026-04.csv_92,APR2026,starling,60-83-71 00558156,2026-04-19,-7.1,GBP,Co-op,CO OPERATIVE FOOD,Co-op CO OPERATIVE FOOD,CONTACTLESS,53202.09,,REPAIRS_AND_MAINTENANCE,,REPAIRS_AND_MAINTENANCE,Co-op CO OPERATIVE FOOD Co-op CO OPERATIVE FOOD CONTACTLESS,,,0,,PersonalExpense,COOP,,0.99,cat_propertyexpense_19,strong,0,rule
2026-04-19,ef0e5cb284bd4f2769d3a5d86901dff05fefc13c33ab76231c92c54cd9e7b9dc,APR2026_StarlingStatement_2026-04.csv_93,APR2026,starling,60-83-71 00558156,2026-04-19,-6.5,GBP,Co-op,CO OPERATIVE FOOD,Co-op CO OPERATIVE FOOD,CONTACTLESS,53195.59,,REPAIRS_AND_MAINTENANCE,,REPAIRS_AND_MAINTENANCE,Co-op CO OPERATIVE FOOD Co-op CO OPERATIVE FOOD CONTACTLESS,,,0,,PersonalExpense,COOP,,0.99,cat_propertyexpense_19,strong,0,rule
2026-04-19,1eb881aae4b6fed395ac35f548e0eddfa0073eda57344da885f608602c4b1bad,APR2026_StarlingStatement_2026-04.csv_94,APR2026,starling,60-83-71 00558156,2026-04-19,-11.98,GBP,Peter Taperek,3 321 hose,Peter Taperek 3 321 hose,FASTER PAYMENT,53183.61,,REPAIRS_AND_MAINTENANCE,,REPAIRS_AND_MAINTENANCE,Peter Taperek 3 321 hose Peter Taperek 3 321 hose FASTER PAYMENT,,,0,F3321LON,PropertyExpense,,,0.99,prop_rent_F3321LON_73,strong,0,rule
2026-04-19,fca1155ad9b616e4dd0405c17603a8d4c08b5a680e37d81b31e7b85991fbc36b,APR2026_StarlingStatement_2026-04.csv_95,APR2026,starling,60-83-71 00558156,2026-04-19,875.0,GBP,JAKE BISHOP,flat 2 321 london,JAKE BISHOP flat 2 321 london,FASTER PAYMENT,54058.61,,REVENUE,,REVENUE,JAKE BISHOP flat 2 321 london JAKE BISHOP flat 2 321 london FASTER PAYMENT,,,0,F2321LON,OurRent,,,0.99,prop_rent_F2321LON_72,strong,0,rule
2026-04-20,92967b385601831807678aac66bd8762a3dca2019708ca8b24d582beb7a89b7e,APR2026_BC_3072_APR2026.csv_46,APR2026,barclays,20-53-97 30728691,2026-04-20,-341.79,GBP,,,BHAM MIDSHIRES        6092042862000000 DDR,,,184800,,Direct Debit,Direct Debit,BHAM MIDSHIRES        6092042862000000 DDR,,,0,F2321LON,Mortgage,,,0.99,prop_mort_F2321LON_3,strong,0,rule
2026-04-20,f5a43f87c414a875961de328b3db59e0c2d0cc5634a8aaa53370a245794f5933,APR2026_BC_4040_APR2026.csv_12,APR2026,barclays,20-74-09 40406538,2026-04-20,100.0,GBP,,,Rsa Capital Limite    trf BGC,,,0,,Counter Credit,Counter Credit,Rsa Capital Limite    trf BGC,,,0,,Interbank,,,0.99,override_40,strong,0,rule
2026-04-20,0d449b2ac3046cdbfd6dfc233009c10c8864310a608994ecbff0ddf7334dc224,APR2026_BC_4040_APR2026.csv_13,APR2026,barclays,20-74-09 40406538,2026-04-20,-10.0,GBP,,,ALESSIO VALENTINO-    FROM MUMMY FT,,,0,,Funds Transfer,Funds Transfer,ALESSIO VALENTINO-    FROM MUMMY FT,,,0,,PersonalExpense,Alessio,,0.99,override_7,strong,0,rule
2026-04-20,ff0f1c4f32d58d3b528759e9bd03c05325682b1148c5d576b719c7f2b56b9bc8,APR2026_BC_4040_APR2026.csv_14,APR2026,barclays,20-74-09 40406538,2026-04-20,-10.0,GBP,,,ROCCO VALENTINO       FOOD FT,,,0,,Funds Transfer,Funds Transfer,ROCCO VALENTINO       FOOD FT,,,0,,PersonalExpense,Rocco,,0.99,override_6,strong,0,rule
2026-04-20,848a65aeb686703bf84fa0424c3d0c848dbf5c05f3be0506425cc6de69196f9e,APR2026_BC_4040_APR2026.csv_15,APR2026,barclays,20-74-09 40406538,2026-04-20,-15.0,GBP,,,SOFIA VALENTINO-TU    FOOD FT,,,0,,Funds Transfer,Funds Transfer,SOFIA VALENTINO-TU    FOOD FT,,,0,,PersonalExpense,Sofia,,0.99,override_8,strong,0,rule
2026-04-20,3814ab12a7b44b5b9028ad17015f28c12cb7e0322edd44cc826e3711c3f91ae5,APR2026_BC_4040_APR2026.csv_16,APR2026,barclays,20-74-09 40406538,2026-04-20,-26.0,GBP,,,ALESSIO VALENTINO-    FROM MUMMY FT,,,0,,Funds Transfer,Funds Transfer,ALESSIO VALENTINO-    FROM MUMMY FT,,,0,,PersonalExpense,Alessio,,0.99,override_7,strong,0,rule
2026-04-20,00bdd7ab90f23de952ca92f562511c2226a1fb504407fba0c1e7b5e85c28a4b7,APR2026_StarlingStatement_2026-04.csv_96,APR2026,starling,60-83-71 00558156,2026-04-20,-250.0,GBP,Ivana Valentino,car,Ivana Valentino car,FASTER PAYMENT,53808.61,,VEHICLES,,VEHICLES,Ivana Valentino car Ivana Valentino car FASTER PAYMENT,,,0,,RegularPayment,Ivana,,0.99,override_37,strong,0,rule
2026-04-20,3c3bd2d8d439c300422ba6ea360101dbc7dada1bb435060b7784c505b5a79a53,APR2026_StarlingStatement_2026-04.csv_97,APR2026,starling,60-83-71 00558156,2026-04-20,980.0,GBP,GONGORA OLIVA J,FLAT 22 4-6 ALHAMB,GONGORA OLIVA J FLAT 22 4-6 ALHAMB,FASTER PAYMENT,54788.61,,REVENUE,,REVENUE,GONGORA OLIVA J FLAT 22 4-6 ALHAMB GONGORA OLIVA J FLAT 22 4-6 ALHAMB FASTER PAYMENT,,,0,F2246ALH,OurRent,,,0.99,prop_rent_F2246ALH_95,strong,0,rule
2026-04-20,02195dea498634d61b2625217c442dcf89706657a1cd2614e9aeaa9ad333a329,APR2026_StarlingStatement_2026-04.csv_98,APR2026,starling,60-83-71 00558156,2026-04-20,880.0,GBP,Emily Cove,21 4-6 Alhambra,Emily Cove 21 4-6 Alhambra,FASTER PAYMENT,55668.61,,REVENUE,,REVENUE,Emily Cove 21 4-6 Alhambra Emily Cove 21 4-6 Alhambra FASTER PAYMENT,,,0,F2146ALH,OurRent,,,0.99,prop_rent_F2146ALH_94,strong,0,rule
2026-04-20,790206a0c17e7930f5d6c096da9d67abbb017606a52207a5b097af0bc4d83a12,APR2026_StarlingStatement_2026-04.csv_99,APR2026,starling,60-83-71 00558156,2026-04-20,-19.99,GBP,Amazon,AMAZON* NZ61R9FV4,Amazon AMAZON* NZ61R9FV4,ONLINE PAYMENT,55648.62,,REPAIRS_AND_MAINTENANCE,,REPAIRS_AND_MAINTENANCE,Amazon AMAZON* NZ61R9FV4 Amazon AMAZON* NZ61R9FV4 ONLINE PAYMENT,,,0,,PropertyExpense,,,0.99,cat_propertyexpense_19,strong,1,rule
2026-04-20,d5a07af01a66a262775257ff92975eab0d518720df479010d56ba04e811112c4,APR2026_StarlingStatement_2026-04.csv_100,APR2026,starling,60-83-71 00558156,2026-04-20,-34.8,GBP,Marks & Spencer,MARKS&SPENCER PLC SACA,Marks & Spencer MARKS&SPENCER PLC SACA,CHIP & PIN,55613.82,,FOOD_AND_DRINK,,FOOD_AND_DRINK,Marks & Spencer MARKS&SPENCER PLC SACA Marks & Spencer MARKS&SPENCER PLC SACA CHIP & PIN,,,0,,PersonalExpense,M&S,,0.99,override_2,strong,0,rule
2026-04-20,74e62923d4c7f93b3da5e8dca81af9900f744103a7ce674d4ee635bfd059860b,APR2026_StarlingStatement_2026-04.csv_101,APR2026,starling,60-83-71 00558156,2026-04-20,-24.0,GBP,Company Check,COMPANY CHECK LTD,Company Check COMPANY CHECK LTD,ONLINE PAYMENT,55589.82,,OTHER,,OTHER,Company Check COMPANY CHECK LTD Company Check COMPANY CHECK LTD ONLINE PAYMENT,,,0,,OtherExpense,,,0.65,cat_otherexpense_35,catch_all,1,rule
2026-04-20,2778d0f55c55592dad88e98173f77e2a5aebd7a6283f75b3705dbc7dee8f0fc8,APR2026_StarlingStatement_2026-04.csv_102,APR2026,starling,60-83-71 00558156,2026-04-20,-100.0,GBP,Ivana  VALENTINO,trf,Ivana  VALENTINO trf,FASTER PAYMENT,55489.82,,FOOD_AND_DRINK,,FOOD_AND_DRINK,Ivana  VALENTINO trf Ivana  VALENTINO trf FASTER PAYMENT,,,0,,PersonalExpense,Ivana,,0.99,override_39,strong,0,rule
2026-04-20,30be9d20588e2c00702ce019beb473ec5b5d03cdc18afb9e5c559b019ff448d4,APR2026_StarlingStatement_2026-04.csv_103,APR2026,starling,60-83-71 00558156,2026-04-20,-149.0,GBP,KINGSTON DOMESTIC APPLIANCES LTD,11386a 1171 oven,KINGSTON DOMESTIC APPLIANCES LTD 11386a 1171 oven,FASTER PAYMENT,55340.82,,REPAIRS_AND_MAINTENANCE,,REPAIRS_AND_MAINTENANCE,KINGSTON DOMESTIC APPLIANCES LTD 11386a 1171 oven KINGSTON DOMESTIC APPLIANCES LTD 11386a 1171 oven FASTER PAYMENT,,,0,F1171FAW,PropertyExpense,,,0.99,prop_rent_F1171FAW_79,strong,0,rule
2026-04-21,b12366a96ebeb982454b95ef697601c49decc65b54f8f8fd7c1d36f322b94ed0,APR2026_BC_6045_APR2026.csv_25,APR2026,barclays,20-74-09 60458872,2026-04-21,-5.98,GBP,,,INTEREST CHARGED      INTEREST CHARGED,,,0,,Credit Payment,Credit Payment,INTEREST CHARGED      INTEREST CHARGED,,,0,,OtherExpense,,,0.99,override_17,strong,0,rule
2026-04-21,2b29ffdd8e42484d2e98403337b41377f7a4a9a0179ba9ae8e0eada05cf692d8,APR2026_StarlingStatement_2026-04.csv_104,APR2026,starling,60-83-71 00558156,2026-04-21,695.0,GBP,Brett,000000003728536532,Brett 000000003728536532,DIRECT CREDIT,56035.82,,REVENUE,,REVENUE,Brett 000000003728536532 Brett 000000003728536532 DIRECT CREDIT,,,0,F3163FRA,OurRent,,,0.99,prop_rent_F3163FRA_83,strong,0,rule
2026-04-21,43ec55124bb280e700d7b80f332620273e96cc94a788974334393c694ae0f28a,APR2026_StarlingStatement_2026-04.csv_105,APR2026,starling,60-83-71 00558156,2026-04-21,-8.1,GBP,Marks & Spencer,MARKS&SPENCER PLC,Marks & Spencer MARKS&SPENCER PLC,CONTACTLESS,56027.72,,FOOD_AND_DRINK,,FOOD_AND_DRINK,Marks & Spencer MARKS&SPENCER PLC Marks & Spencer MARKS&SPENCER PLC CONTACTLESS,,,0,,PersonalExpense,M&S,,0.99,override_2,strong,0,rule
2026-04-21,046be27c6f576fc77f68263105476d493db2018e334b6194ce4485fa2f23f9f6,APR2026_StarlingStatement_2026-04.csv_106,APR2026,starling,60-83-71 00558156,2026-04-21,-42.0,GBP,A Beck Plumbing & Heating LTD,28287 196a co2,A Beck Plumbing & Heating LTD 28287 196a co2,FASTER PAYMENT,55985.72,,REPAIRS_AND_MAINTENANCE,,REPAIRS_AND_MAINTENANCE,A Beck Plumbing & Heating LTD 28287 196a co2 A Beck Plumbing & Heating LTD 28287 196a co2 FASTER PAYMENT,,,0,196AKIN,PropertyExpense,,,0.99,prop_rent_196AKIN_86,strong,0,rule
2026-04-21,94aef69389d266aa371fa5f6d89f56e4f73a5d56ac8751db503082ac25ab4e1e,APR2026_StarlingStatement_2026-04.csv_107,APR2026,starling,60-83-71 00558156,2026-04-21,-66.0,GBP,A Beck Plumbing & Heating LTD,28273 196a GS,A Beck Plumbing & Heating LTD 28273 196a GS,FASTER PAYMENT,55919.72,,REPAIRS_AND_MAINTENANCE,,REPAIRS_AND_MAINTENANCE,A Beck Plumbing & Heating LTD 28273 196a GS A Beck Plumbing & Heating LTD 28273 196a GS FASTER PAYMENT,,,0,196AKIN,PropertyExpense,,,0.99,prop_rent_196AKIN_86,strong,0,rule
2026-04-21,e04326ae4f5f8e584c51c1f029dcf807e2b7371ad7855e7c577a995aadf36707,APR2026_StarlingStatement_2026-04.csv_108,APR2026,starling,60-83-71 00558156,2026-04-21,-66.0,GBP,A Beck Plumbing & Heating LTD,28218 2171 gs,A Beck Plumbing & Heating LTD 28218 2171 gs,FASTER PAYMENT,55853.72,,REPAIRS_AND_MAINTENANCE,,REPAIRS_AND_MAINTENANCE,A Beck Plumbing & Heating LTD 28218 2171 gs A Beck Plumbing & Heating LTD 28218 2171 gs FASTER PAYMENT,,,0,F2171FAW,PropertyExpense,,,0.99,prop_rent_F2171FAW_80,strong,0,rule
2026-04-21,738f5cf30ac705e23a12beb0516ef928a9bc987306cf0145625f5ea92b37ac5f,APR2026_StarlingStatement_2026-04.csv_109,APR2026,starling,60-83-71 00558156,2026-04-21,-66.0,GBP,A Beck Plumbing & Heating LTD,28194 71618 GS,A Beck Plumbing & Heating LTD 28194 71618 GS,FASTER PAYMENT,55787.72,,REPAIRS_AND_MAINTENANCE,,REPAIRS_AND_MAINTENANCE,A Beck Plumbing & Heating LTD 28194 71618 GS A Beck Plumbing & Heating LTD 28194 71618 GS FASTER PAYMENT,,,0,,PropertyExpense,,,0.99,cat_propertyexpense_19,strong,1,rule
2026-04-21,1cdb4114408843f7f1734613f4d375bb43c991ff5bdf9685377bac0c46fbc4be,APR2026_StarlingStatement_2026-04.csv_110,APR2026,starling,60-83-71 00558156,2026-04-21,-108.0,GBP,A Beck Plumbing & Heating LTD,28120 2169 block,A Beck Plumbing & Heating LTD 28120 2169 block,FASTER PAYMENT,55679.72,,REPAIRS_AND_MAINTENANCE,,REPAIRS_AND_MAINTENANCE,A Beck Plumbing & Heating LTD 28120 2169 block A Beck Plumbing & Heating LTD 28120 2169 block FASTER PAYMENT,,,0,F2169FAW,PropertyExpense,,,0.99,prop_rent_F2169FAW_77,strong,0,rule
2026-04-21,18a02900e29182ef47cdebcfc7def4c3a5856e2526d04d09e996d9bd880dd192,APR2026_StarlingStatement_2026-04.csv_111,APR2026,starling,60-83-71 00558156,2026-04-21,-54.0,GBP,A Beck Plumbing & Heating LTD,28107 71214 gs,A Beck Plumbing & Heating LTD 28107 71214 gs,FASTER PAYMENT,55625.72,,REPAIRS_AND_MAINTENANCE,,REPAIRS_AND_MAINTENANCE,A Beck Plumbing & Heating LTD 28107 71214 gs A Beck Plumbing & Heating LTD 28107 71214 gs FASTER PAYMENT,,,0,F71214ALH,PropertyExpense,,,0.99,prop_rent_F71214ALH_108,strong,0,rule
2026-04-21,6f79a86327f91bb88028e31a7608b084712c9fdceea88c5903673569d67adf4d,APR2026_StarlingStatement_2026-04.csv_112,APR2026,starling,60-83-71 00558156,2026-04-21,-275.0,GBP,Central Energy South Limited,720 3321 eicer,Central Energy South Limited 720 3321 eicer,FASTER PAYMENT,55350.72,,REPAIRS_AND_MAINTENANCE,,REPAIRS_AND_MAINTENANCE,Central Energy South Limited 720 3321 eicer Central Energy South Limited 720 3321 eicer FASTER PAYMENT,,,0,F3321LON,PropertyExpense,,,0.99,prop_rent_F3321LON_73,strong,0,rule
2026-04-21,055c827ca3fc57435a2f672ee5eb11a401e50bdadc2ef5bb656b9a8ad19e0429,APR2026_StarlingStatement_2026-04.csv_113,APR2026,starling,60-83-71 00558156,2026-04-21,-80.0,GBP,Central Energy South Limited,721 321 com EICR,Central Energy South Limited 721 321 com EICR,FASTER PAYMENT,55270.72,,REPAIRS_AND_MAINTENANCE,,REPAIRS_AND_MAINTENANCE,Central Energy South Limited 721 321 com EICR Central Energy South Limited 721 321 com EICR FASTER PAYMENT,,,0,F1321LON,PropertyExpense,,,0.99,prop_rent_F1321LON_71,strong,0,rule
2026-04-21,ed76824a5af05cda4a7d11d11588914824996fd473e78f07af6d3f875da8fe03,APR2026_StarlingStatement_2026-04.csv_114,APR2026,starling,60-83-71 00558156,2026-04-21,-80.0,GBP,Central Energy South Limited,708 1171 sink,Central Energy South Limited 708 1171 sink,FASTER PAYMENT,55190.72,,REPAIRS_AND_MAINTENANCE,,REPAIRS_AND_MAINTENANCE,Central Energy South Limited 708 1171 sink Central Energy South Limited 708 1171 sink FASTER PAYMENT,,,0,F1171FAW,PropertyExpense,,,0.99,prop_rent_F1171FAW_79,strong,0,rule
2026-04-21,1cef868937ee0e858e1533a68ad98411b0661cdd11b598c723c46409af80dd59,APR2026_StarlingStatement_2026-04.csv_115,APR2026,starling,60-83-71 00558156,2026-04-21,-120.0,GBP,Central Energy South Limited,709 11618 EICR GS,Central Energy South Limited 709 11618 EICR GS,FASTER PAYMENT,55070.72,,REPAIRS_AND_MAINTENANCE,,REPAIRS_AND_MAINTENANCE,Central Energy South Limited 709 11618 EICR GS Central Energy South Limited 709 11618 EICR GS FASTER PAYMENT,,,0,,PropertyExpense,,,0.99,cat_propertyexpense_19,strong,1,rule
2026-04-21,ec440ee88c112157329deebdab3fbee71a79a856694b46974ae9b4140fd074ad,APR2026_StarlingStatement_2026-04.csv_116,APR2026,starling,60-83-71 00558156,2026-04-21,-160.0,GBP,Central Energy South Limited,697 2346 wind,Central Energy South Limited 697 2346 wind,FASTER PAYMENT,54910.72,,REPAIRS_AND_MAINTENANCE,,REPAIRS_AND_MAINTENANCE,Central Energy South Limited 697 2346 wind Central Energy South Limited 697 2346 wind FASTER PAYMENT,,,0,,PropertyExpense,,,0.99,cat_propertyexpense_19,strong,1,rule
2026-04-22,1005799e0667cafc374b65cf60911fd6ed38049328183c0bfa2453d3693619a7,APR2026_BC_3072_APR2026.csv_47,APR2026,barclays,20-53-97 30728691,2026-04-22,-431.27,GBP,,,BHAM MIDSHIRES        6092076296020000 DDR,,,184800,,Direct Debit,Direct Debit,BHAM MIDSHIRES        6092076296020000 DDR,,,0,196AKIN,Mortgage,,,0.99,prop_mort_196AKIN_23,strong,0,rule
2026-04-22,15e0a2038ed75b4a4668da1ddc1075314e4ee00532492bc3362e199fa2d58ca7,APR2026_BC_3072_APR2026.csv_48,APR2026,barclays,20-53-97 30728691,2026-04-22,-10.0,GBP,,,ID MOBILE LIMITED     11245718/001 DDR,,,298372,,Direct Debit,Direct Debit,ID MOBILE LIMITED     11245718/001 DDR,,,0,,RegularPayment,,,0.99,cat_regularpayment_27,strong,0,rule
2026-04-22,b0e2bb82bb48cc350465bb1c0a0a01fff9897be6fd13e622048d7ec887077619,APR2026_BC_3072_APR2026.csv_49,APR2026,barclays,20-53-97 30728691,2026-04-22,-10.0,GBP,,,ID MOBILE LIMITED     11888885/001 DDR,,,298372,,Direct Debit,Direct Debit,ID MOBILE LIMITED     11888885/001 DDR,,,0,,RegularPayment,,,0.99,cat_regularpayment_27,strong,0,rule
2026-04-22,8e4d9be2e1fdd02ebdeb3055cd3dffde9f1624f963a846bc0f419e87ef39cf85,APR2026_BC_3072_APR2026.csv_50,APR2026,barclays,20-53-97 30728691,2026-04-22,-10.19,GBP,,,INTEREST CHARGED      INTEREST CHARGED,,,0,,Credit Payment,Credit Payment,INTEREST CHARGED      INTEREST CHARGED,,,0,,OtherExpense,,,0.99,override_17,strong,0,rule
2026-04-22,4df3b429ad07d342c6d34521fb2ebb56fa71c68123155498d8b5ac0a7e2d00db,APR2026_BC_4040_APR2026.csv_17,APR2026,barclays,20-74-09 40406538,2026-04-22,-12.01,GBP,,,INTEREST CHARGED      INTEREST CHARGED,,,0,,Credit Payment,Credit Payment,INTEREST CHARGED      INTEREST CHARGED,,,0,,OtherExpense,,,0.99,override_17,strong,0,rule
2026-04-22,c38a1b9696ce42be2b2f55ef5c36a89264627c0e7e82808b95a30f1b6b2702c5,APR2026_StarlingStatement_2026-04.csv_117,APR2026,starling,60-83-71 00558156,2026-04-22,925.0,GBP,A JOY,"ANGEL JOY  ,FLAT 1","A JOY ANGEL JOY  ,FLAT 1",FASTER PAYMENT,55835.72,,REVENUE,,REVENUE,"A JOY ANGEL JOY  ,FLAT 1 A JOY ANGEL JOY  ,FLAT 1 FASTER PAYMENT",,,0,F71214ALH,OurRent,,,0.99,prop_rent_F71214ALH_108,strong,0,rule
2026-04-22,58b2f8e38174577dc84e2be5a81c58734d953f5b33a74cb8fbe81643e8e31daf,APR2026_StarlingStatement_2026-04.csv_118,APR2026,starling,60-83-71 00558156,2026-04-22,-69.94,GBP,No Limitz,No Limitz,No Limitz No Limitz,CONTACTLESS,55765.78,,EQUIPMENT,,EQUIPMENT,No Limitz No Limitz No Limitz No Limitz CONTACTLESS,,,0,,OtherExpense,,,0.65,cat_otherexpense_35,catch_all,1,rule
2026-04-22,5d01d3e00eaff16e3fb05d90e80c382d2189a976013c69c8bfdc9b12b33dbbbf,APR2026_StarlingStatement_2026-04.csv_119,APR2026,starling,60-83-71 00558156,2026-04-22,452.0,GBP,CHARTERS ESTATE AGENTS LIMITED,Shop 196 Kingston,CHARTERS ESTATE AGENTS LIMITED Shop 196 Kingston,FASTER PAYMENT,56217.78,,REVENUE,,REVENUE,CHARTERS ESTATE AGENTS LIMITED Shop 196 Kingston CHARTERS ESTATE AGENTS LIMITED Shop 196 Kingston FASTER PAYMENT,,,0,SHOP196KIN,OurRent,,,0.99,prop_rent_SHOP196KIN_85,strong,0,rule
2026-04-22,235b84a2d751c80e7b67300c8674b5865f0561e56b231a39b0ef5f86789b11ef,APR2026_StarlingStatement_2026-04.csv_120,APR2026,starling,60-83-71 00558156,2026-04-22,-103.41,GBP,New County Service Sta,NEW COUNTY SERVICE STA,New County Service Sta NEW COUNTY SERVICE STA,CHIP & PIN,56114.37,,VEHICLES,,VEHICLES,New County Service Sta NEW COUNTY SERVICE STA New County Service Sta NEW COUNTY SERVICE STA CHIP & PIN,,,0,,PersonalExpense,Garage,,0.99,override_5,strong,0,rule
2026-04-22,34b4116156b8758f620993f71332ad9f966d0cb48c7a0a2c4edab600d6426d6d,APR2026_StarlingStatement_2026-04.csv_121,APR2026,starling,60-83-71 00558156,2026-04-22,-35.74,GBP,ALDI,ALDI STORES 776-97,ALDI ALDI STORES 776-97,CONTACTLESS,56078.63,,FOOD_AND_DRINK,,FOOD_AND_DRINK,ALDI ALDI STORES 776-97 ALDI ALDI STORES 776-97 CONTACTLESS,,,0,,PersonalExpense,ALDI,,0.99,override_20,strong,0,rule
2026-04-22,36ab279a6e4dac8eb17f227ed2b1ab637beed963854357befad7e48049d31e60,APR2026_StarlingStatement_2026-04.csv_122,APR2026,starling,60-83-71 00558156,2026-04-22,-8.15,GBP,Co-op,CO OPERATIVE FOOD,Co-op CO OPERATIVE FOOD,CONTACTLESS,56070.48,,REPAIRS_AND_MAINTENANCE,,REPAIRS_AND_MAINTENANCE,Co-op CO OPERATIVE FOOD Co-op CO OPERATIVE FOOD CONTACTLESS,,,0,,PersonalExpense,COOP,,0.99,cat_propertyexpense_19,strong,0,rule
2026-04-22,efce21e657309f01db752dc5b688dabcea5b25f017ff208ded46dce0fb6fa1a8,APR2026_StarlingStatement_2026-04.csv_123,APR2026,starling,60-83-71 00558156,2026-04-22,-11.7,GBP,Co-op,CO OPERATIVE FOOD,Co-op CO OPERATIVE FOOD,CONTACTLESS,56058.78,,REPAIRS_AND_MAINTENANCE,,REPAIRS_AND_MAINTENANCE,Co-op CO OPERATIVE FOOD Co-op CO OPERATIVE FOOD CONTACTLESS,,,0,,PersonalExpense,COOP,,0.99,cat_propertyexpense_19,strong,0,rule
2026-04-22,40c2bdff7eb6b820aef18611e33f33920aa9739f10ec10061461c421cd0bd113,APR2026_StarlingStatement_2026-04.csv_124,APR2026,starling,60-83-71 00558156,2026-04-22,-15.3,GBP,Marks & Spencer,MARKS&SPENCER PLC SACA,Marks & Spencer MARKS&SPENCER PLC SACA,CONTACTLESS,56043.48,,FOOD_AND_DRINK,,FOOD_AND_DRINK,Marks & Spencer MARKS&SPENCER PLC SACA Marks & Spencer MARKS&SPENCER PLC SACA CONTACTLESS,,,0,,PersonalExpense,M&S,,0.99,override_2,strong,0,rule
2026-04-22,1d267c9455a967db836a7ae2bec2d9b9619d2ba13d0874d4121ed91f35264376,APR2026_StarlingStatement_2026-04.csv_125,APR2026,starling,60-83-71 00558156,2026-04-22,-225.0,GBP,Jijo George,23 321 rep,Jijo George 23 321 rep,FASTER PAYMENT,55818.48,,REPAIRS_AND_MAINTENANCE,,REPAIRS_AND_MAINTENANCE,Jijo George 23 321 rep Jijo George 23 321 rep FASTER PAYMENT,,,0,F3321LON,PropertyExpense,,,0.99,prop_rent_F3321LON_73,strong,0,rule
2026-04-22,81ed05ebb70fbcaafc4a939ffc368861cfda57d1f6fcd9b29c4326357c3f7bc5,APR2026_StarlingStatement_2026-04.csv_126,APR2026,starling,60-83-71 00558156,2026-04-22,-15.0,GBP,Jijo George,3321 rep,Jijo George 3321 rep,FASTER PAYMENT,55803.48,,REPAIRS_AND_MAINTENANCE,,REPAIRS_AND_MAINTENANCE,Jijo George 3321 rep Jijo George 3321 rep FASTER PAYMENT,,,0,F3321LON,PropertyExpense,,,0.99,prop_rent_F3321LON_73,strong,0,rule
2026-04-22,0893198fd58cdd495f0ab4ee4b604cc8716a26a6f1246a4f9d7944680e7c3367,APR2026_StarlingStatement_2026-04.csv_127,APR2026,starling,60-83-71 00558156,2026-04-22,-200.0,GBP,Village Green Deal Limited,12888 epc,Village Green Deal Limited 12888 epc,FASTER PAYMENT,55603.48,,REPAIRS_AND_MAINTENANCE,,REPAIRS_AND_MAINTENANCE,Village Green Deal Limited 12888 epc Village Green Deal Limited 12888 epc FASTER PAYMENT,,,0,,PropertyExpense,,,0.99,cat_propertyexpense_19,strong,1,rule
2026-04-23,8b487b5a2cd7737450c695fe5923d3d75d477c74ae48e912b9868e9db7c3c2dc,APR2026_BC_3072_APR2026.csv_51,APR2026,barclays,20-53-97 30728691,2026-04-23,803.25,GBP,,,Rsa Capital Limite    mortgages BGC,,,0,,Counter Credit,Counter Credit,Rsa Capital Limite    mortgages BGC,,,0,,Interbank,,,0.99,override_40,strong,0,rule
2026-04-23,4eec75d614c3068eeb89695c0ac3c6b8a536348a60b01f71e30c90acac26741e,APR2026_BC_4040_APR2026.csv_18,APR2026,barclays,20-74-09 40406538,2026-04-23,100.0,GBP,,,Rsa Capital Limite    trf BGC,,,0,,Counter Credit,Counter Credit,Rsa Capital Limite    trf BGC,,,0,,Interbank,,,0.99,override_40,strong,0,rule
2026-04-23,3a4ed91b2956dac712f68ca31522c47e8422cae92214797774e889d05b4df2e4,APR2026_BC_4040_APR2026.csv_19,APR2026,barclays,20-74-09 40406538,2026-04-23,-15.0,GBP,,,SOFIA VALENTINO-TU    LOVE MUMMY FT,,,0,,Funds Transfer,Funds Transfer,SOFIA VALENTINO-TU    LOVE MUMMY FT,,,0,,PersonalExpense,Sofia,,0.99,override_8,strong,0,rule
2026-04-23,5b424f606665d8f66579e424ef570a4595b276a055c7358be1089cfcec165403,APR2026_BC_4040_APR2026.csv_20,APR2026,barclays,20-74-09 40406538,2026-04-23,-20.0,GBP,,,ROCCO VALENTINO       OHARAMACY FT,,,0,,Funds Transfer,Funds Transfer,ROCCO VALENTINO       OHARAMACY FT,,,0,,PersonalExpense,Rocco,,0.99,override_6,strong,0,rule
2026-04-23,b1ffc8bc50f0c4c068003d2ce1d19028c41b812ba492cdd389efeaa6a6b44cba,APR2026_StarlingStatement_2026-04.csv_128,APR2026,starling,60-83-71 00558156,2026-04-23,84.99,GBP,F4163frattonrd,SEQUENCE  UK  LIMI,F4163frattonrd SEQUENCE  UK  LIMI,DIRECT CREDIT,55688.47,,REVENUE,,REVENUE,F4163frattonrd SEQUENCE  UK  LIMI F4163frattonrd SEQUENCE  UK  LIMI DIRECT CREDIT,,,0,F4163FRA,PropertyExpense,,,0.99,prop_rent_F4163FRA_84,strong,0,rule
2026-04-23,3353f15de9512990c37f153cc8bbdc4278614f36f04cfc7682f0f7cceacdadfe,APR2026_StarlingStatement_2026-04.csv_129,APR2026,starling,60-83-71 00558156,2026-04-23,694.6,GBP,CHARTERS ESTATE AGENTS LIMITED,Flat 10 1214 Alham,CHARTERS ESTATE AGENTS LIMITED Flat 10 1214 Alham,FASTER PAYMENT,56383.07,,REVENUE,,REVENUE,CHARTERS ESTATE AGENTS LIMITED Flat 10 1214 Alham CHARTERS ESTATE AGENTS LIMITED Flat 10 1214 Alham FASTER PAYMENT,,,0,F101214ALH,OurRent,,,0.99,prop_rent_F101214ALH_101,strong,0,rule
2026-04-23,866cb229da544e6308a8a84ccaf561354ed6219bd1f172398a9b77224f1c3a86,APR2026_StarlingStatement_2026-04.csv_130,APR2026,starling,60-83-71 00558156,2026-04-23,-244.27,GBP,Adrian Flux Insurance,ADRIAN FLUX/BIKESURE,Adrian Flux Insurance ADRIAN FLUX/BIKESURE,CARD PAYMENT,56138.8,,ADMIN,,ADMIN,Adrian Flux Insurance ADRIAN FLUX/BIKESURE Adrian Flux Insurance ADRIAN FLUX/BIKESURE CARD PAYMENT,,,0,,PropertyExpense,,,0.99,cat_propertyexpense_10,strong,1,rule
2026-04-23,75e1855d9ea684bccad1767f06d3ad91f3ca41672cd7ad5b77c96b5e41543de8,APR2026_StarlingStatement_2026-04.csv_131,APR2026,starling,60-83-71 00558156,2026-04-23,-1.99,GBP,Subway,SUBWAY59825,Subway SUBWAY59825,CONTACTLESS,56136.81,,FOOD_AND_DRINK,,FOOD_AND_DRINK,Subway SUBWAY59825 Subway SUBWAY59825 CONTACTLESS,,,0,,OtherExpense,,,0.65,cat_otherexpense_35,catch_all,1,rule
2026-04-23,375208e550aa363b7b56fe0b2d1ce3a9c5d72511cee9e426fc09b85f42705073,APR2026_StarlingStatement_2026-04.csv_132,APR2026,starling,60-83-71 00558156,2026-04-23,-13.39,GBP,Subway,SUBWAY59825,Subway SUBWAY59825,CONTACTLESS,56123.42,,FOOD_AND_DRINK,,FOOD_AND_DRINK,Subway SUBWAY59825 Subway SUBWAY59825 CONTACTLESS,,,0,,OtherExpense,,,0.65,cat_otherexpense_35,catch_all,1,rule
2026-04-23,b27638753dd35255cfb1b4ea6419cb5f02e5d4007850f03b48e5e914289b2746,APR2026_StarlingStatement_2026-04.csv_133,APR2026,starling,60-83-71 00558156,2026-04-23,750.0,GBP,Michael  Pedace,FLAT2 171FAWCETT,Michael  Pedace FLAT2 171FAWCETT,FASTER PAYMENT,56873.42,,REVENUE,,REVENUE,Michael  Pedace FLAT2 171FAWCETT Michael  Pedace FLAT2 171FAWCETT FASTER PAYMENT,,,0,F2171FAW,OurRent,,,0.99,prop_rent_F2171FAW_80,strong,0,rule
2026-04-23,94b26aae8c7a65700f732d233376a5797945f179bbdfb71b22d9cde8b5be975c,APR2026_StarlingStatement_2026-04.csv_134,APR2026,starling,60-83-71 00558156,2026-04-23,-100.0,GBP,Ivana  VALENTINO,trf,Ivana  VALENTINO trf,FASTER PAYMENT,56773.42,,REPAIRS_AND_MAINTENANCE,,REPAIRS_AND_MAINTENANCE,Ivana  VALENTINO trf Ivana  VALENTINO trf FASTER PAYMENT,,,0,,PersonalExpense,Ivana,,0.99,cat_propertyexpense_19,strong,0,rule
2026-04-23,98d3f996d3b590adef910f74f0d71c6dd7b140c23b4078d99663b884ef99bb54,APR2026_StarlingStatement_2026-04.csv_135,APR2026,starling,60-83-71 00558156,2026-04-23,-803.25,GBP,Ivana Valentino 3072,mortgages,Ivana Valentino 3072 mortgages,FASTER PAYMENT,55970.17,,INTEREST_PAYMENTS,,INTEREST_PAYMENTS,Ivana Valentino 3072 mortgages Ivana Valentino 3072 mortgages FASTER PAYMENT,,,0,,MortgageRefund,Ivana,,0.99,cat_mortgagerefund_15,strong,0,rule
2026-04-23,7e037888c7f89689bcd049e5307fe4737a64aed45255849ccb6d30d17b9c85ee,APR2026_StarlingStatement_2026-04.csv_136,APR2026,starling,60-83-71 00558156,2026-04-23,-13.2,GBP,BP,BEDFORD SF CONNECT,BP BEDFORD SF CONNECT,CONTACTLESS,55956.97,,VEHICLES,,VEHICLES,BP BEDFORD SF CONNECT BP BEDFORD SF CONNECT CONTACTLESS,,,0,,OtherExpense,,,0.65,cat_otherexpense_35,catch_all,1,rule
2026-04-23,c46406f383e272366a52c89e799ad0dc60b38e9b0639f61533c06063af78508c,APR2026_StarlingStatement_2026-04.csv_137,APR2026,starling,60-83-71 00558156,2026-04-23,-120.0,GBP,Salvatore Mulara,11618 rep,Salvatore Mulara 11618 rep,FASTER PAYMENT,55836.97,,REPAIRS_AND_MAINTENANCE,,REPAIRS_AND_MAINTENANCE,Salvatore Mulara 11618 rep Salvatore Mulara 11618 rep FASTER PAYMENT,,,0,,PropertyExpense,,,0.99,cat_propertyexpense_19,strong,1,rule
2026-04-24,8498ab99b3e3ecdc075cc145e9298dfa669261b7f599f1e3e600ddabe2da4e72,APR2026_BC_6045_APR2026.csv_26,APR2026,barclays,20-74-09 60458872,2026-04-24,-15.0,GBP,,,SSE SOUTHERN ELECT    6882766014 STO,,,0,,Standing Order,Standing Order,SSE SOUTHERN ELECT    6882766014 STO,,,0,169FAW,PropertyExpense,,,0.99,prop_rent_169FAW_117,strong,0,rule
2026-04-24,6766ba987c562bdf73e290447ab8d296657ae7279b7f7c496e5dd314d37ed738,APR2026_BC_6045_APR2026.csv_27,APR2026,barclays,20-74-09 60458872,2026-04-24,15.0,GBP,,,SSE SOUTHERN E        6882766014 REV0001Pa,,,0,,Credit,Credit,SSE SOUTHERN E        6882766014 REV0001Pa,,,0,169FAW,OtherIncome,,,0.99,prop_rent_169FAW_117,strong,0,rule
2026-04-24,47c0cd2e2d6bb58c9c3b0130fd62418b70d5a1bd7216ea9f8fe8e84504194c74,APR2026_BC_4040_APR2026.csv_21,APR2026,barclays,20-74-09 40406538,2026-04-24,27.77,GBP,,,DD REFUND BGC         DD REFUND BGC,,,0,,Counter Credit,Counter Credit,DD REFUND BGC         DD REFUND BGC,,,0,,OtherIncome,,,0.65,cat_otherincome_34,catch_all,1,rule
2026-04-24,9f48629dde880ddd912e1461ba7d6b8c2ccd1b139a0686747210e327acfbe272,APR2026_StarlingStatement_2026-04.csv_138,APR2026,starling,60-83-71 00558156,2026-04-24,-54.27,GBP,The Highlands Pharmacy,THE HIGHLANDS PHARMACY,The Highlands Pharmacy THE HIGHLANDS PHARMACY,CONTACTLESS,55782.7,,OTHER,,OTHER,The Highlands Pharmacy THE HIGHLANDS PHARMACY The Highlands Pharmacy THE HIGHLANDS PHARMACY CONTACTLESS,,,0,,PersonalExpense,Pharmacy/Opticians/Dental,,0.99,override_22,strong,0,rule
2026-04-24,b0bd89db29244afdd1d828692c3ebdde6927747d0f477713e0efaaac3aa7c365,APR2026_StarlingStatement_2026-04.csv_139,APR2026,starling,60-83-71 00558156,2026-04-24,-15.85,GBP,Tesco,TESCO STORES 2547,Tesco TESCO STORES 2547,CONTACTLESS,55766.85,,FOOD_AND_DRINK,,FOOD_AND_DRINK,Tesco TESCO STORES 2547 Tesco TESCO STORES 2547 CONTACTLESS,,,0,,PersonalExpense,Tesco,,0.99,override_9,strong,0,rule
2026-04-24,1df3fd1a59d8d6514413219630af7c30c136ec3676a6ea840051bf3d51b93cfd,APR2026_StarlingStatement_2026-04.csv_140,APR2026,starling,60-83-71 00558156,2026-04-24,-27.42,GBP,ALDI,ALDI STORES 776-97,ALDI ALDI STORES 776-97,CONTACTLESS,55739.43,,FOOD_AND_DRINK,,FOOD_AND_DRINK,ALDI ALDI STORES 776-97 ALDI ALDI STORES 776-97 CONTACTLESS,,,0,,PersonalExpense,ALDI,,0.99,override_20,strong,0,rule
2026-04-24,a6394b2ec2e1c6c3bf6af3e0d14160cddacb8bab934be448c6878368b7b5a316,APR2026_StarlingStatement_2026-04.csv_141,APR2026,starling,60-83-71 00558156,2026-04-24,-9.65,GBP,Co-op,CO OPERATIVE FOOD,Co-op CO OPERATIVE FOOD,CONTACTLESS,55729.78,,REPAIRS_AND_MAINTENANCE,,REPAIRS_AND_MAINTENANCE,Co-op CO OPERATIVE FOOD Co-op CO OPERATIVE FOOD CONTACTLESS,,,0,,PersonalExpense,COOP,,0.99,cat_propertyexpense_19,strong,0,rule
2026-04-24,718d40c8c7e824caebf08adaff60d34d735291f8257e11b9402e34f8aeadcd1e,APR2026_StarlingStatement_2026-04.csv_142,APR2026,starling,60-83-71 00558156,2026-04-24,-5.3,GBP,Flitwick Fisheries,Flitwick Fisheries,Flitwick Fisheries Flitwick Fisheries,CONTACTLESS,55724.48,,FOOD_AND_DRINK,,FOOD_AND_DRINK,Flitwick Fisheries Flitwick Fisheries Flitwick Fisheries Flitwick Fisheries CONTACTLESS,,,0,,OtherExpense,,,0.65,cat_otherexpense_35,catch_all,1,rule
2026-04-24,a83f5a24a94f29f9dab73883c628093df9c9478fa57390d1ee9111739cf99ce3,APR2026_StarlingStatement_2026-04.csv_143,APR2026,starling,60-83-71 00558156,2026-04-24,-25.0,GBP,Rosie Tolmie Biffa,1946 toilet cln,Rosie Tolmie Biffa 1946 toilet cln,FASTER PAYMENT,55699.48,,REPAIRS_AND_MAINTENANCE,,REPAIRS_AND_MAINTENANCE,Rosie Tolmie Biffa 1946 toilet cln Rosie Tolmie Biffa 1946 toilet cln FASTER PAYMENT,,,0,,PropertyExpense,,,0.99,cat_propertyexpense_19,strong,1,rule
2026-04-25,74c532644e444a02cdc0ad06ab7c6a6c6037e89500966f14f433049bf70cda8a,APR2026_StarlingStatement_2026-04.csv_144,APR2026,starling,60-83-71 00558156,2026-04-25,-12.7,GBP,Co-op,CO OPERATIVE FOOD,Co-op CO OPERATIVE FOOD,CONTACTLESS,55686.78,,REPAIRS_AND_MAINTENANCE,,REPAIRS_AND_MAINTENANCE,Co-op CO OPERATIVE FOOD Co-op CO OPERATIVE FOOD CONTACTLESS,,,0,,PersonalExpense,COOP,,0.99,cat_propertyexpense_19,strong,0,rule
2026-04-25,543c7fc2dabc3e2605d58faf81e1df2b3ee00ad085ebba5d012b9c8971a41af5,APR2026_StarlingStatement_2026-04.csv_145,APR2026,starling,60-83-71 00558156,2026-04-25,-6.75,GBP,Co-op,CO OPERATIVE FOOD,Co-op CO OPERATIVE FOOD,CONTACTLESS,55680.03,,REPAIRS_AND_MAINTENANCE,,REPAIRS_AND_MAINTENANCE,Co-op CO OPERATIVE FOOD Co-op CO OPERATIVE FOOD CONTACTLESS,,,0,,PersonalExpense,COOP,,0.99,cat_propertyexpense_19,strong,0,rule
2026-04-25,2538c22338f681a9aa9d0fe86623bbd05bcd432bcc1f39adc90fe7b8c3c36b8d,APR2026_StarlingStatement_2026-04.csv_146,APR2026,starling,60-83-71 00558156,2026-04-25,-36.15,GBP,Marks & Spencer,MARKS&SPENCER PLC,Marks & Spencer MARKS&SPENCER PLC,CONTACTLESS,55643.88,,FOOD_AND_DRINK,,FOOD_AND_DRINK,Marks & Spencer MARKS&SPENCER PLC Marks & Spencer MARKS&SPENCER PLC CONTACTLESS,,,0,,PersonalExpense,M&S,,0.99,override_2,strong,0,rule
2026-04-25,73abfa32a25ac11e82a0d72587a2fd4311ce8aaddfb7d284c3f9a4a92bd9e938,APR2026_StarlingStatement_2026-04.csv_147,APR2026,starling,60-83-71 00558156,2026-04-25,-9.9,GBP,Highlands Surgery,HIGHLANDS SURGERY,Highlands Surgery HIGHLANDS SURGERY,CONTACTLESS,55633.98,,PROFESSIONAL_SERVICES,,PROFESSIONAL_SERVICES,Highlands Surgery HIGHLANDS SURGERY Highlands Surgery HIGHLANDS SURGERY CONTACTLESS,,,0,,OtherExpense,,,0.65,cat_otherexpense_35,catch_all,1,rule
2026-04-25,808316bf42878d33f7a43f6bb831de947429c6193fdcd8877f59c056a4e96f01,APR2026_StarlingStatement_2026-04.csv_148,APR2026,starling,60-83-71 00558156,2026-04-25,-1.0,GBP,Tesco,NYX*Tesco,Tesco NYX*Tesco,CONTACTLESS,55632.98,,FOOD_AND_DRINK,,FOOD_AND_DRINK,Tesco NYX*Tesco Tesco NYX*Tesco CONTACTLESS,,,0,,PersonalExpense,Tesco,,0.99,override_9,strong,0,rule
2026-04-25,77f371426dbaff1ef27b1200f6921f80dc503c9d53e6dfa4cfd161099c93fb15,APR2026_StarlingStatement_2026-04.csv_149,APR2026,starling,60-83-71 00558156,2026-04-25,-1.0,GBP,Tesco,NYX*Tesco,Tesco NYX*Tesco,CONTACTLESS,55631.98,,FOOD_AND_DRINK,,FOOD_AND_DRINK,Tesco NYX*Tesco Tesco NYX*Tesco CONTACTLESS,,,0,,PersonalExpense,Tesco,,0.99,override_9,strong,0,rule
2026-04-25,7a4960e508c9109af496420769cc05464772908cbaef5ef45f80ad844b6a47e5,APR2026_StarlingStatement_2026-04.csv_150,APR2026,starling,60-83-71 00558156,2026-04-25,-1.0,GBP,Tesco,NYX*Tesco,Tesco NYX*Tesco,CONTACTLESS,55630.98,,FOOD_AND_DRINK,,FOOD_AND_DRINK,Tesco NYX*Tesco Tesco NYX*Tesco CONTACTLESS,,,0,,PersonalExpense,Tesco,,0.99,override_9,strong,0,rule
2026-04-25,15a9d831c3cbd25a03dda970e8d7a6ba61c85cf42614c9109ac96dd14e35fa8e,APR2026_StarlingStatement_2026-04.csv_151,APR2026,starling,60-83-71 00558156,2026-04-25,-1.0,GBP,Tesco,NYX*Tesco,Tesco NYX*Tesco,CONTACTLESS,55629.98,,FOOD_AND_DRINK,,FOOD_AND_DRINK,Tesco NYX*Tesco Tesco NYX*Tesco CONTACTLESS,,,0,,PersonalExpense,Tesco,,0.99,override_9,strong,0,rule
2026-04-25,59199ba684d55d668ef9bd8ba3ba05e874acccae521aee0cfe39c8c053694ff7,APR2026_StarlingStatement_2026-04.csv_152,APR2026,starling,60-83-71 00558156,2026-04-25,-16.66,GBP,Peter Taperek,3321 repairs,Peter Taperek 3321 repairs,FASTER PAYMENT,55613.32,,REPAIRS_AND_MAINTENANCE,,REPAIRS_AND_MAINTENANCE,Peter Taperek 3321 repairs Peter Taperek 3321 repairs FASTER PAYMENT,,,0,F3321LON,PropertyExpense,,,0.99,prop_rent_F3321LON_73,strong,0,rule
2026-04-25,312c916be6088602ae3b23cc253138b64ce57aa4b13c4f374fc66d47a791dd18,APR2026_StarlingStatement_2026-04.csv_153,APR2026,starling,60-83-71 00558156,2026-04-25,-15.2,GBP,Peter Taperek,3321 repairs,Peter Taperek 3321 repairs,FASTER PAYMENT,55598.12,,REPAIRS_AND_MAINTENANCE,,REPAIRS_AND_MAINTENANCE,Peter Taperek 3321 repairs Peter Taperek 3321 repairs FASTER PAYMENT,,,0,F3321LON,PropertyExpense,,,0.99,prop_rent_F3321LON_73,strong,0,rule
2026-04-25,8fa10970cc335f4f866789d5538025b23a40a0575a69f2d78e1106272d06d8a4,APR2026_StarlingStatement_2026-04.csv_154,APR2026,starling,60-83-71 00558156,2026-04-25,-22.5,GBP,Peter Taperek,1946 silicone,Peter Taperek 1946 silicone,FASTER PAYMENT,55575.62,,REPAIRS_AND_MAINTENANCE,,REPAIRS_AND_MAINTENANCE,Peter Taperek 1946 silicone Peter Taperek 1946 silicone FASTER PAYMENT,,,0,,PropertyExpense,,,0.99,cat_propertyexpense_19,strong,1,rule
2026-04-25,da5fb17f1eae186f68cfa3424c9ea4e95481e07ba8053b80e2d9d81d4316003b,APR2026_StarlingStatement_2026-04.csv_155,APR2026,starling,60-83-71 00558156,2026-04-25,-9.99,GBP,Peter Taperek,11618 tape,Peter Taperek 11618 tape,FASTER PAYMENT,55565.63,,REPAIRS_AND_MAINTENANCE,,REPAIRS_AND_MAINTENANCE,Peter Taperek 11618 tape Peter Taperek 11618 tape FASTER PAYMENT,,,0,,PropertyExpense,,,0.99,cat_propertyexpense_19,strong,1,rule
2026-04-25,3c9a5c22385318dea21b76634d50721c33a879112273bf814be121116c0b6802,APR2026_StarlingStatement_2026-04.csv_156,APR2026,starling,60-83-71 00558156,2026-04-25,825.0,GBP,F Kubra,41214,F Kubra 41214,FASTER PAYMENT,56390.63,,REVENUE,,REVENUE,F Kubra 41214 F Kubra 41214 FASTER PAYMENT,,,0,F41214ALH,OurRent,,,0.99,prop_rent_F41214ALH_66,strong,0,rule
2026-04-26,45440c3e2b1a60d8dd83475eb6952753e3458b1db1857740d78206d87c4562ed,APR2026_StarlingStatement_2026-04.csv_157,APR2026,starling,60-83-71 00558156,2026-04-26,-249.86,GBP,Tesco,TESCO STORES 2105,Tesco TESCO STORES 2105,CHIP & PIN,56140.77,,FOOD_AND_DRINK,,FOOD_AND_DRINK,Tesco TESCO STORES 2105 Tesco TESCO STORES 2105 CHIP & PIN,,,0,,PersonalExpense,Tesco,,0.99,override_9,strong,0,rule
2026-04-26,8f69dd1878b9b86077706f18db7bf31db15b98cde22b0cde3c29378dd237a6f5,APR2026_StarlingStatement_2026-04.csv_158,APR2026,starling,60-83-71 00558156,2026-04-26,-49.0,GBP,Tesco Petrol,TESCO PAY AT PUMP 3943,Tesco Petrol TESCO PAY AT PUMP 3943,CHIP & PIN,56091.77,,VEHICLES,,VEHICLES,Tesco Petrol TESCO PAY AT PUMP 3943 Tesco Petrol TESCO PAY AT PUMP 3943 CHIP & PIN,,,0,,PersonalExpense,Garage,,0.99,override_9,strong,0,rule
2026-04-26,396fc2b38c7dc48eb8e733f6a01a20d29d2bb8da587e8d2245e8cd14e193060a,APR2026_StarlingStatement_2026-04.csv_159,APR2026,starling,60-83-71 00558156,2026-04-26,-1.8,GBP,Harpur Centre Bedford,Harpur Centre Bedford,Harpur Centre Bedford Harpur Centre Bedford,CONTACTLESS,56089.97,,TRAVEL,,TRAVEL,Harpur Centre Bedford Harpur Centre Bedford Harpur Centre Bedford Harpur Centre Bedford CONTACTLESS,,,0,,OtherExpense,,,0.65,cat_otherexpense_35,catch_all,1,rule
2026-04-26,d7be4cacdf97287baca974361b69c589f75a30e86cf2a134601077650947d543,APR2026_StarlingStatement_2026-04.csv_160,APR2026,starling,60-83-71 00558156,2026-04-26,-8.4,GBP,Co-op,CO OPERATIVE FOOD,Co-op CO OPERATIVE FOOD,CONTACTLESS,56081.57,,REPAIRS_AND_MAINTENANCE,,REPAIRS_AND_MAINTENANCE,Co-op CO OPERATIVE FOOD Co-op CO OPERATIVE FOOD CONTACTLESS,,,0,,PersonalExpense,COOP,,0.99,cat_propertyexpense_19,strong,0,rule
2026-04-26,de7156cec0fdad1e25660dbb5fea3629c67fac475238a80e200a45b4b61bad44,APR2026_StarlingStatement_2026-04.csv_161,APR2026,starling,60-83-71 00558156,2026-04-26,-110.0,GBP,Toby Stokes,11618 carpet,Toby Stokes 11618 carpet,FASTER PAYMENT,55971.57,,REPAIRS_AND_MAINTENANCE,,REPAIRS_AND_MAINTENANCE,Toby Stokes 11618 carpet Toby Stokes 11618 carpet FASTER PAYMENT,,,0,,PropertyExpense,,,0.99,cat_propertyexpense_19,strong,1,rule
2026-04-27,af15fbc87b2a83cc9c2d6f63e85511d672a16a53d5c3b86b7271d13bd26439d2,APR2026_BC_6045_APR2026.csv_28,APR2026,barclays,20-74-09 60458872,2026-04-27,596.38,GBP,,,PIN INS RE ARGOS      ANQ7452137TUCKER BGC,,,0,,Counter Credit,Counter Credit,PIN INS RE ARGOS      ANQ7452137TUCKER BGC,,,0,,OtherIncome,,,0.65,cat_otherincome_34,catch_all,1,rule
2026-04-27,14572a2e64b7532f1fcb05da4f6156a6824d79acd897b2e6e2b432eace35d5d1,APR2026_BC_6045_APR2026.csv_29,APR2026,barclays,20-74-09 60458872,2026-04-27,-95.0,GBP,,,WWW.AMAZON.* NN8XW    ON 26 APR BCC,,,0,,Card Purchase,Card Purchase,WWW.AMAZON.* NN8XW    ON 26 APR BCC,,,0,,PersonalExpense,Amazon,,0.99,cat_personalexpense_30,strong,0,rule
2026-04-27,89668388521b6e83b671e605dcc3319dde33612f9d0339ae9c2ffc2853ca1db5,APR2026_BC_3072_APR2026.csv_52,APR2026,barclays,20-53-97 30728691,2026-04-27,-30.18,GBP,,,H3G                   980404269602200100 DD,,,948449,,Direct Debit,Direct Debit,H3G                   980404269602200100 DD,,,0,,RegularPayment,,,0.99,cat_regularpayment_27,strong,0,rule
2026-04-27,5e1db0db1f7548ab0feba1cae4bd0c62416fd6da1a3c21a70255e9e9b0519c24,APR2026_StarlingStatement_2026-04.csv_162,APR2026,starling,60-83-71 00558156,2026-04-27,695.0,GBP,Tap,000000003738374816,Tap 000000003738374816,DIRECT CREDIT,56666.57,,REVENUE,,REVENUE,Tap 000000003738374816 Tap 000000003738374816 DIRECT CREDIT,,,0,,OtherIncome,,,0.65,cat_otherincome_34,catch_all,1,rule
2026-04-27,7afaf11e9d7397756a0f94d7aeb63d66e654339f2eb9e5252832963138a8b60d,APR2026_StarlingStatement_2026-04.csv_163,APR2026,starling,60-83-71 00558156,2026-04-27,900.0,GBP,D McGowan,1846,D McGowan 1846,FASTER PAYMENT,57566.57,,REVENUE,,REVENUE,D McGowan 1846 D McGowan 1846 FASTER PAYMENT,,,0,F1846ALH,OurRent,,,0.99,prop_rent_F1846ALH_91,strong,0,rule
2026-04-27,ebfdcd9b3aa37c6d0345660a2b49f5b8e1c6d341fa8b14abfe0a5df45c15a540,APR2026_StarlingStatement_2026-04.csv_164,APR2026,starling,60-83-71 00558156,2026-04-27,-8.99,GBP,Amazon Prime,Amazon Prime*NN9U20FH4,Amazon Prime Amazon Prime*NN9U20FH4,CARD SUBSCRIPTION,57557.58,,ADMIN,,ADMIN,Amazon Prime Amazon Prime*NN9U20FH4 Amazon Prime Amazon Prime*NN9U20FH4 CARD SUBSCRIPTION,,,0,,PropertyExpense,,,0.99,cat_propertyexpense_10,strong,1,rule
2026-04-27,d5e73f166aa670bcd48162d17e8a3e6ba352d3afd2ac4d5499045923c8a1f97f,APR2026_StarlingStatement_2026-04.csv_165,APR2026,starling,60-83-71 00558156,2026-04-27,-120.0,GBP,Contract Cleaners South,1653 1171 fawc,Contract Cleaners South 1653 1171 fawc,FASTER PAYMENT,57437.58,,REPAIRS_AND_MAINTENANCE,,REPAIRS_AND_MAINTENANCE,Contract Cleaners South 1653 1171 fawc Contract Cleaners South 1653 1171 fawc FASTER PAYMENT,,,0,F1171FAW,PropertyExpense,,,0.99,prop_rent_F1171FAW_79,strong,0,rule
2026-04-27,a40240b77aadfe52d0c0e29d50b33d6e4fb84809df726fc0b4c8abd120ef7d67,APR2026_StarlingStatement_2026-04.csv_166,APR2026,starling,60-83-71 00558156,2026-04-27,-65.65,GBP,Marks & Spencer,MARKS&SPENCER PLC,Marks & Spencer MARKS&SPENCER PLC,CONTACTLESS,57371.93,,FOOD_AND_DRINK,,FOOD_AND_DRINK,Marks & Spencer MARKS&SPENCER PLC Marks & Spencer MARKS&SPENCER PLC CONTACTLESS,,,0,,PersonalExpense,M&S,,0.99,override_2,strong,0,rule
2026-04-27,a04150c68023980a87bb22cfc0d47b1f813d10dc11619754dd98ec0358dcb47c,APR2026_StarlingStatement_2026-04.csv_167,APR2026,starling,60-83-71 00558156,2026-04-27,825.0,GBP,William Sait,FLAT 3 169FAECETT,William Sait FLAT 3 169FAECETT,FASTER PAYMENT,58196.93,,REVENUE,,REVENUE,William Sait FLAT 3 169FAECETT William Sait FLAT 3 169FAECETT FASTER PAYMENT,,,0,F3169FAW,OurRent,,,0.99,prop_rent_F3169FAW_78,strong,0,rule
2026-04-28,84ff3d73b34b73a088acb35132bfeb024121b88e98b7f490993c962801740e09,APR2026_BC_6045_APR2026.csv_30,APR2026,barclays,20-74-09 60458872,2026-04-28,-18.99,GBP,,,Amazon.co.uk*NN218    ON 28 APR BCC,,,0,,Card Purchase,Card Purchase,Amazon.co.uk*NN218    ON 28 APR BCC,,,0,,PersonalExpense,Amazon,,0.99,cat_personalexpense_30,strong,0,rule
2026-04-28,26e98860f5a6077d37c52426eba12d45e49e0e663e75dfa9a84120415e39d76f,APR2026_BC_3072_APR2026.csv_53,APR2026,barclays,20-53-97 30728691,2026-04-28,-62.0,GBP,,,BOOTS OPTICIANS       A45028400000736FIRST,,,0,,Direct Debit,Direct Debit,BOOTS OPTICIANS       A45028400000736FIRST,,,0,,PersonalExpense,Pharmacy/Opticians/Dental,,0.99,cat_regularpayment_27,strong,0,rule
2026-04-28,9937b7a76aca9130ee6e5d09e8b17ffab948075ab8513e61c6afa9c48def43e8,APR2026_BC_3072_APR2026.csv_54,APR2026,barclays,20-53-97 30728691,2026-04-28,-482.31,GBP,,,TOGETHER COMMERCIA    10279063 DDR,,,687470,,Direct Debit,Direct Debit,TOGETHER COMMERCIA    10279063 DDR,,,0,,RegularPayment,SFLoan,,0.99,cat_regularpayment_27,strong,0,rule
2026-04-28,91d7e588bd25f07fbb25f4a8a2580b575fcb295a832213d295af39ec73d99ef4,APR2026_StarlingStatement_2026-04.csv_168,APR2026,starling,60-83-71 00558156,2026-04-28,850.0,GBP,Matthew  Watts,196A KINGSTON ROAD,Matthew  Watts 196A KINGSTON ROAD,FASTER PAYMENT,59046.93,,REVENUE,,REVENUE,Matthew  Watts 196A KINGSTON ROAD Matthew  Watts 196A KINGSTON ROAD FASTER PAYMENT,,,0,196AKIN,OurRent,,,0.99,prop_rent_196AKIN_86,strong,0,rule
2026-04-28,e6ac200fb5a3f9349a70f136f467f5507be8b9f7ff22cfe438cf423410a6964b,APR2026_StarlingStatement_2026-04.csv_169,APR2026,starling,60-83-71 00558156,2026-04-28,-330.0,GBP,Specsavers,SPECSAVERS,Specsavers SPECSAVERS,CARD PAYMENT,58716.93,,PROFESSIONAL_SERVICES,,PROFESSIONAL_SERVICES,Specsavers SPECSAVERS Specsavers SPECSAVERS CARD PAYMENT,,,0,,PersonalExpense,Pharmacy/Opticians/Dental,,0.99,override_31,strong,0,rule
2026-04-28,4e1934d367221d8cf7a9193869dc3d1df1f22dbae6bf058db16774722a325858,APR2026_StarlingStatement_2026-04.csv_170,APR2026,starling,60-83-71 00558156,2026-04-28,-41.95,GBP,Lidl Gb Bedford St Joh,LIDL GB BEDFORD ST JOH,Lidl Gb Bedford St Joh LIDL GB BEDFORD ST JOH,CONTACTLESS,58674.98,,FOOD_AND_DRINK,,FOOD_AND_DRINK,Lidl Gb Bedford St Joh LIDL GB BEDFORD ST JOH Lidl Gb Bedford St Joh LIDL GB BEDFORD ST JOH CONTACTLESS,,,0,,PersonalExpense,LIDL,,0.99,override_11,strong,0,rule
2026-04-28,7b9d613ee8e150f0349c8527276c52a2acfd9b70051912a6ce2353a87226297e,APR2026_StarlingStatement_2026-04.csv_171,APR2026,starling,60-83-71 00558156,2026-04-28,-0.95,GBP,Budgens,BUDGENS,Budgens BUDGENS,CONTACTLESS,58674.03,,FOOD_AND_DRINK,,FOOD_AND_DRINK,Budgens BUDGENS Budgens BUDGENS CONTACTLESS,,,0,,PersonalExpense,Budgens,,0.99,override_35,strong,0,rule
2026-04-28,1071505412464825c9d306c536ecb65a98460cc1028f2155b8432330038bc805,APR2026_StarlingStatement_2026-04.csv_172,APR2026,starling,60-83-71 00558156,2026-04-28,-5.95,GBP,Co-op,CO OPERATIVE FOOD,Co-op CO OPERATIVE FOOD,CONTACTLESS,58668.08,,REPAIRS_AND_MAINTENANCE,,REPAIRS_AND_MAINTENANCE,Co-op CO OPERATIVE FOOD Co-op CO OPERATIVE FOOD CONTACTLESS,,,0,,PersonalExpense,COOP,,0.99,cat_propertyexpense_19,strong,0,rule
2026-04-28,ed3f9120037bce71566a0e0023b17108a776a9b095ef94e7744d088c33272417,APR2026_StarlingStatement_2026-04.csv_173,APR2026,starling,60-83-71 00558156,2026-04-28,-2.9,GBP,Co-op,CO OPERATIVE FOOD,Co-op CO OPERATIVE FOOD,CONTACTLESS,58665.18,,REPAIRS_AND_MAINTENANCE,,REPAIRS_AND_MAINTENANCE,Co-op CO OPERATIVE FOOD Co-op CO OPERATIVE FOOD CONTACTLESS,,,0,,PersonalExpense,COOP,,0.99,cat_propertyexpense_19,strong,0,rule
2026-04-28,fb6aca1ebfebff5894d60724fddca6053ae7c45d31cd4714f8722d93faa5f2c4,APR2026_StarlingStatement_2026-04.csv_174,APR2026,starling,60-83-71 00558156,2026-04-28,875.0,GBP,Dono Kuriakose,11 16-18- rent,Dono Kuriakose 11 16-18- rent,FASTER PAYMENT,59540.18,,REVENUE,,REVENUE,Dono Kuriakose 11 16-18- rent Dono Kuriakose 11 16-18- rent FASTER PAYMENT,,,0,F111618ALH,OurRent,,,0.99,prop_rent_F111618ALH_109,strong,0,rule
2026-04-28,a8c1b61666c343dcf16196174562ed7f4ba88a97ecfb3b773d9f287526c8a9e3,APR2026_StarlingStatement_2026-04.csv_175,APR2026,starling,60-83-71 00558156,2026-04-28,-12.0,GBP,Peter Taperek,keys flat 121618,Peter Taperek keys flat 121618,FASTER PAYMENT,59528.18,,REPAIRS_AND_MAINTENANCE,,REPAIRS_AND_MAINTENANCE,Peter Taperek keys flat 121618 Peter Taperek keys flat 121618 FASTER PAYMENT,,,0,,PropertyExpense,,,0.99,cat_propertyexpense_19,strong,1,rule
2026-04-29,3ca3669677f44e40341f1a4f1628b7fa85c96fbc749884fa907721323a27a507,APR2026_BC_3072_APR2026.csv_55,APR2026,barclays,20-53-97 30728691,2026-04-29,-304.08,GBP,,,BHAM MIDSHIRES        6092036837070000 DDR,,,184800,,Direct Debit,Direct Debit,BHAM MIDSHIRES        6092036837070000 DDR,,,0,F4163FRA,Mortgage,,,0.99,prop_mort_F4163FRA_20,strong,0,rule
2026-04-29,1500f15ee5761619bc5f26cec99195cb4b8826d4523252f3235c0e4ecf6c415a,APR2026_BC_3072_APR2026.csv_56,APR2026,barclays,20-53-97 30728691,2026-04-29,-431.51,GBP,,,ROSINCA               ON 28 APR BCC,,,0,,Card Purchase,Card Purchase,ROSINCA               ON 28 APR BCC,,,0,,PersonalExpense,Other,,0.99,cat_personalexpense_30,strong,0,rule
2026-04-29,4b21aaa3ef9cf5dc083803362a9d6fb81daa692e4415871d03ab0ae2b8c0af3b,APR2026_BC_3072_APR2026.csv_57,APR2026,barclays,20-53-97 30728691,2026-04-29,-508.92,GBP,,,ROSINCA               ON 28 APR BCC,,,0,,Card Purchase,Card Purchase,ROSINCA               ON 28 APR BCC,,,0,,PersonalExpense,Other,,0.99,cat_personalexpense_30,strong,0,rule
2026-04-29,25c739a10f1974b64f4e8c0c03734d0effdec0cddf68730d4aea3ef52201158a,APR2026_BC_3072_APR2026.csv_58,APR2026,barclays,20-53-97 30728691,2026-04-29,-513.07,GBP,,,ROSINCA               ON 28 APR BCC,,,0,,Card Purchase,Card Purchase,ROSINCA               ON 28 APR BCC,,,0,,PersonalExpense,Other,,0.99,cat_personalexpense_30,strong,0,rule
2026-04-29,8cc547700b84257f8a28dd0839010236bd68d34df517251ab2ebac037b67ede8,APR2026_BC_4040_APR2026.csv_22,APR2026,barclays,20-74-09 40406538,2026-04-29,-5.35,GBP,,,BUDGENS               ON 28 APR CLP,,,0,,Contactless Card Purchase,Contactless Card Purchase,BUDGENS               ON 28 APR CLP,,,0,,PersonalExpense,Budgens,,0.99,cat_personalexpense_30,strong,0,rule
2026-04-29,56b77b5661b95ddf26f4fe335f43358190c0a7f09e77e97a5ef2f7a543e5359c,APR2026_BC_4040_APR2026.csv_23,APR2026,barclays,20-74-09 40406538,2026-04-29,-13.78,GBP,,,SUBWAY59825           ON 28 APR CLP,,,0,,Contactless Card Purchase,Contactless Card Purchase,SUBWAY59825           ON 28 APR CLP,,,0,,PersonalExpense,Coffee,,0.99,cat_personalexpense_30,strong,0,rule
2026-04-29,751e13c3adbb6eecf5e0e96f0f542e866ab769990e1c969b78eac13171e3c49e,APR2026_StarlingStatement_2026-04.csv_176,APR2026,starling,60-83-71 00558156,2026-04-29,-1.99,GBP,Microsoft,Microsoft*Microsoft 36,Microsoft Microsoft*Microsoft 36,CARD SUBSCRIPTION,59526.19,,PHONE_AND_INTERNET,,PHONE_AND_INTERNET,Microsoft Microsoft*Microsoft 36 Microsoft Microsoft*Microsoft 36 CARD SUBSCRIPTION,,,0,,OtherExpense,,,0.65,cat_otherexpense_35,catch_all,1,rule
2026-04-29,a7fa7b38afed18ec2dfda4f76cfe62e4f280f9e3c73a736eaca8d8d6ebda561b,APR2026_StarlingStatement_2026-04.csv_177,APR2026,starling,60-83-71 00558156,2026-04-29,-752.98,GBP,Central Energy South Limited,724 161618 EICR,Central Energy South Limited 724 161618 EICR,FASTER PAYMENT,58773.21,,REPAIRS_AND_MAINTENANCE,,REPAIRS_AND_MAINTENANCE,Central Energy South Limited 724 161618 EICR Central Energy South Limited 724 161618 EICR FASTER PAYMENT,,,0,,PropertyExpense,,,0.99,cat_propertyexpense_19,strong,1,rule
2026-04-29,e5a0972b3992e3de1668c1611703ef84fb24eb0ded8f69796435b70c6a0159ae,APR2026_StarlingStatement_2026-04.csv_178,APR2026,starling,60-83-71 00558156,2026-04-29,-725.0,GBP,Central Energy South Limited,744 101214,Central Energy South Limited 744 101214 new consumer unit EICR,FASTER PAYMENT,58048.21,,REPAIRS_AND_MAINTENANCE,,REPAIRS_AND_MAINTENANCE,Central Energy South Limited 744 101214 Central Energy South Limited 744 101214 new consumer unit EICR FASTER PAYMENT,,,0,F101214ALH,PropertyExpense,,,0.99,prop_rent_F101214ALH_101,strong,0,rule
2026-04-29,c0a5041022da247fa529427da8745a5193f85c83e3b7ad9977040e644636f69b,APR2026_StarlingStatement_2026-04.csv_179,APR2026,starling,60-83-71 00558156,2026-04-29,-785.0,GBP,Central Energy South Limited,745 78 EICR,Central Energy South Limited 745 78 EICR,FASTER PAYMENT,57263.21,,REPAIRS_AND_MAINTENANCE,,REPAIRS_AND_MAINTENANCE,Central Energy South Limited 745 78 EICR Central Energy South Limited 745 78 EICR FASTER PAYMENT,,,0,,PropertyExpense,,,0.99,cat_propertyexpense_19,strong,1,rule
2026-04-29,ace853d18848cb45471146e9b40a0d2a61811516872f6dd9275198ed51e08896,APR2026_StarlingStatement_2026-04.csv_180,APR2026,starling,60-83-71 00558156,2026-04-29,-22.69,GBP,ALDI,ALDI STORES 776-97,ALDI ALDI STORES 776-97,CONTACTLESS,57240.52,,FOOD_AND_DRINK,,FOOD_AND_DRINK,ALDI ALDI STORES 776-97 ALDI ALDI STORES 776-97 CONTACTLESS,,,0,,PersonalExpense,ALDI,,0.99,override_20,strong,0,rule
2026-04-29,96549d9520d997e2b2b28e431e829f7907ad3c90a3ec00677a5341a9c145e6d8,APR2026_StarlingStatement_2026-04.csv_181,APR2026,starling,60-83-71 00558156,2026-04-29,-5.61,GBP,Budgens,BUDGENS,Budgens BUDGENS,CONTACTLESS,57234.91,,FOOD_AND_DRINK,,FOOD_AND_DRINK,Budgens BUDGENS Budgens BUDGENS CONTACTLESS,,,0,,PersonalExpense,Budgens,,0.99,override_35,strong,0,rule
2026-04-29,c8222c41b38c5e87098b190a0a76516904135c46cc54b2aa517e6e27a1c8e43c,APR2026_StarlingStatement_2026-04.csv_182,APR2026,starling,60-83-71 00558156,2026-04-29,-14.25,GBP,Amazon,AMAZON UK* NN2YT55F4,Amazon AMAZON UK* NN2YT55F4,ONLINE PAYMENT,57220.66,,REPAIRS_AND_MAINTENANCE,,REPAIRS_AND_MAINTENANCE,Amazon AMAZON UK* NN2YT55F4 Amazon AMAZON UK* NN2YT55F4 ONLINE PAYMENT,,,0,,PropertyExpense,,,0.99,cat_propertyexpense_19,strong,1,rule
2026-04-29,6264c74ccf3eec118a8bfe0edb43260137a16e92093dcfd85f1ac0ee25d7a8e0,APR2026_StarlingStatement_2026-04.csv_183,APR2026,starling,60-83-71 00558156,2026-04-29,905.0,GBP,Kye Elliott-Street,Rsa Capital Limite,Kye Elliott-Street Rsa Capital Limite,FASTER PAYMENT,58125.66,,REVENUE,,REVENUE,Kye Elliott-Street Rsa Capital Limite Kye Elliott-Street Rsa Capital Limite FASTER PAYMENT,,,0,F68ALH,Interbank,,,0.99,prop_rent_F68ALH_98,strong,0,rule
2026-04-30,0151a2a0d2cd765b162e74c65eee7aeff33a25990c397bfb0531b9e70b8444ff,APR2026_BC_3072_APR2026.csv_59,APR2026,barclays,20-53-97 30728691,2026-04-30,-425.9,GBP,,,PARAGON BANK PLC      002186317 10132690 DD,,,295404,,Direct Debit,Direct Debit,PARAGON BANK PLC      002186317 10132690 DD,,,0,F58ALH,Mortgage,,,0.99,prop_mort_F58ALH_29,strong,0,rule
2026-04-30,f15baa50f38af45e307e4ff9e7c248bfa6a3bd03d72e062ae179c067c9d8f994,APR2026_BC_3072_APR2026.csv_60,APR2026,barclays,20-53-97 30728691,2026-04-30,-425.9,GBP,,,PARAGON BANK PLC      002186356 10132690 DD,,,295404,,Direct Debit,Direct Debit,PARAGON BANK PLC      002186356 10132690 DD,,,0,F1846ALH,Mortgage,,,0.99,prop_mort_F1846ALH_35,strong,0,rule
2026-04-30,22beeb784183155c5b29ee9fdfb3bec1e4e8cd9322c743395c1340daa7dceb8b,APR2026_BC_3072_APR2026.csv_61,APR2026,barclays,20-53-97 30728691,2026-04-30,-425.9,GBP,,,PARAGON BANK PLC      002186357 10132690 DD,,,295404,,Direct Debit,Direct Debit,PARAGON BANK PLC      002186357 10132690 DD,,,0,F1746ALH,Mortgage,,,0.99,prop_mort_F1746ALH_34,strong,0,rule
2026-04-30,10aa7d659a2312e58cb4063a99bdef4e35adc6bb7dae79604d97564b061d39cc,APR2026_BC_3072_APR2026.csv_62,APR2026,barclays,20-53-97 30728691,2026-04-30,-437.03,GBP,,,MORTGAGE TRUST        002197389 10132690 DD,,,624461,,Direct Debit,Direct Debit,MORTGAGE TRUST        002197389 10132690 DD,,,0,F71214ALH,Mortgage,,,0.99,prop_mort_F71214ALH_45,strong,0,rule
2026-04-30,0123b2e7f0c8b1887b3c0a82cdb20aaa83ff27099072aeecf5dd828a81015d06,APR2026_StarlingStatement_2026-04.csv_184,APR2026,starling,60-83-71 00558156,2026-04-30,800.0,GBP,ALDINGTON H,FLAT 4 321LONDONRD,ALDINGTON H FLAT 4 321LONDONRD,FASTER PAYMENT,58925.66,,REVENUE,,REVENUE,ALDINGTON H FLAT 4 321LONDONRD ALDINGTON H FLAT 4 321LONDONRD FASTER PAYMENT,,,0,F4321LON,OurRent,,,0.99,prop_rent_F4321LON_74,strong,0,rule
2026-04-30,0e61752d36b5f823729394ed2b97ac9ca03a83a54c36542e02e2ce0a8dcbd00f,APR2026_StarlingStatement_2026-04.csv_185,APR2026,starling,60-83-71 00558156,2026-04-30,-50.66,GBP,New County Service Sta,NEW COUNTY SERVICE STA,New County Service Sta NEW COUNTY SERVICE STA,CONTACTLESS,58875.0,,VEHICLES,,VEHICLES,New County Service Sta NEW COUNTY SERVICE STA New County Service Sta NEW COUNTY SERVICE STA CONTACTLESS,,,0,,PersonalExpense,Garage,,0.99,override_5,strong,0,rule
2026-04-30,23a02e0cfd0330df2c30a8b2b9ac00b2af11b2dfb7c30d454e21dccdaac98915,APR2026_StarlingStatement_2026-04.csv_186,APR2026,starling,60-83-71 00558156,2026-04-30,-13.54,GBP,ALDI,ALDI STORES 776-97,ALDI ALDI STORES 776-97,CONTACTLESS,58861.46,,FOOD_AND_DRINK,,FOOD_AND_DRINK,ALDI ALDI STORES 776-97 ALDI ALDI STORES 776-97 CONTACTLESS,,,0,,PersonalExpense,ALDI,,0.99,override_20,strong,0,rule
2026-04-30,5906ead6a19280bce97f5a6a9498331a2a7f913a2bf1b17c5b4ba9788a713b87,APR2026_StarlingStatement_2026-04.csv_187,APR2026,starling,60-83-71 00558156,2026-04-30,-0.4,GBP,ALDI,ALDI STORES 776-97,ALDI ALDI STORES 776-97,CONTACTLESS,58861.06,,FOOD_AND_DRINK,,FOOD_AND_DRINK,ALDI ALDI STORES 776-97 ALDI ALDI STORES 776-97 CONTACTLESS,,,0,,PersonalExpense,ALDI,,0.99,override_20,strong,0,rule
2026-04-30,5a677b0ac8f288d25945fef89cc7b7194ef6fc12fed884343d810617f28987b8,APR2026_StarlingStatement_2026-04.csv_188,APR2026,starling,60-83-71 00558156,2026-04-30,-11.25,GBP,Co-op,CO OPERATIVE FOOD,Co-op CO OPERATIVE FOOD,CONTACTLESS,58849.81,,REPAIRS_AND_MAINTENANCE,,REPAIRS_AND_MAINTENANCE,Co-op CO OPERATIVE FOOD Co-op CO OPERATIVE FOOD CONTACTLESS,,,0,,PersonalExpense,COOP,,0.99,cat_propertyexpense_19,strong,0,rule
2026-04-30,63ac74338518bb591eeb213091465e203f539c623b7c955761dbfad2442dc438,APR2026_StarlingStatement_2026-04.csv_189,APR2026,starling,60-83-71 00558156,2026-04-30,-18.0,GBP,Sports Direct,SPORTSDIRECT 233,Sports Direct SPORTSDIRECT 233,CONTACTLESS,58831.81,,EQUIPMENT,,EQUIPMENT,Sports Direct SPORTSDIRECT 233 Sports Direct SPORTSDIRECT 233 CONTACTLESS,,,0,,PersonalExpense,Clothing,,0.99,override_14,strong,0,rule
2026-04-30,49a2f5758f56b55926545017cd0a85d47e93f7e0ef9b4ad890a6385b2694bc00,APR2026_StarlingStatement_2026-04.csv_190,APR2026,starling,60-83-71 00558156,2026-04-30,-18.9,GBP,Marks & Spencer,MARKS&SPENCER PLC SACA,Marks & Spencer MARKS&SPENCER PLC SACA,CONTACTLESS,58812.91,,FOOD_AND_DRINK,,FOOD_AND_DRINK,Marks & Spencer MARKS&SPENCER PLC SACA Marks & Spencer MARKS&SPENCER PLC SACA CONTACTLESS,,,0,,PersonalExpense,M&S,,0.99,override_2,strong,0,rule
2026-04-30,b148e070847dfdfaa50ed4b07e4bfbc180b0bdb1a20c2cf6173ff20062b4ebd7,APR2026_StarlingStatement_2026-04.csv_191,APR2026,starling,60-83-71 00558156,2026-04-30,1005.0,GBP,KARUN,19 4-6,KARUN 19 4-6,FASTER PAYMENT,59817.91,,REVENUE,,REVENUE,KARUN 19 4-6 KARUN 19 4-6 FASTER PAYMENT,,,0,F1946ALH,OurRent,,,0.99,prop_rent_F1946ALH_92,strong,0,rule
