Date,tx_id,raw_row_id,import_batch_id,source_bank,source_account,posted_date,amount,currency,counterparty,reference,memo,type,balance,bank_txn_number,bank_category,bank_subcategory,effective_subcategory,match_text,description_x,parent_tx_id,is_superseded,property_code,category,subcategory,description_y,confidence,rule_id,rule_strength,needs_review,source
2026-07-01,1081aef8d1f27a3adbc05d89c5bf87b0bd5c55b3a9b4e410afb1ac6671b2004a,JUL2026_BC_6045_JUL2026.csv_1,JUL2026,barclays,20-74-09 60458872,2026-07-01,-45.78,GBP,,,EE LIMITED            Q13077400735802803 DD,,,941284,,Direct Debit,Direct Debit,EE LIMITED            Q13077400735802803 DD,,,0,,RegularPayment,,,0.99,cat_regularpayment_27,strong,0,rule
2026-07-01,95ecd7fcc47aba054982689b1a012370b5f58adfb513634c9bd4b85c00797a1e,JUL2026_BC_6045_JUL2026.csv_2,JUL2026,barclays,20-74-09 60458872,2026-07-01,-194.15,GBP,,,PIC RE ARGOS PET      PETAG934657920001 DDR,,,451019,,Direct Debit,Direct Debit,PIC RE ARGOS PET      PETAG934657920001 DDR,,,0,,RegularPayment,,,0.99,cat_regularpayment_27,strong,0,rule
2026-07-01,87af8693b936814322d8b3077228e437fd4f48ee2dff7ff1c0709bb0acd9d3fb,JUL2026_BC_6045_JUL2026.csv_3,JUL2026,barclays,20-74-09 60458872,2026-07-01,-2884.62,GBP,,,THE HARPUR TRUST D    BVAL000 DDR,,,765055,,Direct Debit,Direct Debit,THE HARPUR TRUST D    BVAL000 DDR,,,0,,SchoolFee,,,0.99,cat_schoolfee_20,strong,0,rule
2026-07-01,4911e0fec1b5f8650cefb2494e805d6976a8d0cc6d701ce33ac810ad2af8fed3,JUL2026_BC_6045_JUL2026.csv_4,JUL2026,barclays,20-74-09 60458872,2026-07-01,-50.0,GBP,,,NATIONWIDE            0604/229172770 STO,,,0,,Standing Order,Standing Order,NATIONWIDE            0604/229172770 STO,,,0,,RegularPayment,,,0.99,cat_regularpayment_25,strong,0,rule
2026-07-01,fdde254a0e9c7e6114b68114a4e1821945f9df44139002646e741c058a0c0acf,JUL2026_BC_6045_JUL2026.csv_5,JUL2026,barclays,20-74-09 60458872,2026-07-01,-80.0,GBP,,,ROCCO                 FROMBIRTHDAY FT,,,0,,Funds Transfer,Funds Transfer,ROCCO                 FROMBIRTHDAY FT,,,0,,PersonalExpense,Rocco,,0.99,override_6,strong,0,rule
2026-07-01,97f47fea7655368c80c408f97b1eed20b28d67bdbb7ebba371a28522628216cf,JUL2026_BC_3072_JUL2026.csv_1,JUL2026,barclays,20-53-97 30728691,2026-07-01,-457.65,GBP,,,TOPAZ FIN JASPER      PRU00010/190859005 DD,,,169547,,Direct Debit,Direct Debit,TOPAZ FIN JASPER      PRU00010/190859005 DD,,,0,F31618ALH,Mortgage,,,0.99,prop_mort_F31618ALH_51,strong,0,rule
2026-07-01,3027a480e7006e62bc9a26848946469acd6f0f528d829c080ad32ba0370d18a0,JUL2026_BC_3072_JUL2026.csv_2,JUL2026,barclays,20-53-97 30728691,2026-07-01,-469.79,GBP,,,TOPAZ RE ROSINCA      ROW20004/560476808 DD,,,169548,,Direct Debit,Direct Debit,TOPAZ RE ROSINCA      ROW20004/560476808 DD,,,0,F61618ALH,Mortgage,,,0.99,prop_mort_F61618ALH_61,strong,0,rule
2026-07-01,55591990df0182e6d23c590397c851123d3f16d29b724df80609593207319fcd,JUL2026_BC_3072_JUL2026.csv_3,JUL2026,barclays,20-53-97 30728691,2026-07-01,-509.79,GBP,,,TOPAZ RE ROSINCA      ROW20004/560471701 DD,,,169548,,Direct Debit,Direct Debit,TOPAZ RE ROSINCA      ROW20004/560471701 DD,,,0,F2046ALH,Mortgage,,,0.99,prop_mort_F2046ALH_59,strong,0,rule
2026-07-01,ad19910c2cd2ebe61fc3ab414f10966e57c5e40991fdcd170156ffc45fe351f4,JUL2026_BC_3072_JUL2026.csv_4,JUL2026,barclays,20-53-97 30728691,2026-07-01,-887.02,GBP,,,HESSONITE MORTGAGE    TND00001/631516204 DD,,,573997,,Direct Debit,Direct Debit,HESSONITE MORTGAGE    TND00001/631516204 DD,,,0,23CHAM,Mortgage,,,0.99,prop_mort_23CHAM_28,strong,0,rule
2026-07-01,1df4169de34584f996b19bb1356136f4ef5c0ea0c74db109d91b7b3202c3c037,JUL2026_BC_3072_JUL2026.csv_5,JUL2026,barclays,20-53-97 30728691,2026-07-01,-620.94,GBP,,,TOPAZ RE SIBERITE     SIB00001/480016104 DD,,,177794,,Direct Debit,Direct Debit,TOPAZ RE SIBERITE     SIB00001/480016104 DD,,,0,F2146ALH,Mortgage,,,0.99,prop_mort_F2146ALH_38,strong,0,rule
2026-07-01,fa6216cb4251b8bdc9a4ae64ad39225a02b59d6157225f2554fb4bb284d62009,JUL2026_BC_3072_JUL2026.csv_6,JUL2026,barclays,20-53-97 30728691,2026-07-01,-314.84,GBP,,,JASPER MORTGAGES      JAC00002/390255001 DD,,,457918,,Direct Debit,Direct Debit,JASPER MORTGAGES      JAC00002/390255001 DD,,,0,F3321LON,Mortgage,,,0.99,prop_mort_F3321LON_6,strong,0,rule
2026-07-01,7569c55cf63995abfb46b71bc7f319699dcb281e322d7d2b5d342891c077ae5b,JUL2026_BC_3072_JUL2026.csv_7,JUL2026,barclays,20-53-97 30728691,2026-07-01,-313.0,GBP,,,JASPER MORTGAGES      JAC00002/390255110 DD,,,457918,,Direct Debit,Direct Debit,JASPER MORTGAGES      JAC00002/390255110 DD,,,0,F2169FAW,Mortgage,,,0.99,prop_mort_F2169FAW_9,strong,0,rule
2026-07-01,c111abec27fbe5f90e2a55f75ce43c3e5f10892860cacec6899c8c53162e87f8,JUL2026_BC_3072_JUL2026.csv_8,JUL2026,barclays,20-53-97 30728691,2026-07-01,3573.03,GBP,,,Rsa Capital Limite    mortgages BGC,,,0,,Counter Credit,Counter Credit,Rsa Capital Limite    mortgages BGC,,,0,,Interbank,,,0.99,override_40,strong,0,rule
2026-07-01,aaf27fe9c5ea4a80ff77185e20fe1a76cef868a914c3f7fc42c8a1dbd203c655,JUL2026_StarlingStatement_2026-07.csv_1,JUL2026,starling,60-83-71 00558156,2026-07-01,775.0,GBP,Matt GRANIL,Flat 2 PO4 ODH,Matt GRANIL Flat 2 PO4 ODH,FASTER PAYMENT,50596.14,,REVENUE,,REVENUE,Matt GRANIL Flat 2 PO4 ODH Matt GRANIL Flat 2 PO4 ODH FASTER PAYMENT,,,0,F2169FAW,OurRent,,,0.99,prop_rent_F2169FAW_77,strong,0,rule
2026-07-01,892614e6f043f008df76f79c058b83fd57a6825d3a1a6988636ccd9bae73ac27,JUL2026_StarlingStatement_2026-07.csv_2,JUL2026,starling,60-83-71 00558156,2026-07-01,-465.0,GBP,Alhambra Road,M Tucker SC,Alhambra Road M Tucker SC,FASTER PAYMENT,50131.14,,REPAIRS_AND_MAINTENANCE,,REPAIRS_AND_MAINTENANCE,Alhambra Road M Tucker SC Alhambra Road M Tucker SC FASTER PAYMENT,,,0,,ServiceCharge,,,0.99,cat_servicecharge_11,strong,0,rule
2026-07-01,8b5e90140b5baa17f84ba5333125280dbf9b5952bafec5fa30e2fb8c7d5052f9,JUL2026_StarlingStatement_2026-07.csv_3,JUL2026,starling,60-83-71 00558156,2026-07-01,-315.0,GBP,ALHHAMBRA ROAD,M Tucker SC,ALHHAMBRA ROAD M Tucker SC,FASTER PAYMENT,49816.14,,REPAIRS_AND_MAINTENANCE,,REPAIRS_AND_MAINTENANCE,ALHHAMBRA ROAD M Tucker SC ALHHAMBRA ROAD M Tucker SC FASTER PAYMENT,,,0,,ServiceCharge,,,0.99,cat_servicecharge_11,strong,0,rule
2026-07-01,31a6f3afe9a27324e8439015a4737bd37beeda25156e4e08a39a2d3b16fbbaa0,JUL2026_StarlingStatement_2026-07.csv_4,JUL2026,starling,60-83-71 00558156,2026-07-01,-100.0,GBP,Lordswood Estates,M Tucker SC,Lordswood Estates M Tucker SC,FASTER PAYMENT,49716.14,,REPAIRS_AND_MAINTENANCE,,REPAIRS_AND_MAINTENANCE,Lordswood Estates M Tucker SC Lordswood Estates M Tucker SC FASTER PAYMENT,,,0,,ServiceCharge,,,0.99,cat_servicecharge_11,strong,0,rule
2026-07-01,02fef584b0ad48938edb1faca8c24f9af3dfa1cda7aa01b1e6f239c498466b01,JUL2026_StarlingStatement_2026-07.csv_5,JUL2026,starling,60-83-71 00558156,2026-07-01,100.0,GBP,Lordswood Estates,M Tucker SC,Lordswood Estates M Tucker SC,FASTER PAYMENT,49816.14,,REVENUE,,REVENUE,Lordswood Estates M Tucker SC Lordswood Estates M Tucker SC FASTER PAYMENT,,,0,,ServiceCharge,,,0.99,cat_servicecharge_11,strong,0,rule
2026-07-01,45334cd301ecfac8782f395428f92219011bb15f81d80c0c07d9ae74b354bcf4,JUL2026_StarlingStatement_2026-07.csv_6,JUL2026,starling,60-83-71 00558156,2026-07-01,-320.0,GBP,Alhambra Road,M Tucker SC,Alhambra Road M Tucker SC,FASTER PAYMENT,49496.14,,REPAIRS_AND_MAINTENANCE,,REPAIRS_AND_MAINTENANCE,Alhambra Road M Tucker SC Alhambra Road M Tucker SC FASTER PAYMENT,,,0,,ServiceCharge,,,0.99,cat_servicecharge_11,strong,0,rule
2026-07-01,3761a118d989566a8c9a503ecb5b04c45643931eddcdd6d518e9965fdc548179,JUL2026_StarlingStatement_2026-07.csv_7,JUL2026,starling,60-83-71 00558156,2026-07-01,980.0,GBP,Mr A J  FITZGERALD,FLAT 23 4-6 ALHAMB,Mr A J  FITZGERALD FLAT 23 4-6 ALHAMB,FASTER PAYMENT,50476.14,,REVENUE,,REVENUE,Mr A J  FITZGERALD FLAT 23 4-6 ALHAMB Mr A J  FITZGERALD FLAT 23 4-6 ALHAMB FASTER PAYMENT,,,0,F2346ALH,OurRent,,,0.99,prop_rent_F2346ALH_96,strong,0,rule
2026-07-01,2a691168fdfa912045b7f87dddb81a6a709d42567a0d48f99ed43b3ed371973d,JUL2026_StarlingStatement_2026-07.csv_8,JUL2026,starling,60-83-71 00558156,2026-07-01,775.0,GBP,Nicole  Byrne,FL7 ALHAMBRA RD,Nicole  Byrne FL7 ALHAMBRA RD,FASTER PAYMENT,51251.14,,REVENUE,,REVENUE,Nicole  Byrne FL7 ALHAMBRA RD Nicole  Byrne FL7 ALHAMBRA RD FASTER PAYMENT,,,0,F71618ALH,OurRent,,,0.99,prop_rent_F71618ALH_116,strong,0,rule
2026-07-01,ade7fbbb395fdfa81a9d2e2bec0fc636769b808920d181bbb9f5ebbd4254a936,JUL2026_StarlingStatement_2026-07.csv_9,JUL2026,starling,60-83-71 00558156,2026-07-01,-60.15,GBP,Tesco,TESCO STORES 2547,Tesco TESCO STORES 2547,CONTACTLESS,51190.99,,FOOD_AND_DRINK,,FOOD_AND_DRINK,Tesco TESCO STORES 2547 Tesco TESCO STORES 2547 CONTACTLESS,,,0,,PersonalExpense,Tesco,,0.99,override_9,strong,0,rule
2026-07-01,0e186d0b7e3ce137c98c63f26778ebe40d4e5996e60c88bd792e572eef9e1c62,JUL2026_StarlingStatement_2026-07.csv_10,JUL2026,starling,60-83-71 00558156,2026-07-01,925.0,GBP,R Cowie,FLAT 14. PO4 0RF,R Cowie FLAT 14. PO4 0RF,FASTER PAYMENT,52115.99,,REVENUE,,REVENUE,R Cowie FLAT 14. PO4 0RF R Cowie FLAT 14. PO4 0RF FASTER PAYMENT,,,0,F141214ALH,OurRent,,,0.99,prop_rent_F141214ALH_103,strong,0,rule
2026-07-01,e2d204d8becbc46dd1a8aa5fbce9cc0f7e41b85e50f2ce99aa3a7afa29655c69,JUL2026_StarlingStatement_2026-07.csv_11,JUL2026,starling,60-83-71 00558156,2026-07-01,825.0,GBP,Letisha Lowe,Latisha Rent,Letisha Lowe Latisha Rent,FASTER PAYMENT,52940.99,,REVENUE,,REVENUE,Letisha Lowe Latisha Rent Letisha Lowe Latisha Rent FASTER PAYMENT,,,0,,OtherIncome,,,0.65,cat_otherincome_34,catch_all,1,rule
2026-07-01,683fd2a656e2400e6b0a796d71e799d8c26e816a03fc33608b83f06a4edf339b,JUL2026_StarlingStatement_2026-07.csv_12,JUL2026,starling,60-83-71 00558156,2026-07-01,452.0,GBP,CHARTERS ESTATE AGENTS LIMITED,Shop 196 Kingston,CHARTERS ESTATE AGENTS LIMITED Shop 196 Kingston,FASTER PAYMENT,53392.99,,REVENUE,,REVENUE,CHARTERS ESTATE AGENTS LIMITED Shop 196 Kingston CHARTERS ESTATE AGENTS LIMITED Shop 196 Kingston FASTER PAYMENT,,,0,SHOP196KIN,OurRent,,,0.99,prop_rent_SHOP196KIN_85,strong,0,rule
2026-07-01,7429f250fa872ef2faa358eb9c6877c04060018b79a4057ad9384ea0796c111a,JUL2026_StarlingStatement_2026-07.csv_13,JUL2026,starling,60-83-71 00558156,2026-07-01,-3573.03,GBP,Ivana Valentino 3072,mortgages,Ivana Valentino 3072 mortgages,FASTER PAYMENT,49819.96,,INTEREST_PAYMENTS,,INTEREST_PAYMENTS,Ivana Valentino 3072 mortgages Ivana Valentino 3072 mortgages FASTER PAYMENT,,,0,,MortgageRefund,Ivana,,0.99,cat_mortgagerefund_15,strong,0,rule
2026-07-01,afbde07c5895adfa4d835180f1e7c41e74e6046df3ace1e95c590b05e6bf3d7d,JUL2026_StarlingStatement_2026-07.csv_14,JUL2026,starling,60-83-71 00558156,2026-07-01,-61.1,GBP,Marks & Spencer,M&S BEDFORD,Marks & Spencer M&S BEDFORD,CHIP & PIN,49758.86,,FOOD_AND_DRINK,,FOOD_AND_DRINK,Marks & Spencer M&S BEDFORD Marks & Spencer M&S BEDFORD CHIP & PIN,,,0,,OtherExpense,,,0.65,cat_otherexpense_35,catch_all,1,rule
2026-07-01,8d7cfd301abc72d5a137183010e95532e8fdec97bcaf43a39be876ce6b284a8c,JUL2026_StarlingStatement_2026-07.csv_15,JUL2026,starling,60-83-71 00558156,2026-07-01,950.0,GBP,K Thu,KAUNG THU FLAT 13,K Thu KAUNG THU FLAT 13,FASTER PAYMENT,50708.86,,REVENUE,,REVENUE,K Thu KAUNG THU FLAT 13 K Thu KAUNG THU FLAT 13 FASTER PAYMENT,,,0,F131618ALH,OurRent,,,0.99,prop_rent_F131618ALH_111,strong,0,rule
2026-07-02,c168933d328d0a7eebc7ed100b899fbc0cae0396e93feca8a35ed938d3f3b9ed,JUL2026_BC_6045_JUL2026.csv_6,JUL2026,barclays,20-74-09 60458872,2026-07-02,-300.0,GBP,,,G & F VALENTINO       M TUCKER STO,,,0,,Standing Order,Standing Order,G & F VALENTINO       M TUCKER STO,,,0,,Hilltop,,,0.99,cat_hilltop_21,strong,0,rule
2026-07-02,a6dd83dd60803a814f9cee30794293381522e1d9f202dc05a990a19f83be537f,JUL2026_BC_6045_JUL2026.csv_7,JUL2026,barclays,20-74-09 60458872,2026-07-02,79.99,GBP,,,AMZNMktplace          ON 01 JUL BCC,,,0,,Card Purchase,Card Purchase,AMZNMktplace          ON 01 JUL BCC,,,0,,PersonalExpense,Amazon,,0.99,cat_personalexpense_30,strong,0,rule
2026-07-02,1ec0eb5e6c228cb0331073e8bd43bdfd53242f3eb1bcb059c5037259885458e5,JUL2026_StarlingStatement_2026-07.csv_16,JUL2026,starling,60-83-71 00558156,2026-07-02,-30.45,GBP,Nando's,NANDOS.CO.UK,Nando's NANDOS.CO.UK,ONLINE PAYMENT,50678.41,,FOOD_AND_DRINK,,FOOD_AND_DRINK,Nando's NANDOS.CO.UK Nando's NANDOS.CO.UK ONLINE PAYMENT,,,0,,OtherExpense,,,0.65,cat_otherexpense_35,catch_all,1,rule
2026-07-02,d407ce1184e11db4bb772b576ed53182c76eccc41897f9236924fd63d8cd48f4,JUL2026_StarlingStatement_2026-07.csv_17,JUL2026,starling,60-83-71 00558156,2026-07-02,-225.26,GBP,Debenhams,Debenhams - DBZ,Debenhams Debenhams - DBZ,ONLINE PAYMENT,50453.15,,EQUIPMENT,,EQUIPMENT,Debenhams Debenhams - DBZ Debenhams Debenhams - DBZ ONLINE PAYMENT,,,0,,OtherExpense,,,0.65,cat_otherexpense_35,catch_all,1,rule
2026-07-02,e6e6fba812bbb3df12f5d7e64b03411d305581c58be9b486e4a026cd9f150f09,JUL2026_StarlingStatement_2026-07.csv_18,JUL2026,starling,60-83-71 00558156,2026-07-02,-6.07,GBP,McDonald's,MCDONALDS 586,McDonald's MCDONALDS 586,CONTACTLESS,50447.08,,FOOD_AND_DRINK,,FOOD_AND_DRINK,McDonald's MCDONALDS 586 McDonald's MCDONALDS 586 CONTACTLESS,,,0,,OtherExpense,,,0.65,cat_otherexpense_35,catch_all,1,rule
2026-07-02,6ec4b714ef62d05700096acc8c4177287fcb66f2a84f511e182d91bd674a55f2,JUL2026_StarlingStatement_2026-07.csv_19,JUL2026,starling,60-83-71 00558156,2026-07-02,-9.55,GBP,Marks & Spencer,M&S BEDFORD,Marks & Spencer M&S BEDFORD,CONTACTLESS,50437.53,,FOOD_AND_DRINK,,FOOD_AND_DRINK,Marks & Spencer M&S BEDFORD Marks & Spencer M&S BEDFORD CONTACTLESS,,,0,,OtherExpense,,,0.65,cat_otherexpense_35,catch_all,1,rule
2026-07-02,804e0f7bff957f54af050e828c3c26374650febbbabb56931112d5322ff3340e,JUL2026_StarlingStatement_2026-07.csv_20,JUL2026,starling,60-83-71 00558156,2026-07-02,-44.1,GBP,Marks & Spencer,M&S BEDFORD,Marks & Spencer M&S BEDFORD,CONTACTLESS,50393.43,,FOOD_AND_DRINK,,FOOD_AND_DRINK,Marks & Spencer M&S BEDFORD Marks & Spencer M&S BEDFORD CONTACTLESS,,,0,,OtherExpense,,,0.65,cat_otherexpense_35,catch_all,1,rule
2026-07-03,a4f6d477afdbd8367557800070739aca5cac7b12c5f641b84728f23ca3f817b6,JUL2026_BC_3072_JUL2026.csv_9,JUL2026,barclays,20-53-97 30728691,2026-07-03,-483.54,GBP,,,SKIPTON B.S.          SBS00001/165905969 DD,,,995416,,Direct Debit,Direct Debit,SKIPTON B.S.          SBS00001/165905969 DD,,,0,F88ALH,Mortgage,,,0.99,prop_mort_F88ALH_33,strong,0,rule
2026-07-03,4fdffc972321e8f74148acc1d0298b10fcc12fa7ad86f4b7e3cb363109f5cd5e,JUL2026_BC_3072_JUL2026.csv_10,JUL2026,barclays,20-53-97 30728691,2026-07-03,-37.95,GBP,,,L&G INSURANCE MI      0114399215-260703 DDR,,,511148,,Direct Debit,Direct Debit,L&G INSURANCE MI      0114399215-260703 DDR,,,0,,RegularPayment,,,0.99,cat_regularpayment_27,strong,0,rule
2026-07-03,e75dc84d07a4a7777c72a4b077e72353f1ba1b9bd62cdb96094b7536c44a9f9e,JUL2026_BC_3072_JUL2026.csv_11,JUL2026,barclays,20-53-97 30728691,2026-07-03,-562.52,GBP,,,TOPAZ FIN JASPER      PRU00010/191462710 DD,,,169547,,Direct Debit,Direct Debit,TOPAZ FIN JASPER      PRU00010/191462710 DD,,,0,F3171FAW,Mortgage,,,0.99,prop_mort_F3171FAW_16,strong,0,rule
2026-07-03,78a2f435d2d16e4d9d62df774664258018c6349e9fcfde6b57b220afd8bcda9c,JUL2026_BC_3072_JUL2026.csv_12,JUL2026,barclays,20-53-97 30728691,2026-07-03,-357.62,GBP,,,TOPAZ FIN ROSINCA     BLA00010/130654303 DD,,,169548,,Direct Debit,Direct Debit,TOPAZ FIN ROSINCA     BLA00010/130654303 DD,,,0,F3163FRA,Mortgage,,,0.99,prop_mort_F3163FRA_18,strong,0,rule
2026-07-03,e91f822f4042d400ed877d0a21033861d9315bb1f6a87f76c459ee4218fa94e6,JUL2026_BC_3072_JUL2026.csv_13,JUL2026,barclays,20-53-97 30728691,2026-07-03,-391.84,GBP,,,TOPAZ FIN ROSINCA     BLA00010/131188407 DD,,,169548,,Direct Debit,Direct Debit,TOPAZ FIN ROSINCA     BLA00010/131188407 DD,,,0,F4321LON,Mortgage,,,0.99,prop_mort_F4321LON_7,strong,0,rule
2026-07-03,1bfbbba657dcd7bb7b3915a30cbf1aa5937e32d948d600dfb8443faaca952d10,JUL2026_BC_3072_JUL2026.csv_14,JUL2026,barclays,20-53-97 30728691,2026-07-03,-391.76,GBP,,,TOPAZ FIN ROSINCA     BLA00010/131992707 DD,,,169548,,Direct Debit,Direct Debit,TOPAZ FIN ROSINCA     BLA00010/131992707 DD,,,0,F1321LON,Mortgage,,,0.99,prop_mort_F1321LON_1,strong,0,rule
2026-07-03,9b1baa2158a72b6351e2d7140d515194945398d53461045b197b4f30c4719c2d,JUL2026_BC_3072_JUL2026.csv_15,JUL2026,barclays,20-53-97 30728691,2026-07-03,-352.97,GBP,,,TOPAZ FIN ROSINCA     BLA00010/132514207 DD,,,169548,,Direct Debit,Direct Debit,TOPAZ FIN ROSINCA     BLA00010/132514207 DD,,,0,F1169FAW,Mortgage,,,0.99,prop_mort_F1169FAW_8,strong,0,rule
2026-07-03,6316e0e8596db20a629f98b4685698df44cfbecab921cbc6cd4fe52007237950,JUL2026_BC_3072_JUL2026.csv_16,JUL2026,barclays,20-53-97 30728691,2026-07-03,-457.61,GBP,,,TOPAZ FIN ROSINCA     BLA00010/134121904 DD,,,169548,,Direct Debit,Direct Debit,TOPAZ FIN ROSINCA     BLA00010/134121904 DD,,,0,F111214ALH,Mortgage,,,0.99,prop_mort_F111214ALH_46,strong,0,rule
2026-07-03,3b6ef7e4b2b0aea23ed84d7a42c1fdbbbf1b7b9e65f14e6b556e5e2b05f34110,JUL2026_BC_3072_JUL2026.csv_17,JUL2026,barclays,20-53-97 30728691,2026-07-03,-557.12,GBP,,,TOPAZ FIN ROSINCA     BLA00010/134332909 DD,,,169548,,Direct Debit,Direct Debit,TOPAZ FIN ROSINCA     BLA00010/134332909 DD,,,0,F11618ALH,Mortgage,,,0.99,prop_mort_F11618ALH_50,strong,0,rule
2026-07-03,9e95134a07742dca9031a8d3426949c8615564386e8ea91e541288973194e1ba,JUL2026_BC_3072_JUL2026.csv_18,JUL2026,barclays,20-53-97 30728691,2026-07-03,-457.88,GBP,,,TOPAZ FIN ROSINCA     BLA00010/134333009 DD,,,169548,,Direct Debit,Direct Debit,TOPAZ FIN ROSINCA     BLA00010/134333009 DD,,,0,F111618ALH,Mortgage,,,0.99,prop_mort_F111618ALH_54,strong,0,rule
2026-07-03,6ec967910e16a3b7ca630c00aeb55cd546b95a9db801efaaa9c8653f7faa1cf7,JUL2026_BC_3072_JUL2026.csv_19,JUL2026,barclays,20-53-97 30728691,2026-07-03,-557.53,GBP,,,TOPAZ FIN ROSINCA     BLA00010/134338410 DD,,,169548,,Direct Debit,Direct Debit,TOPAZ FIN ROSINCA     BLA00010/134338410 DD,,,0,F131618ALH,Mortgage,,,0.99,prop_mort_F131618ALH_56,strong,0,rule
2026-07-03,552bebcb4abafa51204f5b87691334cc699d139a7bea162c5caf72d884e80b48,JUL2026_BC_3072_JUL2026.csv_20,JUL2026,barclays,20-53-97 30728691,2026-07-03,-577.53,GBP,,,TOPAZ FIN ROSINCA     BLA00010/134467209 DD,,,169548,,Direct Debit,Direct Debit,TOPAZ FIN ROSINCA     BLA00010/134467209 DD,,,0,F141214ALH,Mortgage,,,0.99,prop_mort_F141214ALH_48,strong,0,rule
2026-07-03,7f03be4371f1d3efb0af1e753f95101db5c4991aad580378652067ddf6018d63,JUL2026_BC_3072_JUL2026.csv_21,JUL2026,barclays,20-53-97 30728691,2026-07-03,-523.18,GBP,,,TOPAZ FIN ROSINCA     BLA00010/137376006 DD,,,169548,,Direct Debit,Direct Debit,TOPAZ FIN ROSINCA     BLA00010/137376006 DD,,,0,F1171FAW,Mortgage,,,0.99,prop_mort_F1171FAW_14,strong,0,rule
2026-07-03,499c9555f58af084dd9ac37c733cf7ffc8d0ab66ee0c688fad686fd38db5d823,JUL2026_BC_3072_JUL2026.csv_22,JUL2026,barclays,20-53-97 30728691,2026-07-03,-462.83,GBP,,,TOPAZ FIN ROSINCA     BLA00010/137376104 DD,,,169548,,Direct Debit,Direct Debit,TOPAZ FIN ROSINCA     BLA00010/137376104 DD,,,0,F2171FAW,Mortgage,,,0.99,prop_mort_F2171FAW_15,strong,0,rule
2026-07-03,f30fd0fa5171ea4bd3129a5cbdc5d54a3392952c9e13051ff5291537fd5802b0,JUL2026_StarlingStatement_2026-07.csv_21,JUL2026,starling,60-83-71 00558156,2026-07-03,-47.0,GBP,Information Commissioner's Office,ZB563947,Information Commissioner's Office ZB563947,DIRECT DEBIT,50346.43,,PROFESSIONAL_SERVICES,,PROFESSIONAL_SERVICES,Information Commissioner's Office ZB563947 Information Commissioner's Office ZB563947 DIRECT DEBIT,,,0,,OtherExpense,,,0.65,cat_otherexpense_35,catch_all,1,rule
2026-07-03,d863468a0a1faeeecbcc95d7dbd8a7deed598bcc82d7563a2c18ac3d62681e46,JUL2026_StarlingStatement_2026-07.csv_22,JUL2026,starling,60-83-71 00558156,2026-07-03,-41.7,GBP,OVO Energy,OVO Energy Ltd,OVO Energy OVO Energy Ltd,ONLINE PAYMENT,50304.73,,WORKPLACE,,WORKPLACE,OVO Energy OVO Energy Ltd OVO Energy OVO Energy Ltd ONLINE PAYMENT,,,0,,PropertyExpense,,,0.99,cat_propertyexpense_9,strong,1,rule
2026-07-03,92d5c4808070f4dcc2ff5a5d2dcdfaf451d257d37e59035fb358cadc034f64d3,JUL2026_StarlingStatement_2026-07.csv_23,JUL2026,starling,60-83-71 00558156,2026-07-03,-8.15,GBP,Tesco,TESCO STORES,Tesco TESCO STORES,CONTACTLESS,50296.58,,FOOD_AND_DRINK,,FOOD_AND_DRINK,Tesco TESCO STORES Tesco TESCO STORES CONTACTLESS,,,0,,PersonalExpense,Tesco,,0.99,override_9,strong,0,rule
2026-07-03,21355a8b9985c770f2a2b3970e0755ab27e089738ea6c43d498493092280ceb7,JUL2026_StarlingStatement_2026-07.csv_24,JUL2026,starling,60-83-71 00558156,2026-07-03,-3.0,GBP,Tesco,TESCO STORES,Tesco TESCO STORES,CONTACTLESS,50293.58,,FOOD_AND_DRINK,,FOOD_AND_DRINK,Tesco TESCO STORES Tesco TESCO STORES CONTACTLESS,,,0,,PersonalExpense,Tesco,,0.99,override_9,strong,0,rule
2026-07-03,039e18589dabb4ef5a3a4db7a05d922fa18feebc30cc4fdf888ecfd1a86af976,JUL2026_StarlingStatement_2026-07.csv_25,JUL2026,starling,60-83-71 00558156,2026-07-03,-37.67,GBP,Superdrug,SUPERDRUG STORES PLC,Superdrug SUPERDRUG STORES PLC,CONTACTLESS,50255.91,,OTHER,,OTHER,Superdrug SUPERDRUG STORES PLC Superdrug SUPERDRUG STORES PLC CONTACTLESS,,,0,,OtherExpense,,,0.65,cat_otherexpense_35,catch_all,1,rule
2026-07-03,4cf3bdfeea81349b51db3d7e0f68b8c52c7978e15d454d29d27390d2b26fec7e,JUL2026_StarlingStatement_2026-07.csv_26,JUL2026,starling,60-83-71 00558156,2026-07-03,-2.5,GBP,Harpur Centre Bedford,Harpur Centre Bedford,Harpur Centre Bedford Harpur Centre Bedford,CONTACTLESS,50253.41,,TRAVEL,,TRAVEL,Harpur Centre Bedford Harpur Centre Bedford Harpur Centre Bedford Harpur Centre Bedford CONTACTLESS,,,0,,OtherExpense,,,0.65,cat_otherexpense_35,catch_all,1,rule
2026-07-03,2c380a0760789532f82299773bba3482098472408dcc9b6dc8911acb6dbba4cc,JUL2026_StarlingStatement_2026-07.csv_27,JUL2026,starling,60-83-71 00558156,2026-07-03,-4.0,GBP,Budgens,BUDGENS,Budgens BUDGENS,CONTACTLESS,50249.41,,FOOD_AND_DRINK,,FOOD_AND_DRINK,Budgens BUDGENS Budgens BUDGENS CONTACTLESS,,,0,,PersonalExpense,Budgens,,0.99,override_35,strong,0,rule
2026-07-03,c136134f4f71755245691aed09448f2b84761f13e79c75601bf0be2e238eb7b9,JUL2026_StarlingStatement_2026-07.csv_28,JUL2026,starling,60-83-71 00558156,2026-07-03,-2.3,GBP,Co-op,CO OPERATIVE FOOD,Co-op CO OPERATIVE FOOD,CONTACTLESS,50247.11,,REPAIRS_AND_MAINTENANCE,,REPAIRS_AND_MAINTENANCE,Co-op CO OPERATIVE FOOD Co-op CO OPERATIVE FOOD CONTACTLESS,,,0,,PersonalExpense,COOP,,0.99,cat_propertyexpense_19,strong,0,rule
2026-07-03,f36c0c92350cd31a2707745ef56bdeeaa3ff897e09ee2efa560a96e69a9fc5cc,JUL2026_StarlingStatement_2026-07.csv_29,JUL2026,starling,60-83-71 00558156,2026-07-03,-50.0,GBP,Rocco VALENTINO TUCKER,travel rsa,Rocco VALENTINO TUCKER travel rsa,FASTER PAYMENT,50197.11,,REPAIRS_AND_MAINTENANCE,,REPAIRS_AND_MAINTENANCE,Rocco VALENTINO TUCKER travel rsa Rocco VALENTINO TUCKER travel rsa FASTER PAYMENT,,,0,,PersonalExpense,Rocco,,0.99,cat_propertyexpense_19,strong,0,rule
2026-07-03,6fb54cb5a4f67526d434aa2931c65414da060bbc1fff66869527d551c133545c,JUL2026_StarlingStatement_2026-07.csv_30,JUL2026,starling,60-83-71 00558156,2026-07-03,-11.3,GBP,Peter Taperek,light bulbs 3163,Peter Taperek light bulbs 3163,FASTER PAYMENT,50185.81,,REPAIRS_AND_MAINTENANCE,,REPAIRS_AND_MAINTENANCE,Peter Taperek light bulbs 3163 Peter Taperek light bulbs 3163 FASTER PAYMENT,,,0,F3163FRA,PropertyExpense,,,0.99,prop_rent_F3163FRA_83,strong,0,rule
2026-07-03,69f5045981c16ef905b742ad0e9062e1a0b88e114b077d8bf64dd729e46216f4,JUL2026_StarlingStatement_2026-07.csv_31,JUL2026,starling,60-83-71 00558156,2026-07-03,-10.79,GBP,Peter Taperek,3163 clean,Peter Taperek 3163 clean,FASTER PAYMENT,50175.02,,REPAIRS_AND_MAINTENANCE,,REPAIRS_AND_MAINTENANCE,Peter Taperek 3163 clean Peter Taperek 3163 clean FASTER PAYMENT,,,0,F3163FRA,PropertyExpense,,,0.99,prop_rent_F3163FRA_83,strong,0,rule
2026-07-03,6a23f8ab771c7c06d8f72a12c5146a28a69d48701265822398f98ffaf6c6834a,JUL2026_StarlingStatement_2026-07.csv_32,JUL2026,starling,60-83-71 00558156,2026-07-03,-7.0,GBP,Peter Taperek,3163 upcc cleaner,Peter Taperek 3163 upcc cleaner,FASTER PAYMENT,50168.02,,REPAIRS_AND_MAINTENANCE,,REPAIRS_AND_MAINTENANCE,Peter Taperek 3163 upcc cleaner Peter Taperek 3163 upcc cleaner FASTER PAYMENT,,,0,F3163FRA,PropertyExpense,,,0.99,prop_rent_F3163FRA_83,strong,0,rule
2026-07-04,16cda4344ef13ed7cb8f74fe6e5aad82273f9a2dc3b301756fa8b5d8916f9167,JUL2026_StarlingStatement_2026-07.csv_33,JUL2026,starling,60-83-71 00558156,2026-07-04,1050.0,GBP,A Ancy Treesa Math,23 C HT  July RENT,A Ancy Treesa Math 23 C HT  July RENT,FASTER PAYMENT,51218.02,,REVENUE,,REVENUE,A Ancy Treesa Math 23 C HT  July RENT A Ancy Treesa Math 23 C HT  July RENT FASTER PAYMENT,,,0,23CHAM,OurRent,,,0.99,prop_rent_23CHAM_89,strong,0,rule
2026-07-04,f877516abb0af34a1e618a3d1cd1d270fc55f71caef32a4325c5e86be2b270f1,JUL2026_StarlingStatement_2026-07.csv_34,JUL2026,starling,60-83-71 00558156,2026-07-04,-129.48,GBP,Thorpe Park,Thorpe Park,Thorpe Park Thorpe Park,ONLINE PAYMENT,51088.54,,BUSINESS_ENTERTAINMENT,,BUSINESS_ENTERTAINMENT,Thorpe Park Thorpe Park Thorpe Park Thorpe Park ONLINE PAYMENT,,,0,,OtherExpense,,,0.65,cat_otherexpense_35,catch_all,1,rule
2026-07-04,37106fa9ed78ffe88540985728d95a7fcdc9a9aaee5170be6cf8a345ef0aa771,JUL2026_StarlingStatement_2026-07.csv_35,JUL2026,starling,60-83-71 00558156,2026-07-04,-13.8,GBP,Tesco,TESCO STORES 2547,Tesco TESCO STORES 2547,CONTACTLESS,51074.74,,FOOD_AND_DRINK,,FOOD_AND_DRINK,Tesco TESCO STORES 2547 Tesco TESCO STORES 2547 CONTACTLESS,,,0,,PersonalExpense,Tesco,,0.99,override_9,strong,0,rule
2026-07-04,75a77444db1b4e79dc1efe0c5aecd4c283161637842d7ce81e9e8fd14bd688ea,JUL2026_StarlingStatement_2026-07.csv_36,JUL2026,starling,60-83-71 00558156,2026-07-04,-12.2,GBP,Co-op,CO OPERATIVE FOOD,Co-op CO OPERATIVE FOOD,CONTACTLESS,51062.54,,REPAIRS_AND_MAINTENANCE,,REPAIRS_AND_MAINTENANCE,Co-op CO OPERATIVE FOOD Co-op CO OPERATIVE FOOD CONTACTLESS,,,0,,PersonalExpense,COOP,,0.99,cat_propertyexpense_19,strong,0,rule
2026-07-04,3fc93909d2605d8c1027f511a7557a80bf2c8fec97d0cb2790947c93835f4b76,JUL2026_StarlingStatement_2026-07.csv_37,JUL2026,starling,60-83-71 00558156,2026-07-04,1000.0,GBP,S Bijumon,RENT FOR JULY 2026,S Bijumon RENT FOR JULY 2026,FASTER PAYMENT,52062.54,,REVENUE,,REVENUE,S Bijumon RENT FOR JULY 2026 S Bijumon RENT FOR JULY 2026 FASTER PAYMENT,,,0,23BHAM,OurRent,,,0.99,prop_rent_23BHAM_88,strong,0,rule
2026-07-05,68ab6ea26f84c2634fa2d04f20b7a0f9616736495a3005657b472cf6cf6c7638,JUL2026_StarlingStatement_2026-07.csv_38,JUL2026,starling,60-83-71 00558156,2026-07-05,-204.3,GBP,Tesco,TESCO STORES 2547,Tesco TESCO STORES 2547,CHIP & PIN,51858.24,,FOOD_AND_DRINK,,FOOD_AND_DRINK,Tesco TESCO STORES 2547 Tesco TESCO STORES 2547 CHIP & PIN,,,0,,PersonalExpense,Tesco,,0.99,override_9,strong,0,rule
2026-07-05,d95481fd78060a4088e8e81f9923580c562c1c13ef7512a0410ffa732884d6a2,JUL2026_StarlingStatement_2026-07.csv_39,JUL2026,starling,60-83-71 00558156,2026-07-05,-16.6,GBP,Co-op,CO OPERATIVE FOOD,Co-op CO OPERATIVE FOOD,CONTACTLESS,51841.64,,REPAIRS_AND_MAINTENANCE,,REPAIRS_AND_MAINTENANCE,Co-op CO OPERATIVE FOOD Co-op CO OPERATIVE FOOD CONTACTLESS,,,0,,PersonalExpense,COOP,,0.99,cat_propertyexpense_19,strong,0,rule
2026-07-05,56463de2acac21a5656685cf0c5c9a1c2c39fa14650332f57be30f0da0d742ec,JUL2026_StarlingStatement_2026-07.csv_40,JUL2026,starling,60-83-71 00558156,2026-07-05,-6.79,GBP,Costa Coffee,COSTA COFFEE 43011034,Costa Coffee COSTA COFFEE 43011034,CONTACTLESS,51834.85,,FOOD_AND_DRINK,,FOOD_AND_DRINK,Costa Coffee COSTA COFFEE 43011034 Costa Coffee COSTA COFFEE 43011034 CONTACTLESS,,,0,,PersonalExpense,EatingOut,,0.99,override_33,strong,0,rule
2026-07-05,e18c05fa5e733b4a716a001a13e8475f121552fa13ef9d04bf8ec3349900a594,JUL2026_StarlingStatement_2026-07.csv_41,JUL2026,starling,60-83-71 00558156,2026-07-05,-99.0,GBP,Swift Clear Drains,0741 121618 drain,Swift Clear Drains 0741 121618 drain,FASTER PAYMENT,51735.85,,REPAIRS_AND_MAINTENANCE,,REPAIRS_AND_MAINTENANCE,Swift Clear Drains 0741 121618 drain Swift Clear Drains 0741 121618 drain FASTER PAYMENT,,,0,,PropertyExpense,,,0.99,cat_propertyexpense_19,strong,1,rule
2026-07-05,47ff8d0830804eebf7f171e9ca46a3178c94e3b5ae7034469c03d6084e663971,JUL2026_StarlingStatement_2026-07.csv_42,JUL2026,starling,60-83-71 00558156,2026-07-05,850.0,GBP,DANIELLE FULKER,Flat3171Fawcett,DANIELLE FULKER Flat3171Fawcett,FASTER PAYMENT,52585.85,,REVENUE,,REVENUE,DANIELLE FULKER Flat3171Fawcett DANIELLE FULKER Flat3171Fawcett FASTER PAYMENT,,,0,F3171FAW,OurRent,,,0.99,prop_rent_F3171FAW_81,strong,0,rule
2026-07-06,bdd52f94f54291f3fe61cf5ef0603948982c876b1a9f47c498b5e7298235a4cb,JUL2026_BC_6045_JUL2026.csv_8,JUL2026,barclays,20-74-09 60458872,2026-07-06,-18.99,GBP,,,Amazon.co.uk*ZT9GS    ON 05 JUL BCC,,,0,,Card Purchase,Card Purchase,Amazon.co.uk*ZT9GS    ON 05 JUL BCC,,,0,,PersonalExpense,Amazon,,0.99,cat_personalexpense_30,strong,0,rule
2026-07-06,facada30d6de3cb2d65c32a64d5b93b46e6a5997c9d770d3ca6ef9f49a9c2ff1,JUL2026_BC_6045_JUL2026.csv_9,JUL2026,barclays,20-74-09 60458872,2026-07-06,-34.99,GBP,,,NOW E27E1 Sky Spor    ON 04 JUL BCC,,,0,,Card Purchase,Card Purchase,NOW E27E1 Sky Spor    ON 04 JUL BCC,,,0,,PersonalExpense,Amazon,,0.99,cat_personalexpense_30,strong,0,rule
2026-07-06,3f2c2f9cab82f640998b0b5bcc49c33d48b45f18ebea3d64efbd8dd698f63b5d,JUL2026_BC_6045_JUL2026.csv_10,JUL2026,barclays,20-74-09 60458872,2026-07-06,-10.0,GBP,,,UNITY MUTUAL KU CT    PL684048A VALENTNO ST,,,0,,Standing Order,Standing Order,UNITY MUTUAL KU CT    PL684048A VALENTNO ST,,,0,,RegularPayment,,,0.99,override_19,strong,0,rule
2026-07-06,eca335b2d1089e674f1ff94898200cbe1b6c079bb7dac23ba396df995d6c75b9,JUL2026_BC_6045_JUL2026.csv_11,JUL2026,barclays,20-74-09 60458872,2026-07-06,538.54,GBP,,,M Tucker              SF BGC,,,0,,Counter Credit,Counter Credit,M Tucker              SF BGC,,,0,,MTPayment,,,0.99,override_41,strong,0,rule
2026-07-06,1647e28b85a9dc75c3a4a725059702f383c5e0dc6734406f9d6710a5760a40a2,JUL2026_BC_3072_JUL2026.csv_23,JUL2026,barclays,20-53-97 30728691,2026-07-06,6171.88,GBP,,,Rsa Capital Limite    mortgages BGC,,,0,,Counter Credit,Counter Credit,Rsa Capital Limite    mortgages BGC,,,0,,Interbank,,,0.99,override_40,strong,0,rule
2026-07-06,7d122b50a0cd0a187bd989c6ef9200eb1fc4b6010c7eb12c2867d69b1a97fc87,JUL2026_BC_4040_JUL2026.csv_1,JUL2026,barclays,20-74-09 40406538,2026-07-06,-18.0,GBP,,,RYAN GHOSH            ALESSIO CRICKET FT,,,0,,Funds Transfer,Funds Transfer,RYAN GHOSH            ALESSIO CRICKET FT,,,0,,PersonalExpense,Alessio,,0.99,override_7,strong,0,rule
2026-07-06,c899c249905750a7213dc3ac6b5afc718a91abe7ce5bfe329ef5029fdea57f51,JUL2026_StarlingStatement_2026-07.csv_43,JUL2026,starling,60-83-71 00558156,2026-07-06,-93.1,GBP,Marks & Spencer,M&S BEDFORD,Marks & Spencer M&S BEDFORD,CONTACTLESS,52492.75,,FOOD_AND_DRINK,,FOOD_AND_DRINK,Marks & Spencer M&S BEDFORD Marks & Spencer M&S BEDFORD CONTACTLESS,,,0,,OtherExpense,,,0.65,cat_otherexpense_35,catch_all,1,rule
2026-07-06,ac84eda01b2fea3a3aba549a24b3cd44d50f80b6c70e6508511a7fff4408a639,JUL2026_StarlingStatement_2026-07.csv_44,JUL2026,starling,60-83-71 00558156,2026-07-06,425.0,GBP,I Kissova,121618,I Kissova 121618,FASTER PAYMENT,52917.75,,REVENUE,,REVENUE,I Kissova 121618 I Kissova 121618 FASTER PAYMENT,,,0,,OtherIncome,,,0.65,cat_otherincome_34,catch_all,1,rule
2026-07-06,e61544bd5651ccbf433e9a475bd3bc926b7e7537598ea7987ed547e0a048aa4d,JUL2026_StarlingStatement_2026-07.csv_45,JUL2026,starling,60-83-71 00558156,2026-07-06,425.0,GBP,I Kissova,121618,I Kissova 121618,FASTER PAYMENT,53342.75,,REVENUE,,REVENUE,I Kissova 121618 I Kissova 121618 FASTER PAYMENT,,,0,,OtherIncome,,,0.65,cat_otherincome_34,catch_all,1,rule
2026-07-06,96b4d670348021f5da71dff8286cbedee493c79e5f7cd856a67d02b5f01dab22,JUL2026_StarlingStatement_2026-07.csv_46,JUL2026,starling,60-83-71 00558156,2026-07-06,-13.0,GBP,Thorpe Park Resort,Thorpe Park Resort,Thorpe Park Resort Thorpe Park Resort,CONTACTLESS,53329.75,,BUSINESS_ENTERTAINMENT,,BUSINESS_ENTERTAINMENT,Thorpe Park Resort Thorpe Park Resort Thorpe Park Resort Thorpe Park Resort CONTACTLESS,,,0,,OtherExpense,,,0.65,cat_otherexpense_35,catch_all,1,rule
2026-07-06,7aefb39b8ceb80eaf32995e4f5e3485e6ff30d0d6df2477fe3ac71ec1c045483,JUL2026_StarlingStatement_2026-07.csv_47,JUL2026,starling,60-83-71 00558156,2026-07-06,-6171.88,GBP,Ivana Valentino 3072,mortgages,Ivana Valentino 3072 mortgages,FASTER PAYMENT,47157.87,,INTEREST_PAYMENTS,,INTEREST_PAYMENTS,Ivana Valentino 3072 mortgages Ivana Valentino 3072 mortgages FASTER PAYMENT,,,0,,MortgageRefund,Ivana,,0.99,cat_mortgagerefund_15,strong,0,rule
2026-07-07,bb8f969383dba9c3d1836403f049513d09aa5502bf9dd5c53aa7ef81599e2d0e,JUL2026_BC_6045_JUL2026.csv_12,JUL2026,barclays,20-74-09 60458872,2026-07-07,-10.0,GBP,,,ALESSIO               NAN FT,,,0,,Funds Transfer,Funds Transfer,ALESSIO               NAN FT,,,0,,PersonalExpense,Alessio,,0.99,override_7,strong,0,rule
2026-07-07,3ce1b853cc3113bb7e37a8d3204ae6dff0265389e04c75a64ae9e0486de9e49f,JUL2026_StarlingStatement_2026-07.csv_48,JUL2026,starling,60-83-71 00558156,2026-07-07,825.0,GBP,J BOTTLE,RENT,J BOTTLE RENT,FASTER PAYMENT,47982.87,,REVENUE,,REVENUE,J BOTTLE RENT J BOTTLE RENT FASTER PAYMENT,,,0,F58ALH,OurRent,,,0.99,prop_rent_F58ALH_97,strong,0,rule
2026-07-07,ab091c0f5d4a078d617aa7c468b73a5f5a20433518d4f26b103a8f0b21222517,JUL2026_StarlingStatement_2026-07.csv_49,JUL2026,starling,60-83-71 00558156,2026-07-07,-101.43,GBP,New County Service Sta,NEW COUNTY SERVICE STA,New County Service Sta NEW COUNTY SERVICE STA,CHIP & PIN,47881.44,,VEHICLES,,VEHICLES,New County Service Sta NEW COUNTY SERVICE STA New County Service Sta NEW COUNTY SERVICE STA CHIP & PIN,,,0,,PersonalExpense,Garage,,0.99,override_5,strong,0,rule
2026-07-07,5b12be03532c5817ef4e0ad370fae2b6f4f6ceb489a77d99b359be864dbb3c23,JUL2026_StarlingStatement_2026-07.csv_50,JUL2026,starling,60-83-71 00558156,2026-07-07,-2.49,GBP,Google Play,Google One,Google Play Google One,CARD SUBSCRIPTION,47878.95,,ADMIN,,ADMIN,Google Play Google One Google Play Google One CARD SUBSCRIPTION,,,0,,PropertyExpense,,,0.99,cat_propertyexpense_10,strong,1,rule
2026-07-08,50a7b89d263fe7da30ccd1f8b447b3847187e5ecacdd534e120961dc90784480,JUL2026_BC_3072_JUL2026.csv_24,JUL2026,barclays,20-53-97 30728691,2026-07-08,-512.53,GBP,,,BHAM MIDSHIRES        6092076502030000 DDR,,,184800,,Direct Debit,Direct Debit,BHAM MIDSHIRES        6092076502030000 DDR,,,0,196BKIN,Mortgage,,,0.99,prop_mort_196BKIN_25,strong,0,rule
2026-07-08,fa597fceccd865aa50aefaf3bd85fa29286e6d74f57fd0e46a27d2a68ec2584f,JUL2026_BC_4040_JUL2026.csv_2,JUL2026,barclays,20-74-09 40406538,2026-07-08,-8.0,GBP,,,ID MOBILE LIMITED     12253154/001 DDR,,,298372,,Direct Debit,Direct Debit,ID MOBILE LIMITED     12253154/001 DDR,,,0,,RegularPayment,,,0.99,cat_regularpayment_27,strong,0,rule
2026-07-08,ad0b829f464516ffbbf43b6be22a87dac8da723ca5381b0702a298fdbdab624a,JUL2026_StarlingStatement_2026-07.csv_51,JUL2026,starling,60-83-71 00558156,2026-07-08,-16.9,GBP,Co-op,CO OPERATIVE FOOD,Co-op CO OPERATIVE FOOD,CONTACTLESS,47862.05,,REPAIRS_AND_MAINTENANCE,,REPAIRS_AND_MAINTENANCE,Co-op CO OPERATIVE FOOD Co-op CO OPERATIVE FOOD CONTACTLESS,,,0,,PersonalExpense,COOP,,0.99,cat_propertyexpense_19,strong,0,rule
2026-07-08,e939ecb4ba282d3adde81f7417ae92431614d0e154c9938740328a09c7d718eb,JUL2026_StarlingStatement_2026-07.csv_52,JUL2026,starling,60-83-71 00558156,2026-07-08,-5.25,GBP,Co-op,CO OPERATIVE FOOD,Co-op CO OPERATIVE FOOD,CONTACTLESS,47856.8,,REPAIRS_AND_MAINTENANCE,,REPAIRS_AND_MAINTENANCE,Co-op CO OPERATIVE FOOD Co-op CO OPERATIVE FOOD CONTACTLESS,,,0,,PersonalExpense,COOP,,0.99,cat_propertyexpense_19,strong,0,rule
2026-07-08,a46f8c8df80182be5e5ec48bf598a5f9060c97cd26df756b109d91023874439d,JUL2026_StarlingStatement_2026-07.csv_53,JUL2026,starling,60-83-71 00558156,2026-07-08,-3.0,GBP,Co-op,CO OPERATIVE FOOD,Co-op CO OPERATIVE FOOD,CONTACTLESS,47853.8,,REPAIRS_AND_MAINTENANCE,,REPAIRS_AND_MAINTENANCE,Co-op CO OPERATIVE FOOD Co-op CO OPERATIVE FOOD CONTACTLESS,,,0,,PersonalExpense,COOP,,0.99,cat_propertyexpense_19,strong,0,rule
2026-07-09,68587edfc4c414f7b75046fc9ad02f63ca8720957371289055a19843c4d613ae,JUL2026_BC_3072_JUL2026.csv_25,JUL2026,barclays,20-53-97 30728691,2026-07-09,-47.02,GBP,,,BHAM MIDSHIRES        6792116703030000 DDR,,,184800,,Direct Debit,Direct Debit,BHAM MIDSHIRES        6792116703030000 DDR,,,0,F3169FAW,Mortgage,,,0.99,prop_mort_F3169FAW_13,strong,0,rule
2026-07-09,0fc84c2c8b3d9658b5b077afe0ed3f60b70e88fde1bbbb12cd28179302d94027,JUL2026_StarlingStatement_2026-07.csv_54,JUL2026,starling,60-83-71 00558156,2026-07-09,-6.38,GBP,ALDI,ALDI,ALDI ALDI,CONTACTLESS,47847.42,,FOOD_AND_DRINK,,FOOD_AND_DRINK,ALDI ALDI ALDI ALDI CONTACTLESS,,,0,,PersonalExpense,ALDI,,0.99,override_20,strong,0,rule
2026-07-09,e63ea63708ca7b247b83c662d96da3a0687156ecf5451d951af37e61f9521b05,JUL2026_StarlingStatement_2026-07.csv_55,JUL2026,starling,60-83-71 00558156,2026-07-09,-17.2,GBP,Tesco,TESCO STORES 2547,Tesco TESCO STORES 2547,CONTACTLESS,47830.22,,FOOD_AND_DRINK,,FOOD_AND_DRINK,Tesco TESCO STORES 2547 Tesco TESCO STORES 2547 CONTACTLESS,,,0,,PersonalExpense,Tesco,,0.99,override_9,strong,0,rule
2026-07-09,9397308f8003d1f841e5f221504b4e7425a81916f36d430ba92339ae2e3df835,JUL2026_StarlingStatement_2026-07.csv_56,JUL2026,starling,60-83-71 00558156,2026-07-09,-11.65,GBP,Tesco,TESCO STORES 2885,Tesco TESCO STORES 2885,CONTACTLESS,47818.57,,FOOD_AND_DRINK,,FOOD_AND_DRINK,Tesco TESCO STORES 2885 Tesco TESCO STORES 2885 CONTACTLESS,,,0,,PersonalExpense,Tesco,,0.99,override_9,strong,0,rule
2026-07-09,4b35b88a67864d6894a189370361bca612703dadf47105ba071fc434d506147f,JUL2026_StarlingStatement_2026-07.csv_57,JUL2026,starling,60-83-71 00558156,2026-07-09,-49.98,GBP,Costco,Costco Wholesale #117,Costco Costco Wholesale #117,CONTACTLESS,47768.59,,EQUIPMENT,,EQUIPMENT,Costco Costco Wholesale #117 Costco Costco Wholesale #117 CONTACTLESS,,,0,,OtherExpense,,,0.65,cat_otherexpense_35,catch_all,1,rule
2026-07-09,4c591699b31807200d7b3ad09a814134a35dfe69250b2245f2bf74066824cab7,JUL2026_StarlingStatement_2026-07.csv_58,JUL2026,starling,60-83-71 00558156,2026-07-09,-59.81,GBP,Costco,Costco Wholesale #117,Costco Costco Wholesale #117,CONTACTLESS,47708.78,,EQUIPMENT,,EQUIPMENT,Costco Costco Wholesale #117 Costco Costco Wholesale #117 CONTACTLESS,,,0,,OtherExpense,,,0.65,cat_otherexpense_35,catch_all,1,rule
2026-07-09,16fced0597acb15c5a42c7d06df1106401854acfcf02161f95588857172223fe,JUL2026_StarlingStatement_2026-07.csv_59,JUL2026,starling,60-83-71 00558156,2026-07-09,-239.5,GBP,Rocco VALENTINO TUCKER,admin cost,Rocco VALENTINO TUCKER admin cost,FASTER PAYMENT,47469.28,,REPAIRS_AND_MAINTENANCE,,REPAIRS_AND_MAINTENANCE,Rocco VALENTINO TUCKER admin cost Rocco VALENTINO TUCKER admin cost FASTER PAYMENT,,,0,,PersonalExpense,Rocco,,0.99,cat_propertyexpense_19,strong,0,rule
2026-07-09,5e15bec9d458c071fea54c84075dc510bc3841bd47b4fe4ad9f6d445cf74adda,JUL2026_StarlingStatement_2026-07.csv_60,JUL2026,starling,60-83-71 00558156,2026-07-09,850.0,GBP,Nathanial Paul Crossley-Turner,16 12-14 ALHAMBRA,Nathanial Paul Crossley-Turner 16 12-14 ALHAMBRA,FASTER PAYMENT,48319.28,,REVENUE,,REVENUE,Nathanial Paul Crossley-Turner 16 12-14 ALHAMBRA Nathanial Paul Crossley-Turner 16 12-14 ALHAMBRA FASTER PAYMENT,,,0,F161214ALH,OurRent,,,0.99,prop_rent_F161214ALH_104,strong,0,rule
2026-07-10,50e6b23e8a11cfaf399853b0fd286c569617d67ecca42bf36d28f820fce492b1,JUL2026_BC_3072_JUL2026.csv_26,JUL2026,barclays,20-53-97 30728691,2026-07-10,-352.32,GBP,,,BHAM MIDSHIRES        6092096352060000 DDR,,,184800,,Direct Debit,Direct Debit,BHAM MIDSHIRES        6092096352060000 DDR,,,0,F41214ALH,Mortgage,,,0.99,prop_mort_F41214ALH_43,strong,0,rule
2026-07-10,27d8745780ca148aedc70b205c3ec90e6b2203f0316749b4bcdb9aff52979113,JUL2026_StarlingStatement_2026-07.csv_61,JUL2026,starling,60-83-71 00558156,2026-07-10,-48.05,GBP,Marks & Spencer,M&S BEDFORD,Marks & Spencer M&S BEDFORD,CONTACTLESS,48271.23,,FOOD_AND_DRINK,,FOOD_AND_DRINK,Marks & Spencer M&S BEDFORD Marks & Spencer M&S BEDFORD CONTACTLESS,,,0,,OtherExpense,,,0.65,cat_otherexpense_35,catch_all,1,rule
2026-07-10,e09f6fb1f3f260abb6feb13a7a3201f227bf5263f323ecf26593509999915093,JUL2026_StarlingStatement_2026-07.csv_62,JUL2026,starling,60-83-71 00558156,2026-07-10,-15.0,GBP,Rocco VALENTINO TUCKER,admin,Rocco VALENTINO TUCKER admin,FASTER PAYMENT,48256.23,,REPAIRS_AND_MAINTENANCE,,REPAIRS_AND_MAINTENANCE,Rocco VALENTINO TUCKER admin Rocco VALENTINO TUCKER admin FASTER PAYMENT,,,0,,PersonalExpense,Rocco,,0.99,cat_propertyexpense_19,strong,0,rule
2026-07-10,7ec3c9a26c9453efc38045d455e18558d146d5625282f7e8e558a30c181e93ac,JUL2026_StarlingStatement_2026-07.csv_63,JUL2026,starling,60-83-71 00558156,2026-07-10,-631.99,GBP,Central Energy South Limited,862 111618 eicr,Central Energy South Limited 862 111618 eicr,FASTER PAYMENT,47624.24,,REPAIRS_AND_MAINTENANCE,,REPAIRS_AND_MAINTENANCE,Central Energy South Limited 862 111618 eicr Central Energy South Limited 862 111618 eicr FASTER PAYMENT,,,0,,PropertyExpense,,,0.99,cat_propertyexpense_19,strong,1,rule
2026-07-10,c68443a8b0cd5316f1ce106942b6af0e1a5db31a9e5acfff2e4d280ba07e9216,JUL2026_StarlingStatement_2026-07.csv_64,JUL2026,starling,60-83-71 00558156,2026-07-10,-631.99,GBP,Central Energy South Limited,863 51214 eicr,Central Energy South Limited 863 51214 eicr,FASTER PAYMENT,46992.25,,REPAIRS_AND_MAINTENANCE,,REPAIRS_AND_MAINTENANCE,Central Energy South Limited 863 51214 eicr Central Energy South Limited 863 51214 eicr FASTER PAYMENT,,,0,,PropertyExpense,,,0.99,cat_propertyexpense_19,strong,1,rule
2026-07-10,1bfaea25e7fa513bd96403ca6c7017549d0b8b9a62aeeeec32df0d94b3d37fbd,JUL2026_StarlingStatement_2026-07.csv_65,JUL2026,starling,60-83-71 00558156,2026-07-10,-40.0,GBP,Central Energy South Limited,805 196b gs,Central Energy South Limited 805 196b gs,FASTER PAYMENT,46952.25,,REPAIRS_AND_MAINTENANCE,,REPAIRS_AND_MAINTENANCE,Central Energy South Limited 805 196b gs Central Energy South Limited 805 196b gs FASTER PAYMENT,,,0,196BKIN,PropertyExpense,,,0.99,prop_rent_196BKIN_87,strong,0,rule
2026-07-10,800dcf87b644e6b91c051a00e59f75d31e5b799c72d5e9042fa84883da967ae2,JUL2026_StarlingStatement_2026-07.csv_66,JUL2026,starling,60-83-71 00558156,2026-07-10,-125.0,GBP,Central Energy South Limited,853 1321 rep,Central Energy South Limited 853 1321 rep,FASTER PAYMENT,46827.25,,REPAIRS_AND_MAINTENANCE,,REPAIRS_AND_MAINTENANCE,Central Energy South Limited 853 1321 rep Central Energy South Limited 853 1321 rep FASTER PAYMENT,,,0,F1321LON,PropertyExpense,,,0.99,prop_rent_F1321LON_71,strong,0,rule
2026-07-10,31cb820f149ca9413d1949154759dfae1af60c31deec25b4748c366232f0bd0a,JUL2026_StarlingStatement_2026-07.csv_67,JUL2026,starling,60-83-71 00558156,2026-07-10,-150.0,GBP,Central Energy South Limited,854 3173 lesk,Central Energy South Limited 854 3173 lesk,FASTER PAYMENT,46677.25,,REPAIRS_AND_MAINTENANCE,,REPAIRS_AND_MAINTENANCE,Central Energy South Limited 854 3173 lesk Central Energy South Limited 854 3173 lesk FASTER PAYMENT,,,0,,PropertyExpense,,,0.99,cat_propertyexpense_19,strong,1,rule
2026-07-11,6d3b2f5396045b1c96dc127d38630b0e42987331a4340aab5f3b0eaeefb84f8a,JUL2026_StarlingStatement_2026-07.csv_68,JUL2026,starling,60-83-71 00558156,2026-07-11,900.0,GBP,Brett Ricketts,"8, 8 Alhambra","Brett Ricketts 8, 8 Alhambra",FASTER PAYMENT,47577.25,,REVENUE,,REVENUE,"Brett Ricketts 8, 8 Alhambra Brett Ricketts 8, 8 Alhambra FASTER PAYMENT",,,0,F3163FRA,OurRent,,,0.99,prop_rent_F3163FRA_83,strong,0,rule
2026-07-11,15c31842c5596ea604d884ca4da5878d8fe7176c73f1a0368044f0b8fd2c62ad,JUL2026_StarlingStatement_2026-07.csv_69,JUL2026,starling,60-83-71 00558156,2026-07-11,-83.0,GBP,Marks & Spencer,MARKS&SPENCER PLC,Marks & Spencer MARKS&SPENCER PLC,CHIP & PIN,47494.25,,FOOD_AND_DRINK,,FOOD_AND_DRINK,Marks & Spencer MARKS&SPENCER PLC Marks & Spencer MARKS&SPENCER PLC CHIP & PIN,,,0,,PersonalExpense,M&S,,0.99,override_2,strong,0,rule
2026-07-12,ae44ff42c95d65963f050ea2cf3c5b00aa54c7c0cbcde24fee26caa391d28e24,JUL2026_StarlingStatement_2026-07.csv_70,JUL2026,starling,60-83-71 00558156,2026-07-12,-197.1,GBP,Tesco,TESCO STORES 2547,Tesco TESCO STORES 2547,CHIP & PIN,47297.15,,FOOD_AND_DRINK,,FOOD_AND_DRINK,Tesco TESCO STORES 2547 Tesco TESCO STORES 2547 CHIP & PIN,,,0,,PersonalExpense,Tesco,,0.99,override_9,strong,0,rule
2026-07-12,c105b129c929a722e29148c905d46884f14e62943dea3db16ff5ae5c2fcc7fb9,JUL2026_StarlingStatement_2026-07.csv_71,JUL2026,starling,60-83-71 00558156,2026-07-12,-23.0,GBP,DVSA,DVSA THEORY TEST,DVSA DVSA THEORY TEST,ONLINE PAYMENT,47274.15,,PROFESSIONAL_SERVICES,,PROFESSIONAL_SERVICES,DVSA DVSA THEORY TEST DVSA DVSA THEORY TEST ONLINE PAYMENT,,,0,,OtherExpense,,,0.65,cat_otherexpense_35,catch_all,1,rule
2026-07-13,0dc3f2b2b08c8a04b6e9bf44d21d0138099e4fa3f23590402a0b8d9a06acbbf7,JUL2026_BC_6045_JUL2026.csv_13,JUL2026,barclays,20-74-09 60458872,2026-07-13,-40.0,GBP,,,ROCCO                 MONEYUHADINPOCKET FT,,,0,,Funds Transfer,Funds Transfer,ROCCO                 MONEYUHADINPOCKET FT,,,0,,PersonalExpense,Rocco,,0.99,override_6,strong,0,rule
2026-07-13,45b35e90e753337183158fd898a657c33674a1b8e3dc32f79ad27ac34c6901c1,JUL2026_BC_6045_JUL2026.csv_14,JUL2026,barclays,20-74-09 60458872,2026-07-13,-9.99,GBP,,,NOW 4D469 UK HBO M    ON 10 JUL BCC,,,0,,Card Purchase,Card Purchase,NOW 4D469 UK HBO M    ON 10 JUL BCC,,,0,,PersonalExpense,Amazon,,0.99,cat_personalexpense_30,strong,0,rule
2026-07-13,1a983ff31b81595fd6de957c159561b194a79c7cc5afc36704ab63aa8f8a878a,JUL2026_BC_6045_JUL2026.csv_15,JUL2026,barclays,20-74-09 60458872,2026-07-13,-30.0,GBP,,,ROCCO                 BEER FT,,,0,,Funds Transfer,Funds Transfer,ROCCO                 BEER FT,,,0,,PersonalExpense,Rocco,,0.99,override_6,strong,0,rule
2026-07-13,e19515a23e8f399e98701d9b28bd58de9b707622e8ac79c12545792b288bed81,JUL2026_BC_6045_JUL2026.csv_16,JUL2026,barclays,20-74-09 60458872,2026-07-13,-6.0,GBP,,,NOW 30F72 GB Basic    ON 11 JUL BCC,,,0,,Card Purchase,Card Purchase,NOW 30F72 GB Basic    ON 11 JUL BCC,,,0,,PersonalExpense,Amazon,,0.99,cat_personalexpense_30,strong,0,rule
2026-07-13,a9f3883f94cac45a831fd740c760366fd40934fe4b838adaaf1eb38fd260ed3b,JUL2026_BC_3072_JUL2026.csv_27,JUL2026,barclays,20-53-97 30728691,2026-07-13,-330.57,GBP,,,BHAM MIDSHIRES        6092021491040000 DDR,,,184800,,Direct Debit,Direct Debit,BHAM MIDSHIRES        6092021491040000 DDR,,,0,F3169FAW,Mortgage,,,0.99,prop_mort_F3169FAW_11,strong,0,rule
2026-07-13,c81ac86909da2ff37f154edbdbcf1cc38ad3b5ee51a9847ab178ed35231c6d05,JUL2026_BC_3072_JUL2026.csv_28,JUL2026,barclays,20-53-97 30728691,2026-07-13,-37.68,GBP,,,AVIVA LIFE            014033997 DDR,,,990457,,Direct Debit,Direct Debit,AVIVA LIFE            014033997 DDR,,,0,,RegularPayment,,,0.99,cat_regularpayment_27,strong,0,rule
2026-07-13,845cc1e361c24c9409da99d4e29ccac367a4dd1b5f40898d5571a1f8865b6c9b,JUL2026_BC_4040_JUL2026.csv_3,JUL2026,barclays,20-74-09 40406538,2026-07-13,-20.0,GBP,,,SOFIA VALENTINO-TU    LOVE MUMMY FT,,,0,,Funds Transfer,Funds Transfer,SOFIA VALENTINO-TU    LOVE MUMMY FT,,,0,,PersonalExpense,Sofia,,0.99,override_8,strong,0,rule
2026-07-13,769d91e4c827dcfa21400abcbae91a8b4fee874ba5ed199abe143fab6beb05de,JUL2026_StarlingStatement_2026-07.csv_72,JUL2026,starling,60-83-71 00558156,2026-07-13,850.0,GBP,Lucinda Francis,"7, 8 Alhambra Road","Lucinda Francis 7, 8 Alhambra Road",FASTER PAYMENT,48124.15,,REVENUE,,REVENUE,"Lucinda Francis 7, 8 Alhambra Road Lucinda Francis 7, 8 Alhambra Road FASTER PAYMENT",,,0,F78ALH,OurRent,,,0.99,prop_rent_F78ALH_99,strong,0,rule
2026-07-13,2fa6dd6dede28af5c28e05c6357cff9f88211cf873ef1f7385a4f9fb18f86fc4,JUL2026_StarlingStatement_2026-07.csv_73,JUL2026,starling,60-83-71 00558156,2026-07-13,800.0,GBP,Samuel Kirwin,Rent 5 12-14 SK,Samuel Kirwin Rent 5 12-14 SK,FASTER PAYMENT,48924.15,,REVENUE,,REVENUE,Samuel Kirwin Rent 5 12-14 SK Samuel Kirwin Rent 5 12-14 SK FASTER PAYMENT,,,0,F51214ALH,OurRent,,,0.99,prop_rent_F51214ALH_107,strong,0,rule
2026-07-14,4d312effa4579e24a249156d9b03810129810a637b4d96317addab8bfdc167c9,JUL2026_BC_6045_JUL2026.csv_17,JUL2026,barclays,20-74-09 60458872,2026-07-14,-21.99,GBP,,,Spotify Limited       ON 13 JUL BCC,,,0,,Card Purchase,Card Purchase,Spotify Limited       ON 13 JUL BCC,,,0,,RegularPayment,,,0.99,cat_regularpayment_26,strong,0,rule
2026-07-14,0e47590ed2bce199df1373685701c630f13fbf43a8eaa827c434f0496b8109cc,JUL2026_BC_6045_JUL2026.csv_18,JUL2026,barclays,20-74-09 60458872,2026-07-14,-60.0,GBP,,,SOFIA                 VET FT,,,0,,Funds Transfer,Funds Transfer,SOFIA                 VET FT,,,0,,PersonalExpense,Sofia,,0.99,override_8,strong,0,rule
2026-07-14,c8f10bb862feef63d200835150e9250a8417be250a99f812ee24274ddf5f8c00,JUL2026_BC_3072_JUL2026.csv_29,JUL2026,barclays,20-53-97 30728691,2026-07-14,1280.12,GBP,,,Rsa Capital Limite    mortgages BGC,,,0,,Counter Credit,Counter Credit,Rsa Capital Limite    mortgages BGC,,,0,,Interbank,,,0.99,override_40,strong,0,rule
2026-07-14,4af189f8dc467a29ec122ceb20d05d91e5045e27be493f28c459224e4ab8c2eb,JUL2026_StarlingStatement_2026-07.csv_74,JUL2026,starling,60-83-71 00558156,2026-07-14,900.0,GBP,Lauren Bullock,LBULLOCK-17-Alhamb,Lauren Bullock LBULLOCK-17-Alhamb,FASTER PAYMENT,49824.15,,REVENUE,,REVENUE,Lauren Bullock LBULLOCK-17-Alhamb Lauren Bullock LBULLOCK-17-Alhamb FASTER PAYMENT,,,0,F1746ALH,OurRent,,,0.99,prop_rent_F1746ALH_90,strong,0,rule
2026-07-14,2168e8782d7352264a8714e56e419057bb38669c6c6c4baddae0804e3a91e98d,JUL2026_StarlingStatement_2026-07.csv_75,JUL2026,starling,60-83-71 00558156,2026-07-14,1000.0,GBP,MD FAHIM UDDIN,1 171,MD FAHIM UDDIN 1 171,FASTER PAYMENT,50824.15,,REVENUE,,REVENUE,MD FAHIM UDDIN 1 171 MD FAHIM UDDIN 1 171 FASTER PAYMENT,,,0,F1171FAW,OurRent,,,0.99,prop_rent_F1171FAW_79,strong,0,rule
2026-07-14,9e7ff46e6edf6905714098f666afe5e5e48d444d80e594afda612ecff220b678,JUL2026_StarlingStatement_2026-07.csv_76,JUL2026,starling,60-83-71 00558156,2026-07-14,-101.18,GBP,Marks & Spencer,MARKS&SPENCER PLC,Marks & Spencer MARKS&SPENCER PLC,CHIP & PIN,50722.97,,FOOD_AND_DRINK,,FOOD_AND_DRINK,Marks & Spencer MARKS&SPENCER PLC Marks & Spencer MARKS&SPENCER PLC CHIP & PIN,,,0,,PersonalExpense,M&S,,0.99,override_2,strong,0,rule
2026-07-14,59a5c736ed5abb9d3dc9fafabc7c32f2c5debef8377f65af79110316985b76b1,JUL2026_StarlingStatement_2026-07.csv_77,JUL2026,starling,60-83-71 00558156,2026-07-14,-24.79,GBP,Peter Taperek,3163 fr,Peter Taperek 3163 fr,FASTER PAYMENT,50698.18,,REPAIRS_AND_MAINTENANCE,,REPAIRS_AND_MAINTENANCE,Peter Taperek 3163 fr Peter Taperek 3163 fr FASTER PAYMENT,,,0,F3163FRA,PropertyExpense,,,0.99,prop_rent_F3163FRA_83,strong,0,rule
2026-07-14,4ef8a4d31027bd109a6284e7ca43f3ac385d9a7a2505454a5b6267c23ab58450,JUL2026_StarlingStatement_2026-07.csv_78,JUL2026,starling,60-83-71 00558156,2026-07-14,-1280.12,GBP,Ivana Valentino 3072,mortgages,Ivana Valentino 3072 mortgages,FASTER PAYMENT,49418.06,,INTEREST_PAYMENTS,,INTEREST_PAYMENTS,Ivana Valentino 3072 mortgages Ivana Valentino 3072 mortgages FASTER PAYMENT,,,0,,MortgageRefund,Ivana,,0.99,cat_mortgagerefund_15,strong,0,rule
2026-07-14,2cb92685c21debf865fa580ddbeba38b5d4d496101bfafc707d0e419f5fc84b7,JUL2026_StarlingStatement_2026-07.csv_79,JUL2026,starling,60-83-71 00558156,2026-07-14,-9.5,GBP,The Shed Pub,THE SHED PUB,The Shed Pub THE SHED PUB,CONTACTLESS,49408.56,,BUSINESS_ENTERTAINMENT,,BUSINESS_ENTERTAINMENT,The Shed Pub THE SHED PUB The Shed Pub THE SHED PUB CONTACTLESS,,,0,,OtherExpense,,,0.65,cat_otherexpense_35,catch_all,1,rule
2026-07-14,ded32f18d27c71c5f044658a1df89282923790159abd9e1738311a1b2e3f9e43,JUL2026_StarlingStatement_2026-07.csv_80,JUL2026,starling,60-83-71 00558156,2026-07-14,-90.0,GBP,EA Locksmith,1950 321 com door,EA Locksmith 1950 321 com door,FASTER PAYMENT,49318.56,,REPAIRS_AND_MAINTENANCE,,REPAIRS_AND_MAINTENANCE,EA Locksmith 1950 321 com door EA Locksmith 1950 321 com door FASTER PAYMENT,,,0,,PropertyExpense,,,0.99,cat_propertyexpense_19,strong,1,rule
2026-07-15,c1f92201a999fbaef085c0161782704a77c83ce2fbeed95f021065c5c8f9501b,JUL2026_BC_6045_JUL2026.csv_19,JUL2026,barclays,20-74-09 60458872,2026-07-15,-77.99,GBP,,,AMZNMktplace*2Q21Y    ON 14 JUL BCC,,,0,,Card Purchase,Card Purchase,AMZNMktplace*2Q21Y    ON 14 JUL BCC,,,0,,PersonalExpense,Amazon,,0.99,cat_personalexpense_30,strong,0,rule
2026-07-15,bc8c14508487f7d7552e4b5e7ead50fda4401ce01e78068029daafdff2c9961e,JUL2026_BC_3072_JUL2026.csv_30,JUL2026,barclays,20-53-97 30728691,2026-07-15,-513.03,GBP,,,TOPAZ RE ROSINCA      ROW20004/560471505 DD,,,169548,,Direct Debit,Direct Debit,TOPAZ RE ROSINCA      ROW20004/560471505 DD,,,0,F1946ALH,Mortgage,,,0.99,prop_mort_F1946ALH_63,strong,0,rule
2026-07-15,7483978cbe22ea7f8f53d10273113a0a479fc2266b4ae503b9d0f278ae8c558f,JUL2026_BC_3072_JUL2026.csv_31,JUL2026,barclays,20-53-97 30728691,2026-07-15,-431.51,GBP,,,TOPAZ RE ROSINCA      ROW20004/560470501 DD,,,169548,,Direct Debit,Direct Debit,TOPAZ RE ROSINCA      ROW20004/560470501 DD,,,0,F68ALH,Mortgage,,,0.99,prop_mort_F68ALH_64,strong,0,rule
2026-07-15,47af294e2937c8f1751af68792473313098fbfe91244e0692f35d0fc95073689,JUL2026_BC_3072_JUL2026.csv_32,JUL2026,barclays,20-53-97 30728691,2026-07-15,-457.62,GBP,,,TOPAZ FIN JASPER      PRU00010/190778206 DD,,,169547,,Direct Debit,Direct Debit,TOPAZ FIN JASPER      PRU00010/190778206 DD,,,0,F51214ALH,Mortgage,,,0.99,prop_mort_F51214ALH_44,strong,0,rule
2026-07-15,c07e5838ddf9d0c13d7634d09011e341006239116193ef41ee95169bd2fee1d9,JUL2026_BC_3072_JUL2026.csv_33,JUL2026,barclays,20-53-97 30728691,2026-07-15,-457.7,GBP,,,TOPAZ FIN JASPER      PRU00010/190812705 DD,,,169547,,Direct Debit,Direct Debit,TOPAZ FIN JASPER      PRU00010/190812705 DD,,,0,F31214ALH,Mortgage,,,0.99,prop_mort_F31214ALH_41,strong,0,rule
2026-07-15,9857e69cb8c947476f867876a43dfc9633d7202a11e2e660f3eb692746f535e6,JUL2026_BC_3072_JUL2026.csv_34,JUL2026,barclays,20-53-97 30728691,2026-07-15,-457.54,GBP,,,TOPAZ FIN JASPER      PRU00010/190859506 DD,,,169547,,Direct Debit,Direct Debit,TOPAZ FIN JASPER      PRU00010/190859506 DD,,,0,F71618ALH,Mortgage,,,0.99,prop_mort_F71618ALH_53,strong,0,rule
2026-07-15,46da277c67113093bd1457402010aeb7b73388dd9fe50fc9bf8297721f259168,JUL2026_BC_3072_JUL2026.csv_35,JUL2026,barclays,20-53-97 30728691,2026-07-15,-457.64,GBP,,,TOPAZ FIN JASPER      PRU00010/190885105 DD,,,169547,,Direct Debit,Direct Debit,TOPAZ FIN JASPER      PRU00010/190885105 DD,,,0,F101214ALH,Mortgage,,,0.99,prop_mort_F101214ALH_47,strong,0,rule
2026-07-15,c786599e2d71a4f36e9bde6d61e09dd573f590f820ed8d94629fea4b72cd90f5,JUL2026_BC_3072_JUL2026.csv_36,JUL2026,barclays,20-53-97 30728691,2026-07-15,-473.51,GBP,,,TOPAZ FIN JASPER      PRU00010/190885203 DD,,,169547,,Direct Debit,Direct Debit,TOPAZ FIN JASPER      PRU00010/190885203 DD,,,0,F161214ALH,Mortgage,,,0.99,prop_mort_F161214ALH_49,strong,0,rule
2026-07-15,4b631b5d8781eb0f01cb2af6fd849a2f999328275f99fdb531fe5b61a0da1400,JUL2026_BC_3072_JUL2026.csv_37,JUL2026,barclays,20-53-97 30728691,2026-07-15,-473.51,GBP,,,TOPAZ FIN JASPER      PRU00010/190892600 DD,,,169547,,Direct Debit,Direct Debit,TOPAZ FIN JASPER      PRU00010/190892600 DD,,,0,F161618ALH,Mortgage,,,0.99,prop_mort_F161618ALH_57,strong,0,rule
2026-07-15,f5063917ce1c635760df61a2b1c9fc32b03c93cf781d34cd1859bd81eb9e27de,JUL2026_BC_3072_JUL2026.csv_38,JUL2026,barclays,20-53-97 30728691,2026-07-15,-457.54,GBP,,,TOPAZ FIN JASPER      PRU00010/190959705 DD,,,169547,,Direct Debit,Direct Debit,TOPAZ FIN JASPER      PRU00010/190959705 DD,,,0,F121618ALH,Mortgage,,,0.99,prop_mort_F121618ALH_55,strong,0,rule
2026-07-15,96bda4b482f8ac9733ca8b61dc0c45db07361e2e01bc93bf17be83a9c501d991,JUL2026_BC_3072_JUL2026.csv_39,JUL2026,barclays,20-53-97 30728691,2026-07-15,4179.6,GBP,,,Rsa Capital Limite    mortgages BGC,,,0,,Counter Credit,Counter Credit,Rsa Capital Limite    mortgages BGC,,,0,,Interbank,,,0.99,override_40,strong,0,rule
2026-07-15,bac651a996dc416c1e4911a9a28429d602fb6d8b10dae6c84ae2c8a052fe85e4,JUL2026_StarlingStatement_2026-07.csv_81,JUL2026,starling,60-83-71 00558156,2026-07-15,-2.0,GBP,Chargedup,CHARGEDUP,Chargedup CHARGEDUP,CONTACTLESS,49316.56,,ADMIN,,ADMIN,Chargedup CHARGEDUP Chargedup CHARGEDUP CONTACTLESS,,,0,,PropertyExpense,,,0.99,cat_propertyexpense_10,strong,1,rule
2026-07-15,4f2060827c2e92e31f5c201f74fc74f8f9b63611f90594bc9d1ebc1962cb5af7,JUL2026_StarlingStatement_2026-07.csv_82,JUL2026,starling,60-83-71 00558156,2026-07-15,-4179.6,GBP,Ivana Valentino 3072,mortgages,Ivana Valentino 3072 mortgages,FASTER PAYMENT,45136.96,,INTEREST_PAYMENTS,,INTEREST_PAYMENTS,Ivana Valentino 3072 mortgages Ivana Valentino 3072 mortgages FASTER PAYMENT,,,0,,MortgageRefund,Ivana,,0.99,cat_mortgagerefund_15,strong,0,rule
2026-07-15,602c5c90a4dc9c363454ccbe2b466fae6a383b7122eae0cac7516e26eb57bdd7,JUL2026_StarlingStatement_2026-07.csv_83,JUL2026,starling,60-83-71 00558156,2026-07-15,-40.4,GBP,Wagamama,WAGAMAMA FP 6233 PETER,Wagamama WAGAMAMA FP 6233 PETER,CONTACTLESS,45096.56,,FOOD_AND_DRINK,,FOOD_AND_DRINK,Wagamama WAGAMAMA FP 6233 PETER Wagamama WAGAMAMA FP 6233 PETER CONTACTLESS,,,0,,PersonalExpense,EatingOut,,0.99,override_33,strong,0,rule
2026-07-15,4335076d826b880731045ae1aa2797ab2c1dacfd08967f1b3068a288f9e6dcec,JUL2026_StarlingStatement_2026-07.csv_84,JUL2026,starling,60-83-71 00558156,2026-07-15,-12.0,GBP,Peterborough City Council,PETERBOROUGH CITY COUN,Peterborough City Council PETERBOROUGH CITY COUN,ONLINE PAYMENT,45084.56,,TRAVEL,,TRAVEL,Peterborough City Council PETERBOROUGH CITY COUN Peterborough City Council PETERBOROUGH CITY COUN ONLINE PAYMENT,,,0,,OtherExpense,,,0.65,cat_otherexpense_35,catch_all,1,rule
2026-07-15,d8e3131ab02d63e143ed0f34e71b7186e49c6940fa75de8b43ed304cb5a28d19,JUL2026_StarlingStatement_2026-07.csv_85,JUL2026,starling,60-83-71 00558156,2026-07-15,-98.53,GBP,BP,BEDFORD SF CONNECT,BP BEDFORD SF CONNECT,CONTACTLESS,44986.03,,VEHICLES,,VEHICLES,BP BEDFORD SF CONNECT BP BEDFORD SF CONNECT CONTACTLESS,,,0,,OtherExpense,,,0.65,cat_otherexpense_35,catch_all,1,rule
2026-07-15,21168b8fed6c8a25eb7be13407e3e296e10d3d74784826045336ba3d7c51bff7,JUL2026_StarlingStatement_2026-07.csv_86,JUL2026,starling,60-83-71 00558156,2026-07-15,-10.0,GBP,Rocco VALENTINO TUCKER,admin,Rocco VALENTINO TUCKER admin,FASTER PAYMENT,44976.03,,REPAIRS_AND_MAINTENANCE,,REPAIRS_AND_MAINTENANCE,Rocco VALENTINO TUCKER admin Rocco VALENTINO TUCKER admin FASTER PAYMENT,,,0,,PersonalExpense,Rocco,,0.99,cat_propertyexpense_19,strong,0,rule
2026-07-15,de8348ff65e24820431e6c6ddf5cca304a2905c4dbf594f6e43c535ee5703f82,JUL2026_StarlingStatement_2026-07.csv_87,JUL2026,starling,60-83-71 00558156,2026-07-15,875.0,GBP,JAKE BISHOP,flat 2 321 london,JAKE BISHOP flat 2 321 london,FASTER PAYMENT,45851.03,,REVENUE,,REVENUE,JAKE BISHOP flat 2 321 london JAKE BISHOP flat 2 321 london FASTER PAYMENT,,,0,F2321LON,OurRent,,,0.99,prop_rent_F2321LON_72,strong,0,rule
2026-07-15,cd749da2a870754aa615fac4d9f549a9bd93965e30cbaf96181a34479f4bc43b,JUL2026_StarlingStatement_2026-07.csv_88,JUL2026,starling,60-83-71 00558156,2026-07-15,1000.0,GBP,UVAROV S,20 4-6 UVAROV,UVAROV S 20 4-6 UVAROV,FASTER PAYMENT,46851.03,,REVENUE,,REVENUE,UVAROV S 20 4-6 UVAROV UVAROV S 20 4-6 UVAROV FASTER PAYMENT,,,0,F2046ALH,OurRent,,,0.99,prop_rent_F2046ALH_93,strong,0,rule
2026-07-15,ed0454756d89c7621e93f2d26ce6d576917bcd9cc926d45c293ebae4a5b9ddc6,JUL2026_StarlingStatement_2026-07.csv_89,JUL2026,starling,60-83-71 00558156,2026-07-15,30.0,GBP,UVAROV S,20 4-6 UVAROV,UVAROV S 20 4-6 UVAROV,FASTER PAYMENT,46881.03,,REVENUE,,REVENUE,UVAROV S 20 4-6 UVAROV UVAROV S 20 4-6 UVAROV FASTER PAYMENT,,,0,F2046ALH,OurRent,,,0.99,prop_rent_F2046ALH_93,strong,0,rule
2026-07-16,00de05050a0acf82611bb41ecc768051df6bdebe6cb5451aae372782bffffa75,JUL2026_BC_6045_JUL2026.csv_20,JUL2026,barclays,20-74-09 60458872,2026-07-16,-18.99,GBP,,,PAYPAL PAYMENT        5CM22229DF5GW DDR,,,679848,,Direct Debit,Direct Debit,PAYPAL PAYMENT        5CM22229DF5GW DDR,,,0,,RegularPayment,,,0.99,cat_regularpayment_27,strong,0,rule
2026-07-16,a44cd129386d55c1585ec4f942f193a58e2c7fcf4f1bce4d0edd997c80c9c324,JUL2026_BC_3072_JUL2026.csv_40,JUL2026,barclays,20-53-97 30728691,2026-07-16,-34.18,GBP,,,BHAM MIDSHIRES        6792116720030000 DDR,,,184800,,Direct Debit,Direct Debit,BHAM MIDSHIRES        6792116720030000 DDR,,,0,F2321LON,Mortgage,,,0.99,prop_mort_F2321LON_5,strong,0,rule
2026-07-16,0c43816bc28ab44837b62e8cce1d061bc9f2cc7b67d7d07be949782ae2b3b8c3,JUL2026_BC_3072_JUL2026.csv_41,JUL2026,barclays,20-53-97 30728691,2026-07-16,-548.18,GBP,,,BHAM MIDSHIRES        6092045443050000 DDR,,,184800,,Direct Debit,Direct Debit,BHAM MIDSHIRES        6092045443050000 DDR,,,0,23BHAM,Mortgage,,,0.99,prop_mort_23BHAM_27,strong,0,rule
2026-07-16,213ec7f9ed9e81e30e6687653fdc11fa36b320e43a365a94f3fe38128a8335ea,JUL2026_BC_4040_JUL2026.csv_4,JUL2026,barclays,20-74-09 40406538,2026-07-16,-5.0,GBP,,,ALESSIO VALENTINO-    FROM MUMMY FT,,,0,,Funds Transfer,Funds Transfer,ALESSIO VALENTINO-    FROM MUMMY FT,,,0,,PersonalExpense,Alessio,,0.99,override_7,strong,0,rule
2026-07-16,2b4872105a9a92a7498bda12fc037f7bdc6ae1a27f00e566ae6d3e1f5f82a992,JUL2026_StarlingStatement_2026-07.csv_90,JUL2026,starling,60-83-71 00558156,2026-07-16,-324.0,GBP,Sequence Uk Ca Liverpo Wirral,SEQUENCE UK CA LIVERPO,Sequence Uk Ca Liverpo Wirral SEQUENCE UK CA LIVERPO,CARD PAYMENT,46557.03,,WORKPLACE,,WORKPLACE,Sequence Uk Ca Liverpo Wirral SEQUENCE UK CA LIVERPO Sequence Uk Ca Liverpo Wirral SEQUENCE UK CA LIVERPO CARD PAYMENT,,,0,,PropertyExpense,,,0.99,override_1,strong,1,rule
2026-07-16,ecc93ce894a68d8b6aada9437c2ccf5325ebb610f6abc8a4cf448ceedc75f658,JUL2026_StarlingStatement_2026-07.csv_91,JUL2026,starling,60-83-71 00558156,2026-07-16,-52.3,GBP,Marks & Spencer,MARKS&SPENCER PLC,Marks & Spencer MARKS&SPENCER PLC,CONTACTLESS,46504.73,,FOOD_AND_DRINK,,FOOD_AND_DRINK,Marks & Spencer MARKS&SPENCER PLC Marks & Spencer MARKS&SPENCER PLC CONTACTLESS,,,0,,PersonalExpense,M&S,,0.99,override_2,strong,0,rule
2026-07-16,96dc26271f82f3e5f002fc5346bd79404a4d4326d4255f354c70d8c28e31f560,JUL2026_StarlingStatement_2026-07.csv_92,JUL2026,starling,60-83-71 00558156,2026-07-16,-12.45,GBP,BP,BEDFORD SF CONNECT,BP BEDFORD SF CONNECT,CONTACTLESS,46492.28,,VEHICLES,,VEHICLES,BP BEDFORD SF CONNECT BP BEDFORD SF CONNECT CONTACTLESS,,,0,,OtherExpense,,,0.65,cat_otherexpense_35,catch_all,1,rule
2026-07-16,4ecc7aa02ca059f2360d0474da38c224955718e3d37583ce9a7f926adf231915,JUL2026_StarlingStatement_2026-07.csv_93,JUL2026,starling,60-83-71 00558156,2026-07-16,-120.0,GBP,Best Air,INV-1191 TUCKER,Best Air INV-1191 TUCKER,FASTER PAYMENT,46372.28,,REPAIRS_AND_MAINTENANCE,,REPAIRS_AND_MAINTENANCE,Best Air INV-1191 TUCKER Best Air INV-1191 TUCKER FASTER PAYMENT,,,0,,PropertyExpense,,,0.99,cat_propertyexpense_19,strong,1,rule
2026-07-17,9f26d596b6bdbfd15ae280332e6b0071d93559af1f4369377c74f90e631670ca,JUL2026_BC_6045_JUL2026.csv_21,JUL2026,barclays,20-74-09 60458872,2026-07-17,-5.0,GBP,,,ALESSIO               NANMONEY FT,,,0,,Funds Transfer,Funds Transfer,ALESSIO               NANMONEY FT,,,0,,PersonalExpense,Alessio,,0.99,override_7,strong,0,rule
2026-07-17,d15038178c3f5c7106e20aec83990c07f3cea284577230b5933fb6e20564176a,JUL2026_BC_3072_JUL2026.csv_42,JUL2026,barclays,20-53-97 30728691,2026-07-17,582.36,GBP,,,Rsa Capital Limite    mortgages BGC,,,0,,Counter Credit,Counter Credit,Rsa Capital Limite    mortgages BGC,,,0,,Interbank,,,0.99,override_40,strong,0,rule
2026-07-17,55b7198e8d91527f6ffda8c19046385f510c587a05253fef53a537a32b7b8a3f,JUL2026_StarlingStatement_2026-07.csv_94,JUL2026,starling,60-83-71 00558156,2026-07-17,800.0,GBP,S PERRY,FLAT 3 12-14,S PERRY FLAT 3 12-14,FASTER PAYMENT,47172.28,,REVENUE,,REVENUE,S PERRY FLAT 3 12-14 S PERRY FLAT 3 12-14 FASTER PAYMENT,,,0,F31214ALH,OurRent,,,0.99,prop_rent_F31214ALH_105,strong,0,rule
2026-07-17,acac431b7b6fa622c582734ab25fa48b8c78a25cbead8c078b5ef0282518481b,JUL2026_StarlingStatement_2026-07.csv_95,JUL2026,starling,60-83-71 00558156,2026-07-17,775.0,GBP,R Chowdhury,FLAT RENT,R Chowdhury FLAT RENT,FASTER PAYMENT,47947.28,,REVENUE,,REVENUE,R Chowdhury FLAT RENT R Chowdhury FLAT RENT FASTER PAYMENT,,,0,F1321LON,OurRent,,,0.99,prop_rent_F1321LON_71,strong,0,rule
2026-07-17,743857a7cf5517ef2a8496367640db7d15d8f9aadaba907a54621fdfd6fa950e,JUL2026_StarlingStatement_2026-07.csv_96,JUL2026,starling,60-83-71 00558156,2026-07-17,-582.36,GBP,Ivana Valentino 3072,mortgages,Ivana Valentino 3072 mortgages,FASTER PAYMENT,47364.92,,INTEREST_PAYMENTS,,INTEREST_PAYMENTS,Ivana Valentino 3072 mortgages Ivana Valentino 3072 mortgages FASTER PAYMENT,,,0,,MortgageRefund,Ivana,,0.99,cat_mortgagerefund_15,strong,0,rule
2026-07-17,e228d3572224a297691491f5efcccea8dffe523485561992ee16d2a4681b1433,JUL2026_StarlingStatement_2026-07.csv_97,JUL2026,starling,60-83-71 00558156,2026-07-17,-10.0,GBP,Marks & Spencer,MARKS&SPENCER PLC,Marks & Spencer MARKS&SPENCER PLC,CONTACTLESS,47354.92,,FOOD_AND_DRINK,,FOOD_AND_DRINK,Marks & Spencer MARKS&SPENCER PLC Marks & Spencer MARKS&SPENCER PLC CONTACTLESS,,,0,,PersonalExpense,M&S,,0.99,override_2,strong,0,rule
2026-07-17,1780ec47e0fee37dae46dc5bffbc69db963c8d7e6d0abdd2d2e1bd014c031814,JUL2026_StarlingStatement_2026-07.csv_98,JUL2026,starling,60-83-71 00558156,2026-07-17,-27.93,GBP,Marks & Spencer,MARKS&SPENCER PLC,Marks & Spencer MARKS&SPENCER PLC,CONTACTLESS,47326.99,,FOOD_AND_DRINK,,FOOD_AND_DRINK,Marks & Spencer MARKS&SPENCER PLC Marks & Spencer MARKS&SPENCER PLC CONTACTLESS,,,0,,PersonalExpense,M&S,,0.99,override_2,strong,0,rule
2026-07-17,0bfc69300c7033423ec82c3be127172b39c6d17c9f4b1b6991f436ae05ab1e58,JUL2026_StarlingStatement_2026-07.csv_99,JUL2026,starling,60-83-71 00558156,2026-07-17,-11.45,GBP,BP,BEDFORD SF CONNECT,BP BEDFORD SF CONNECT,CONTACTLESS,47315.54,,VEHICLES,,VEHICLES,BP BEDFORD SF CONNECT BP BEDFORD SF CONNECT CONTACTLESS,,,0,,OtherExpense,,,0.65,cat_otherexpense_35,catch_all,1,rule
2026-07-17,544d3b6d6a0793dc076babed5d8f6cd2e9efeb0be2b2360fd0ef10330825cf43,JUL2026_StarlingStatement_2026-07.csv_100,JUL2026,starling,60-83-71 00558156,2026-07-17,850.0,GBP,Lucy Morton-Scott,"Flat 11, 12-14","Lucy Morton-Scott Flat 11, 12-14",FASTER PAYMENT,48165.54,,REVENUE,,REVENUE,"Lucy Morton-Scott Flat 11, 12-14 Lucy Morton-Scott Flat 11, 12-14 FASTER PAYMENT",,,0,F111214ALH,OurRent,,,0.99,prop_rent_F111214ALH_102,strong,0,rule
2026-07-18,50458719e675c7ddd48f668656bdaca075f7e488dc4a5a688a88708205a2deed,JUL2026_StarlingStatement_2026-07.csv_101,JUL2026,starling,60-83-71 00558156,2026-07-18,-4.8,GBP,APCOA,APCOA LUTON AND DUNSTA,APCOA APCOA LUTON AND DUNSTA,CONTACTLESS,48160.74,,TRAVEL,,TRAVEL,APCOA APCOA LUTON AND DUNSTA APCOA APCOA LUTON AND DUNSTA CONTACTLESS,,,0,,OtherExpense,,,0.65,cat_otherexpense_35,catch_all,1,rule
2026-07-18,e0ea8d18ccd5754845cc4874ba2413b85436b12764492e1f351ad2f37dc57e44,JUL2026_StarlingStatement_2026-07.csv_102,JUL2026,starling,60-83-71 00558156,2026-07-18,-21.73,GBP,Boots,BOOTS 6407,Boots BOOTS 6407,CONTACTLESS,48139.01,,FOOD_AND_DRINK,,FOOD_AND_DRINK,Boots BOOTS 6407 Boots BOOTS 6407 CONTACTLESS,,,0,,PersonalExpense,Pharmacy/Opticians/Dental,,0.99,override_15,strong,0,rule
2026-07-18,48539dc97a3310d0c0e605dcdd759e42c494553e9661a9da14a8b09903d8bd84,JUL2026_StarlingStatement_2026-07.csv_103,JUL2026,starling,60-83-71 00558156,2026-07-18,-19.7,GBP,Co-op,CO OPERATIVE FOOD,Co-op CO OPERATIVE FOOD,CONTACTLESS,48119.31,,REPAIRS_AND_MAINTENANCE,,REPAIRS_AND_MAINTENANCE,Co-op CO OPERATIVE FOOD Co-op CO OPERATIVE FOOD CONTACTLESS,,,0,,PersonalExpense,COOP,,0.99,cat_propertyexpense_19,strong,0,rule
2026-07-18,c33b01a73ba633fcfe9e9d876b448bbb07782a627ed8ef57ac281ef047fa9ca9,JUL2026_StarlingStatement_2026-07.csv_104,JUL2026,starling,60-83-71 00558156,2026-07-18,-26.09,GBP,Co-op,CO OPERATIVE FOOD,Co-op CO OPERATIVE FOOD,CHIP & PIN,48093.22,,REPAIRS_AND_MAINTENANCE,,REPAIRS_AND_MAINTENANCE,Co-op CO OPERATIVE FOOD Co-op CO OPERATIVE FOOD CHIP & PIN,,,0,,PersonalExpense,COOP,,0.99,cat_propertyexpense_19,strong,0,rule
2026-07-18,7fbab3586dc1de300dcfa269ee8bf36e17765a5c9b8326b2d74427f3bb68a0dc,JUL2026_StarlingStatement_2026-07.csv_105,JUL2026,starling,60-83-71 00558156,2026-07-18,725.0,GBP,TULLETT C P,4163 Rent,TULLETT C P 4163 Rent,FASTER PAYMENT,48818.22,,REVENUE,,REVENUE,TULLETT C P 4163 Rent TULLETT C P 4163 Rent FASTER PAYMENT,,,0,F4163FRA,OurRent,,,0.99,prop_rent_F4163FRA_84,strong,0,rule
2026-07-18,d64d5b7a9f507f5b842039b19921953b1d2338589dbfd97479b99efd943bcca4,JUL2026_StarlingStatement_2026-07.csv_106,JUL2026,starling,60-83-71 00558156,2026-07-18,825.0,GBP,Muhammad Yasir,Rent 7 12-14,Muhammad Yasir Rent 7 12-14,FASTER PAYMENT,49643.22,,REVENUE,,REVENUE,Muhammad Yasir Rent 7 12-14 Muhammad Yasir Rent 7 12-14 FASTER PAYMENT,,,0,,OtherIncome,,,0.65,cat_otherincome_34,catch_all,1,rule
2026-07-19,8c4a9c6a57d67705ff673ad7b9eb3e3ac2de84c2fe136fc2c383989da32b8457,JUL2026_StarlingStatement_2026-07.csv_107,JUL2026,starling,60-83-71 00558156,2026-07-19,875.0,GBP,Eliesha Pettitt & I Okeleke,Rent,Eliesha Pettitt & I Okeleke Rent,FASTER PAYMENT,50518.22,,REVENUE,,REVENUE,Eliesha Pettitt & I Okeleke Rent Eliesha Pettitt & I Okeleke Rent FASTER PAYMENT,,,0,,OtherIncome,,,0.65,cat_otherincome_34,catch_all,1,rule
2026-07-19,255eaf5a8d3be2737155fa303ca7499ee54fb32c71cc0a8357bc294a4bc59f96,JUL2026_StarlingStatement_2026-07.csv_108,JUL2026,starling,60-83-71 00558156,2026-07-19,-17.28,GBP,172 Luton Dt,172 LUTON DT,172 Luton Dt 172 LUTON DT,CONTACTLESS,50500.94,,FOOD_AND_DRINK,,FOOD_AND_DRINK,172 Luton Dt 172 LUTON DT 172 Luton Dt 172 LUTON DT CONTACTLESS,,,0,,OtherExpense,,,0.65,cat_otherexpense_35,catch_all,1,rule
2026-07-19,5063ec0fb4d149b0448dbe5869abae7950ba095e299e72d3d14f55fdcbb5902d,JUL2026_StarlingStatement_2026-07.csv_109,JUL2026,starling,60-83-71 00558156,2026-07-19,-28.63,GBP,ALDI,ALDI,ALDI ALDI,CONTACTLESS,50472.31,,FOOD_AND_DRINK,,FOOD_AND_DRINK,ALDI ALDI ALDI ALDI CONTACTLESS,,,0,,PersonalExpense,ALDI,,0.99,override_20,strong,0,rule
2026-07-19,9ec8ded99789f55a4cebfcc9d9645b8da475e75500f9ef7a7b635e89d7180cf9,JUL2026_StarlingStatement_2026-07.csv_110,JUL2026,starling,60-83-71 00558156,2026-07-19,-10.49,GBP,KFC,KFC LUTON HATTERS WAY,KFC KFC LUTON HATTERS WAY,CONTACTLESS,50461.82,,FOOD_AND_DRINK,,FOOD_AND_DRINK,KFC KFC LUTON HATTERS WAY KFC KFC LUTON HATTERS WAY CONTACTLESS,,,0,,OtherExpense,,,0.65,cat_otherexpense_35,catch_all,1,rule
2026-07-19,f7f6b699f34b9117f244b61412155324772957bec248e3934ecf8c2d7a3245bd,JUL2026_StarlingStatement_2026-07.csv_111,JUL2026,starling,60-83-71 00558156,2026-07-19,-11.8,GBP,Co-op,CO OPERATIVE FOOD,Co-op CO OPERATIVE FOOD,CONTACTLESS,50450.02,,REPAIRS_AND_MAINTENANCE,,REPAIRS_AND_MAINTENANCE,Co-op CO OPERATIVE FOOD Co-op CO OPERATIVE FOOD CONTACTLESS,,,0,,PersonalExpense,COOP,,0.99,cat_propertyexpense_19,strong,0,rule
2026-07-19,41ae9342baa8c7a6282b0213750dc0dfdc66c45dac2995e7ae6025c99d2b4d15,JUL2026_StarlingStatement_2026-07.csv_112,JUL2026,starling,60-83-71 00558156,2026-07-19,-7.0,GBP,Luton Doz Web,LUTON EXP DROP OFF,Luton Doz Web LUTON EXP DROP OFF,ONLINE PAYMENT,50443.02,,TRAVEL,,TRAVEL,Luton Doz Web LUTON EXP DROP OFF Luton Doz Web LUTON EXP DROP OFF ONLINE PAYMENT,,,0,,OtherExpense,,,0.65,cat_otherexpense_35,catch_all,1,rule
2026-07-19,fcc348c26c79b4491649e739722651c021b1292e1326a0b0e65bdab0827673c7,JUL2026_StarlingStatement_2026-07.csv_113,JUL2026,starling,60-83-71 00558156,2026-07-19,-631.99,GBP,Central Energy South Limited,869 546 eicr consu,Central Energy South Limited 869 546 eicr consu,FASTER PAYMENT,49811.03,,REPAIRS_AND_MAINTENANCE,,REPAIRS_AND_MAINTENANCE,Central Energy South Limited 869 546 eicr consu Central Energy South Limited 869 546 eicr consu FASTER PAYMENT,,,0,,PropertyExpense,,,0.99,cat_propertyexpense_19,strong,1,rule
2026-07-19,fc97cb7bc58278d86406ba731871f6daaf4174c05659c58429a425f8fdcb4b94,JUL2026_StarlingStatement_2026-07.csv_114,JUL2026,starling,60-83-71 00558156,2026-07-19,-80.0,GBP,Central Energy South Limited,870 23c eicer,Central Energy South Limited 870 23c eicer,FASTER PAYMENT,49731.03,,REPAIRS_AND_MAINTENANCE,,REPAIRS_AND_MAINTENANCE,Central Energy South Limited 870 23c eicer Central Energy South Limited 870 23c eicer FASTER PAYMENT,,,0,23CHAM,PropertyExpense,,,0.99,prop_rent_23CHAM_89,strong,0,rule
2026-07-19,d46e904a7eb0c56631ae7650bf4f568da49305a44be95a20afad0a27754a92c1,JUL2026_StarlingStatement_2026-07.csv_115,JUL2026,starling,60-83-71 00558156,2026-07-19,-631.99,GBP,Central Energy South Limited,871 2146 eicr cons,Central Energy South Limited 871 2146 eicr cons,FASTER PAYMENT,49099.04,,REPAIRS_AND_MAINTENANCE,,REPAIRS_AND_MAINTENANCE,Central Energy South Limited 871 2146 eicr cons Central Energy South Limited 871 2146 eicr cons FASTER PAYMENT,,,0,,PropertyExpense,,,0.99,cat_propertyexpense_19,strong,1,rule
2026-07-19,293c4a94594bd903734ea565be5f9cac12f9c76699c2e800e372f38c3c29517a,JUL2026_StarlingStatement_2026-07.csv_116,JUL2026,starling,60-83-71 00558156,2026-07-19,-80.0,GBP,Central Energy South Limited,876 23b eicr,Central Energy South Limited 876 23b eicr,FASTER PAYMENT,49019.04,,REPAIRS_AND_MAINTENANCE,,REPAIRS_AND_MAINTENANCE,Central Energy South Limited 876 23b eicr Central Energy South Limited 876 23b eicr FASTER PAYMENT,,,0,23BHAM,PropertyExpense,,,0.99,prop_rent_23BHAM_88,strong,0,rule
2026-07-19,5dc801ad0406e4dd1b6f508d3ae5b8a3665fb56bf369c02667b589c3fb3b3dfd,JUL2026_StarlingStatement_2026-07.csv_117,JUL2026,starling,60-83-71 00558156,2026-07-19,-575.0,GBP,Central Energy South Limited,882 2246,Central Energy South Limited 882 2246,FASTER PAYMENT,48444.04,,REPAIRS_AND_MAINTENANCE,,REPAIRS_AND_MAINTENANCE,Central Energy South Limited 882 2246 Central Energy South Limited 882 2246 FASTER PAYMENT,,,0,,PropertyExpense,,,0.99,cat_propertyexpense_19,strong,1,rule
2026-07-19,1a27c7d82da271d14c5d8ec960fc21edde324cc2eec43fea5c6c179e9c0b0448,JUL2026_StarlingStatement_2026-07.csv_118,JUL2026,starling,60-83-71 00558156,2026-07-19,-631.99,GBP,Central Energy South Limited,883 61618 eicr con,Central Energy South Limited 883 61618 eicr con,FASTER PAYMENT,47812.05,,REPAIRS_AND_MAINTENANCE,,REPAIRS_AND_MAINTENANCE,Central Energy South Limited 883 61618 eicr con Central Energy South Limited 883 61618 eicr con FASTER PAYMENT,,,0,,PropertyExpense,,,0.99,cat_propertyexpense_19,strong,1,rule
2026-07-19,35d5dba822e0aeedd5ca45168c5b59cf17bbe956048bfbf360e6e35ed5dd759c,JUL2026_StarlingStatement_2026-07.csv_119,JUL2026,starling,60-83-71 00558156,2026-07-19,-180.0,GBP,Central Energy South Limited,884 1321 rep floor,Central Energy South Limited 884 1321 rep floor,FASTER PAYMENT,47632.05,,REPAIRS_AND_MAINTENANCE,,REPAIRS_AND_MAINTENANCE,Central Energy South Limited 884 1321 rep floor Central Energy South Limited 884 1321 rep floor FASTER PAYMENT,,,0,F1321LON,PropertyExpense,,,0.99,prop_rent_F1321LON_71,strong,0,rule
2026-07-20,85c17aa2116c071f157e47212e3ca4f0ddfb5f56b1adcb0bf53ac25a4c55a1ca,JUL2026_BC_6045_JUL2026.csv_22,JUL2026,barclays,20-74-09 60458872,2026-07-20,-200.0,GBP,,,ROCCO                 HAVEGOODTIMESPAIN FT,,,0,,Funds Transfer,Funds Transfer,ROCCO                 HAVEGOODTIMESPAIN FT,,,0,,PersonalExpense,Rocco,,0.99,override_6,strong,0,rule
2026-07-20,eef8be5eb1a7f9201991e3c452be608942dc0b09626c5a9be271a9081d2583ee,JUL2026_BC_6045_JUL2026.csv_23,JUL2026,barclays,20-74-09 60458872,2026-07-20,-17.3,GBP,,,AMZNMktplace*V673W    ON 18 JUL BCC,,,0,,Card Purchase,Card Purchase,AMZNMktplace*V673W    ON 18 JUL BCC,,,0,,PersonalExpense,Amazon,,0.99,cat_personalexpense_30,strong,0,rule
2026-07-20,a7549fd035fd400b625b078c65b3f95363883d66ca0eccaa2419d7b79578f0d6,JUL2026_BC_6045_JUL2026.csv_24,JUL2026,barclays,20-74-09 60458872,2026-07-20,-5.0,GBP,,,ALESSIO               FROMBEAN FT,,,0,,Funds Transfer,Funds Transfer,ALESSIO               FROMBEAN FT,,,0,,PersonalExpense,Alessio,,0.99,override_7,strong,0,rule
2026-07-20,2c445308a0b3c7508f0771b2344750d5076154862a78525551c58ead3f6dad20,JUL2026_BC_3072_JUL2026.csv_43,JUL2026,barclays,20-53-97 30728691,2026-07-20,-341.79,GBP,,,BHAM MIDSHIRES        6092042862000000 DDR,,,184800,,Direct Debit,Direct Debit,BHAM MIDSHIRES        6092042862000000 DDR,,,0,F2321LON,Mortgage,,,0.99,prop_mort_F2321LON_3,strong,0,rule
2026-07-20,a8545dc9a703cf06b15f01e1a49d3373051aa9d0862e7f910c936182bd649c9e,JUL2026_BC_4040_JUL2026.csv_5,JUL2026,barclays,20-74-09 40406538,2026-07-20,100.0,GBP,,,Rsa Capital Limite    admin BGC,,,0,,Counter Credit,Counter Credit,Rsa Capital Limite    admin BGC,,,0,,Interbank,,,0.99,override_40,strong,0,rule
2026-07-20,13539b60b6dd71815c3cf0c33b0e1974ff9eea01db5008cc309cc8eef7eceb03,JUL2026_BC_4040_JUL2026.csv_6,JUL2026,barclays,20-74-09 40406538,2026-07-20,-20.0,GBP,,,ALESSIO VALENTINO-    FROM MUMMY FT,,,0,,Funds Transfer,Funds Transfer,ALESSIO VALENTINO-    FROM MUMMY FT,,,0,,PersonalExpense,Alessio,,0.99,override_7,strong,0,rule
2026-07-20,5d790488612e54bfa674efd2b23cad4bcdc4051baaf42e03344bc5c18663b095,JUL2026_StarlingStatement_2026-07.csv_120,JUL2026,starling,60-83-71 00558156,2026-07-20,-250.0,GBP,Ivana Valentino,car,Ivana Valentino car,FASTER PAYMENT,47382.05,,VEHICLES,,VEHICLES,Ivana Valentino car Ivana Valentino car FASTER PAYMENT,,,0,,RegularPayment,Ivana,,0.99,override_37,strong,0,rule
2026-07-20,b2b0f6ee0f132013ade1d8f70e542044dd091fae3ae2d155a0b38751939e6adf,JUL2026_StarlingStatement_2026-07.csv_121,JUL2026,starling,60-83-71 00558156,2026-07-20,130.0,GBP,ENGLAND A,RENT TOP UP,ENGLAND A RENT TOP UP,FASTER PAYMENT,47512.05,,REVENUE,,REVENUE,ENGLAND A RENT TOP UP ENGLAND A RENT TOP UP FASTER PAYMENT,,,0,,OtherIncome,,,0.65,cat_otherincome_34,catch_all,1,rule
2026-07-20,60f0ac77c5e5718a0ad7abccd6f988dcc78ed19e2a2302316ec5b15379885eac,JUL2026_StarlingStatement_2026-07.csv_122,JUL2026,starling,60-83-71 00558156,2026-07-20,980.0,GBP,GONGORA OLIVA J,FLAT 22 4-6 ALHAMB,GONGORA OLIVA J FLAT 22 4-6 ALHAMB,FASTER PAYMENT,48492.05,,REVENUE,,REVENUE,GONGORA OLIVA J FLAT 22 4-6 ALHAMB GONGORA OLIVA J FLAT 22 4-6 ALHAMB FASTER PAYMENT,,,0,F2246ALH,OurRent,,,0.99,prop_rent_F2246ALH_95,strong,0,rule
2026-07-20,f91dd44987da60705ca683f824ea3aaf07c35ee326f2659f1414385f77ea2fce,JUL2026_StarlingStatement_2026-07.csv_123,JUL2026,starling,60-83-71 00558156,2026-07-20,-100.0,GBP,Ivana  VALENTINO,admin,Ivana  VALENTINO admin,FASTER PAYMENT,48392.05,,REPAIRS_AND_MAINTENANCE,,REPAIRS_AND_MAINTENANCE,Ivana  VALENTINO admin Ivana  VALENTINO admin FASTER PAYMENT,,,0,,PropertyExpense,,,0.99,cat_propertyexpense_19,strong,1,rule
2026-07-21,3f47c35d801ff6c93d231faf0c357445af659953023552d2a948fb6b78662e1c,JUL2026_BC_6045_JUL2026.csv_25,JUL2026,barclays,20-74-09 60458872,2026-07-21,-514.0,GBP,,,PAYPAL PAYMENT        5CM22229DF5GW DDR,,,679848,,Direct Debit,Direct Debit,PAYPAL PAYMENT        5CM22229DF5GW DDR,,,0,,RegularPayment,,,0.99,cat_regularpayment_27,strong,0,rule
2026-07-21,ebe55fd3d4d01a05fdb31a2b0ff8e0f0e513153aa875fbe8685f8b1a290887d1,JUL2026_BC_6045_JUL2026.csv_26,JUL2026,barclays,20-74-09 60458872,2026-07-21,-4.52,GBP,,,INTEREST CHARGED      INTEREST CHARGED,,,0,,Credit Payment,Credit Payment,INTEREST CHARGED      INTEREST CHARGED,,,0,,OtherExpense,,,0.99,override_17,strong,0,rule
2026-07-21,69a84d8a68fcb1ee2be3cbac97e0520ea3741011ddafdd8d7e2c224b54a94aa4,JUL2026_BC_4040_JUL2026.csv_7,JUL2026,barclays,20-74-09 40406538,2026-07-21,-25.0,GBP,,,ALESSIO VALENTINO-    FROM MUMMY FT,,,0,,Funds Transfer,Funds Transfer,ALESSIO VALENTINO-    FROM MUMMY FT,,,0,,PersonalExpense,Alessio,,0.99,override_7,strong,0,rule
2026-07-21,176882b391ac76f7a6439008dc63f35861052950795727bef64e29ca5940b637,JUL2026_StarlingStatement_2026-07.csv_124,JUL2026,starling,60-83-71 00558156,2026-07-21,695.0,GBP,Brett,000000003890168351,Brett 000000003890168351,DIRECT CREDIT,49087.05,,REVENUE,,REVENUE,Brett 000000003890168351 Brett 000000003890168351 DIRECT CREDIT,,,0,F3163FRA,OurRent,,,0.99,prop_rent_F3163FRA_83,strong,0,rule
2026-07-21,2d5f5f1385e15afa4a0c4f917665f4e5d92db528481db09b5b24b214a4b4b5ea,JUL2026_StarlingStatement_2026-07.csv_125,JUL2026,starling,60-83-71 00558156,2026-07-21,694.6,GBP,CHARTERS ESTATE AGENTS LIMITED,Flat 10 1214 Alham,CHARTERS ESTATE AGENTS LIMITED Flat 10 1214 Alham,FASTER PAYMENT,49781.65,,REVENUE,,REVENUE,CHARTERS ESTATE AGENTS LIMITED Flat 10 1214 Alham CHARTERS ESTATE AGENTS LIMITED Flat 10 1214 Alham FASTER PAYMENT,,,0,F101214ALH,OurRent,,,0.99,prop_rent_F101214ALH_101,strong,0,rule
2026-07-21,e7387f4ad4bf1ed3fbb17a692462cb1a6f148e9ecdec8ddfd133455232f1f6f8,JUL2026_StarlingStatement_2026-07.csv_126,JUL2026,starling,60-83-71 00558156,2026-07-21,-141.68,GBP,Tesco,TESCO STORES 2547,Tesco TESCO STORES 2547,CHIP & PIN,49639.97,,FOOD_AND_DRINK,,FOOD_AND_DRINK,Tesco TESCO STORES 2547 Tesco TESCO STORES 2547 CHIP & PIN,,,0,,PersonalExpense,Tesco,,0.99,override_9,strong,0,rule
2026-07-21,00ba346098ce878b6651e72895c442340890677ff74955b4949325f5a7f85bce,JUL2026_StarlingStatement_2026-07.csv_127,JUL2026,starling,60-83-71 00558156,2026-07-21,-11.9,GBP,Peter Taperek,paintray 3163,Peter Taperek paintray 3163,FASTER PAYMENT,49628.07,,REPAIRS_AND_MAINTENANCE,,REPAIRS_AND_MAINTENANCE,Peter Taperek paintray 3163 Peter Taperek paintray 3163 FASTER PAYMENT,,,0,F3163FRA,PropertyExpense,,,0.99,prop_rent_F3163FRA_83,strong,0,rule
2026-07-21,adf4895940e8c565a69075db9401e861d6bfa750ac00adccdbb167b582d13a1c,JUL2026_StarlingStatement_2026-07.csv_128,JUL2026,starling,60-83-71 00558156,2026-07-21,-16.0,GBP,Peter Taperek,3163 fr,Peter Taperek 3163 fr,FASTER PAYMENT,49612.07,,REPAIRS_AND_MAINTENANCE,,REPAIRS_AND_MAINTENANCE,Peter Taperek 3163 fr Peter Taperek 3163 fr FASTER PAYMENT,,,0,F3163FRA,PropertyExpense,,,0.99,prop_rent_F3163FRA_83,strong,0,rule
2026-07-22,0eefb472623fa4eb4e1aafc15cdd399dd9a82b11ccb5ac687c6196b1c992069f,JUL2026_BC_3072_JUL2026.csv_44,JUL2026,barclays,20-53-97 30728691,2026-07-22,-431.27,GBP,,,BHAM MIDSHIRES        6092076296020000 DDR,,,184800,,Direct Debit,Direct Debit,BHAM MIDSHIRES        6092076296020000 DDR,,,0,196AKIN,Mortgage,,,0.99,prop_mort_196AKIN_23,strong,0,rule
2026-07-22,cccec1cb21db2c13ed7ab46a39859701354f9c6e5dcd2b507f87593c33a9396e,JUL2026_BC_3072_JUL2026.csv_45,JUL2026,barclays,20-53-97 30728691,2026-07-22,-10.0,GBP,,,ID MOBILE LIMITED     11245718/001 DDR,,,298372,,Direct Debit,Direct Debit,ID MOBILE LIMITED     11245718/001 DDR,,,0,,RegularPayment,,,0.99,cat_regularpayment_27,strong,0,rule
2026-07-22,390cd92630abd717e424aaf387c60767182a1260aa9122cfc0fecbcb03b6819e,JUL2026_BC_3072_JUL2026.csv_46,JUL2026,barclays,20-53-97 30728691,2026-07-22,-10.0,GBP,,,ID MOBILE LIMITED     11888885/001 DDR,,,298372,,Direct Debit,Direct Debit,ID MOBILE LIMITED     11888885/001 DDR,,,0,,RegularPayment,,,0.99,cat_regularpayment_27,strong,0,rule
2026-07-22,ef9c1fc21a0afded0699ba8f2f690c4467f664b9dcfea82f9fa4b35ae27f494b,JUL2026_BC_3072_JUL2026.csv_47,JUL2026,barclays,20-53-97 30728691,2026-07-22,-18.08,GBP,,,INTEREST CHARGED      INTEREST CHARGED,,,0,,Credit Payment,Credit Payment,INTEREST CHARGED      INTEREST CHARGED,,,0,,OtherExpense,,,0.99,override_17,strong,0,rule
2026-07-22,6e7c00bd0b4d3d57fa1fc0d21ab78eeb35ac5979179d104a66b413419ea7c181,JUL2026_BC_4040_JUL2026.csv_8,JUL2026,barclays,20-74-09 40406538,2026-07-22,-11.31,GBP,,,INTEREST CHARGED      INTEREST CHARGED,,,0,,Credit Payment,Credit Payment,INTEREST CHARGED      INTEREST CHARGED,,,0,,OtherExpense,,,0.99,override_17,strong,0,rule
2026-07-22,40350407dce08cf76e6566bb39ad33ea2e014e2e639b8168a8f8abc377af088b,JUL2026_BC_4040_JUL2026.csv_9,JUL2026,barclays,20-74-09 40406538,2026-07-22,-4.25,GBP,,,BEDFORD SF CONNECT    ON 20 JUL CLP,,,0,,Contactless Card Purchase,Contactless Card Purchase,BEDFORD SF CONNECT    ON 20 JUL CLP,,,0,,PersonalExpense,Other,,0.99,cat_personalexpense_30,strong,0,rule
2026-07-22,c2022566368a764b173cfc83dc5e676cd4466967e6d2940ac6b6201c855a2932,JUL2026_StarlingStatement_2026-07.csv_129,JUL2026,starling,60-83-71 00558156,2026-07-22,-167.0,GBP,Wickes,WICKES BUILDING,Wickes WICKES BUILDING,ONLINE PAYMENT,49445.07,,REPAIRS_AND_MAINTENANCE,,REPAIRS_AND_MAINTENANCE,Wickes WICKES BUILDING Wickes WICKES BUILDING ONLINE PAYMENT,,,0,,PropertyExpense,,,0.99,cat_propertyexpense_19,strong,1,rule
2026-07-22,9fede5d31c88d016aa84a76044a17e419f1502d4c40aa6bc670d4b4fa97e00e5,JUL2026_StarlingStatement_2026-07.csv_130,JUL2026,starling,60-83-71 00558156,2026-07-22,-13.37,GBP,Marks & Spencer,MARKS&SPENCER PLC,Marks & Spencer MARKS&SPENCER PLC,CONTACTLESS,49431.7,,FOOD_AND_DRINK,,FOOD_AND_DRINK,Marks & Spencer MARKS&SPENCER PLC Marks & Spencer MARKS&SPENCER PLC CONTACTLESS,,,0,,PersonalExpense,M&S,,0.99,override_2,strong,0,rule
2026-07-23,54119e34168b84f9ac16e989b16467ea7796ebce0aea57d13f976f0e8b313cf1,JUL2026_BC_6045_JUL2026.csv_27,JUL2026,barclays,20-74-09 60458872,2026-07-23,-47.99,GBP,,,AMAZON UK* BH9JZ7P    ON 22 JUL BCC,,,0,,Card Purchase,Card Purchase,AMAZON UK* BH9JZ7P    ON 22 JUL BCC,,,0,,PersonalExpense,Amazon,,0.99,cat_personalexpense_30,strong,0,rule
2026-07-23,454319523291a80c5c1d954c1e1d14d6d8042325e54adddc13e6d7833699bcdd,JUL2026_StarlingStatement_2026-07.csv_131,JUL2026,starling,60-83-71 00558156,2026-07-23,925.0,GBP,A JOY,"ANGEL JOY  ,FLAT 1","A JOY ANGEL JOY  ,FLAT 1",FASTER PAYMENT,50356.7,,REVENUE,,REVENUE,"A JOY ANGEL JOY  ,FLAT 1 A JOY ANGEL JOY  ,FLAT 1 FASTER PAYMENT",,,0,F71214ALH,OurRent,,,0.99,prop_rent_F71214ALH_108,strong,0,rule
2026-07-23,fed0b508a2debcb47e77d37fdf626c2ee583ec0ba2064b27c48ceedc32013847,JUL2026_StarlingStatement_2026-07.csv_132,JUL2026,starling,60-83-71 00558156,2026-07-23,750.0,GBP,Michael  Pedace,FLAT2 171FAWCETT,Michael  Pedace FLAT2 171FAWCETT,FASTER PAYMENT,51106.7,,REVENUE,,REVENUE,Michael  Pedace FLAT2 171FAWCETT Michael  Pedace FLAT2 171FAWCETT FASTER PAYMENT,,,0,F2171FAW,OurRent,,,0.99,prop_rent_F2171FAW_80,strong,0,rule
2026-07-23,b90e0aa8a44136c55547b51adfcb001516b1e765c2c4f93465a206f14e272a1b,JUL2026_StarlingStatement_2026-07.csv_133,JUL2026,starling,60-83-71 00558156,2026-07-23,-68.6,GBP,Thameslink Railway,TL FLITWICK,Thameslink Railway TL FLITWICK,CONTACTLESS,51038.1,,TRAVEL,,TRAVEL,Thameslink Railway TL FLITWICK Thameslink Railway TL FLITWICK CONTACTLESS,,,0,,PersonalExpense,Rocco,,0.99,override_4,strong,0,rule
2026-07-23,7e78d89029999f0a1ff331cc4b5ac767a8c2b01a2522ad0a1e35cbfb187f50e0,JUL2026_StarlingStatement_2026-07.csv_134,JUL2026,starling,60-83-71 00558156,2026-07-23,-7.0,GBP,Luton Doz Web,LUTON EXP DROP OFF,Luton Doz Web LUTON EXP DROP OFF,ONLINE PAYMENT,51031.1,,TRAVEL,,TRAVEL,Luton Doz Web LUTON EXP DROP OFF Luton Doz Web LUTON EXP DROP OFF ONLINE PAYMENT,,,0,,OtherExpense,,,0.65,cat_otherexpense_35,catch_all,1,rule
2026-07-23,8c2389e3af0d28c6863fb9968f95dbd296687b3daee237f36efd9f1dea6357ef,JUL2026_StarlingStatement_2026-07.csv_135,JUL2026,starling,60-83-71 00558156,2026-07-23,-9.55,GBP,BP,STREATLEY SF CONNECT,BP STREATLEY SF CONNECT,CONTACTLESS,51021.55,,VEHICLES,,VEHICLES,BP STREATLEY SF CONNECT BP STREATLEY SF CONNECT CONTACTLESS,,,0,,OtherExpense,,,0.65,cat_otherexpense_35,catch_all,1,rule
2026-07-23,cb5c9ed2854262e366e5df06455638fea176c93aa077989efafaf8b3febf09d2,JUL2026_StarlingStatement_2026-07.csv_136,JUL2026,starling,60-83-71 00558156,2026-07-23,1000.0,GBP,S Cresdee,3321,S Cresdee 3321,FASTER PAYMENT,52021.55,,REVENUE,,REVENUE,S Cresdee 3321 S Cresdee 3321 FASTER PAYMENT,,,0,F3321LON,OurRent,,,0.99,prop_rent_F3321LON_73,strong,0,rule
2026-07-24,a2f3252016597fdf31963424e3b1405e5c3c1f3ece0a01c35107c7914f09ec9a,JUL2026_BC_4040_JUL2026.csv_10,JUL2026,barclays,20-74-09 40406538,2026-07-24,-2.65,GBP,,,LUTON AND DUNSTABL    ON 23 JUL CLP,,,0,,Contactless Card Purchase,Contactless Card Purchase,LUTON AND DUNSTABL    ON 23 JUL CLP,,,0,,PersonalExpense,Other,,0.99,cat_personalexpense_30,strong,0,rule
2026-07-24,3816d722f2523faf10f954ca79a35c452a3ce55c5beab8d01c8b4745481c9483,JUL2026_BC_4040_JUL2026.csv_11,JUL2026,barclays,20-74-09 40406538,2026-07-24,-3.7,GBP,,,LUTON AND DUNSTABL    ON 23 JUL CLP,,,0,,Contactless Card Purchase,Contactless Card Purchase,LUTON AND DUNSTABL    ON 23 JUL CLP,,,0,,PersonalExpense,Other,,0.99,cat_personalexpense_30,strong,0,rule
2026-07-24,34b3ed41b98c2131bdab49d282eca1100ec9caaf80f699a0721092bb92c5d39a,JUL2026_BC_4040_JUL2026.csv_12,JUL2026,barclays,20-74-09 40406538,2026-07-24,-10.0,GBP,,,ALESSIO VALENTINO-    FROM MUMMY FT,,,0,,Funds Transfer,Funds Transfer,ALESSIO VALENTINO-    FROM MUMMY FT,,,0,,PersonalExpense,Alessio,,0.99,override_7,strong,0,rule
2026-07-24,b58aa21a0603a59d25dcf9d54623ad552b344328099b2c6da3d8964eda90ef9f,JUL2026_StarlingStatement_2026-07.csv_137,JUL2026,starling,60-83-71 00558156,2026-07-24,-6.0,GBP,APCOA,APCOA LUTON AND DUNSTA,APCOA APCOA LUTON AND DUNSTA,CONTACTLESS,52015.55,,TRAVEL,,TRAVEL,APCOA APCOA LUTON AND DUNSTA APCOA APCOA LUTON AND DUNSTA CONTACTLESS,,,0,,OtherExpense,,,0.65,cat_otherexpense_35,catch_all,1,rule
2026-07-24,1f9ee7d600deaeee38a7908f33e8af50a5ed2ae8ca10dbfa9427298b991efa60,JUL2026_StarlingStatement_2026-07.csv_138,JUL2026,starling,60-83-71 00558156,2026-07-24,-87.29,GBP,Tesco Petrol,TESCO PAY AT PUMP 3822,Tesco Petrol TESCO PAY AT PUMP 3822,CHIP & PIN,51928.26,,VEHICLES,,VEHICLES,Tesco Petrol TESCO PAY AT PUMP 3822 Tesco Petrol TESCO PAY AT PUMP 3822 CHIP & PIN,,,0,,PersonalExpense,Garage,,0.99,override_9,strong,0,rule
2026-07-24,9539f08be6627257a584449a77b0b2338b134a4c7ab5ff34888167957a99d85f,JUL2026_StarlingStatement_2026-07.csv_139,JUL2026,starling,60-83-71 00558156,2026-07-24,-61.89,GBP,Tesco,TESCO STORES 2547,Tesco TESCO STORES 2547,CONTACTLESS,51866.37,,FOOD_AND_DRINK,,FOOD_AND_DRINK,Tesco TESCO STORES 2547 Tesco TESCO STORES 2547 CONTACTLESS,,,0,,PersonalExpense,Tesco,,0.99,override_9,strong,0,rule
2026-07-24,2683dd918751dfc8da8c4c1299171fab5fe64a65ab990d00e96113d326eb2c8e,JUL2026_StarlingStatement_2026-07.csv_140,JUL2026,starling,60-83-71 00558156,2026-07-24,-21.65,GBP,Co-op,CO OPERATIVE FOOD,Co-op CO OPERATIVE FOOD,CONTACTLESS,51844.72,,REPAIRS_AND_MAINTENANCE,,REPAIRS_AND_MAINTENANCE,Co-op CO OPERATIVE FOOD Co-op CO OPERATIVE FOOD CONTACTLESS,,,0,,PersonalExpense,COOP,,0.99,cat_propertyexpense_19,strong,0,rule
2026-07-24,1b6e174225e39bb2938e28b311bfdbdc4e899d4a7702d67fbc48a6d4b41b611f,JUL2026_StarlingStatement_2026-07.csv_141,JUL2026,starling,60-83-71 00558156,2026-07-24,-49.5,GBP,Marks & Spencer,MARKS&SPENCER PLC,Marks & Spencer MARKS&SPENCER PLC,CONTACTLESS,51795.22,,FOOD_AND_DRINK,,FOOD_AND_DRINK,Marks & Spencer MARKS&SPENCER PLC Marks & Spencer MARKS&SPENCER PLC CONTACTLESS,,,0,,PersonalExpense,M&S,,0.99,override_2,strong,0,rule
2026-07-25,6bf80e92ddd4ff55a584d24e30e919a473e8ebcc991f5af024e916d40bc26862,JUL2026_StarlingStatement_2026-07.csv_142,JUL2026,starling,60-83-71 00558156,2026-07-25,-28.8,GBP,Taxcalc,taxcalc.com,Taxcalc taxcalc.com,CARD PAYMENT,51766.42,,ADMIN,,ADMIN,Taxcalc taxcalc.com Taxcalc taxcalc.com CARD PAYMENT,,,0,,PropertyExpense,,,0.99,cat_propertyexpense_10,strong,1,rule
2026-07-25,54fb52fe6ab0a3a77959a1b9c9f5445d8eab669d7a08b10391d4f86368fb669f,JUL2026_StarlingStatement_2026-07.csv_143,JUL2026,starling,60-83-71 00558156,2026-07-25,-19.64,GBP,Co-op,CO OPERATIVE FOOD,Co-op CO OPERATIVE FOOD,CONTACTLESS,51746.78,,REPAIRS_AND_MAINTENANCE,,REPAIRS_AND_MAINTENANCE,Co-op CO OPERATIVE FOOD Co-op CO OPERATIVE FOOD CONTACTLESS,,,0,,PersonalExpense,COOP,,0.99,cat_propertyexpense_19,strong,0,rule
2026-07-25,c199b9795c9a80a553352c13e650ddb8e09bef4bea1b8f2f83ae972721d708ec,JUL2026_StarlingStatement_2026-07.csv_144,JUL2026,starling,60-83-71 00558156,2026-07-25,-300.0,GBP,Central Energy South Limited,898 1321 floor,Central Energy South Limited 898 1321 floor,FASTER PAYMENT,51446.78,,REPAIRS_AND_MAINTENANCE,,REPAIRS_AND_MAINTENANCE,Central Energy South Limited 898 1321 floor Central Energy South Limited 898 1321 floor FASTER PAYMENT,,,0,F1321LON,PropertyExpense,,,0.99,prop_rent_F1321LON_71,strong,0,rule
2026-07-25,1ee2f39cfc1cd30a964f7d57600c6d11e3f1dfeb38e137f0991c7c67d055427d,JUL2026_StarlingStatement_2026-07.csv_145,JUL2026,starling,60-83-71 00558156,2026-07-25,-270.0,GBP,Central Energy South Limited,897 1171 rep,Central Energy South Limited 897 1171 rep,FASTER PAYMENT,51176.78,,REPAIRS_AND_MAINTENANCE,,REPAIRS_AND_MAINTENANCE,Central Energy South Limited 897 1171 rep Central Energy South Limited 897 1171 rep FASTER PAYMENT,,,0,F1171FAW,PropertyExpense,,,0.99,prop_rent_F1171FAW_79,strong,0,rule
2026-07-25,1cf674a5984fea28e429f5285deb9b9773cb4fd9a7ef6c0e0a9f683e5e136cd7,JUL2026_StarlingStatement_2026-07.csv_146,JUL2026,starling,60-83-71 00558156,2026-07-25,825.0,GBP,F Kubra,41214,F Kubra 41214,FASTER PAYMENT,52001.78,,REVENUE,,REVENUE,F Kubra 41214 F Kubra 41214 FASTER PAYMENT,,,0,F41214ALH,OurRent,,,0.99,prop_rent_F41214ALH_66,strong,0,rule
2026-07-26,45bb5cbd9b824cade527d34833e3d96a7e3e7b851dfcb33ce448e9f4b900823f,JUL2026_StarlingStatement_2026-07.csv_147,JUL2026,starling,60-83-71 00558156,2026-07-26,-11.0,GBP,IMO Carwash,ANDUFF CAR WASH LIMITE,IMO Carwash ANDUFF CAR WASH LIMITE,CONTACTLESS,51990.78,,VEHICLES,,VEHICLES,IMO Carwash ANDUFF CAR WASH LIMITE IMO Carwash ANDUFF CAR WASH LIMITE CONTACTLESS,,,0,,OtherExpense,,,0.65,cat_otherexpense_35,catch_all,1,rule
2026-07-26,676d02e74774b4a38d90349a7e7473c49d3e24a6fbafd442fe87509486ebbf6c,JUL2026_StarlingStatement_2026-07.csv_148,JUL2026,starling,60-83-71 00558156,2026-07-26,-4.8,GBP,Harpur Centre Bedford,Harpur Centre Bedford,Harpur Centre Bedford Harpur Centre Bedford,CONTACTLESS,51985.98,,TRAVEL,,TRAVEL,Harpur Centre Bedford Harpur Centre Bedford Harpur Centre Bedford Harpur Centre Bedford CONTACTLESS,,,0,,OtherExpense,,,0.65,cat_otherexpense_35,catch_all,1,rule
2026-07-26,50459865012ea21f895c11afaa57c1a2ae3ac4eec2f19b91d7e30367388c5753,JUL2026_StarlingStatement_2026-07.csv_149,JUL2026,starling,60-83-71 00558156,2026-07-26,-811.14,GBP,Ivana Valentino 3072,mortgages,Ivana Valentino 3072 mortgages,FASTER PAYMENT,51174.84,,INTEREST_PAYMENTS,,INTEREST_PAYMENTS,Ivana Valentino 3072 mortgages Ivana Valentino 3072 mortgages FASTER PAYMENT,,,0,,MortgageRefund,Ivana,,0.99,cat_mortgagerefund_15,strong,0,rule
2026-07-26,c15dd8ab37e4f2b90c9264e88a16f109a9ea3f4526db8e4d1989b7a4daecdc9c,JUL2026_StarlingStatement_2026-07.csv_150,JUL2026,starling,60-83-71 00558156,2026-07-26,-18.75,GBP,Peter Taperek,3163 rep,Peter Taperek 3163 rep,FASTER PAYMENT,51156.09,,REPAIRS_AND_MAINTENANCE,,REPAIRS_AND_MAINTENANCE,Peter Taperek 3163 rep Peter Taperek 3163 rep FASTER PAYMENT,,,0,F3163FRA,PropertyExpense,,,0.99,prop_rent_F3163FRA_83,strong,0,rule
2026-07-27,957837431a2a16b8d5dcad6388a7980be9f4afb9b30ed955fa010bd007288913,JUL2026_BC_6045_JUL2026.csv_28,JUL2026,barclays,20-74-09 60458872,2026-07-27,-5.0,GBP,,,ALESSIO               FROMBEAN FT,,,0,,Funds Transfer,Funds Transfer,ALESSIO               FROMBEAN FT,,,0,,PersonalExpense,Alessio,,0.99,override_7,strong,0,rule
2026-07-27,ba4caa717d6fccf210776e5cedea9251c7161f9dc58db6ca2f8683ec13e350e3,JUL2026_BC_6045_JUL2026.csv_29,JUL2026,barclays,20-74-09 60458872,2026-07-27,1073.77,GBP,,,M Tucker              SF BGC,,,0,,Counter Credit,Counter Credit,M Tucker              SF BGC,,,0,,MTPayment,,,0.99,override_41,strong,0,rule
2026-07-27,48eaf5816c2dba51037ca7ada3dfc9b07d0403650978557c1d7804de8c188ec2,JUL2026_BC_6045_JUL2026.csv_30,JUL2026,barclays,20-74-09 60458872,2026-07-27,-45.11,GBP,,,PAYPAL PAYMENT        5CM22229DF5GW DDR,,,679848,,Direct Debit,Direct Debit,PAYPAL PAYMENT        5CM22229DF5GW DDR,,,0,,RegularPayment,,,0.99,cat_regularpayment_27,strong,0,rule
2026-07-27,9db610e7d29190bba732d20155b655759e48237d482704b14c1c9049c0bca04e,JUL2026_BC_3072_JUL2026.csv_48,JUL2026,barclays,20-53-97 30728691,2026-07-27,811.14,GBP,,,Rsa Capital Limite    mortgages BGC,,,0,,Counter Credit,Counter Credit,Rsa Capital Limite    mortgages BGC,,,0,,Interbank,,,0.99,override_40,strong,0,rule
2026-07-27,dbda98003035523c8e4c46b9a1946f994404b15aa92650e77bb142e5052c2449,JUL2026_BC_3072_JUL2026.csv_49,JUL2026,barclays,20-53-97 30728691,2026-07-27,-29.72,GBP,,,H3G                   980404269602200103 DD,,,948449,,Direct Debit,Direct Debit,H3G                   980404269602200103 DD,,,0,,RegularPayment,,,0.99,cat_regularpayment_27,strong,0,rule
2026-07-27,2a94c9b9a7f4c24cf4ede698c5ec41dc9d9617d7fe2fe468c2d45f7971213d9a,JUL2026_StarlingStatement_2026-07.csv_151,JUL2026,starling,60-83-71 00558156,2026-07-27,695.0,GBP,Tap,000000003900066308,Tap 000000003900066308,DIRECT CREDIT,51851.09,,REVENUE,,REVENUE,Tap 000000003900066308 Tap 000000003900066308 DIRECT CREDIT,,,0,,OtherIncome,,,0.65,cat_otherincome_34,catch_all,1,rule
2026-07-27,9f6e7b8ff215e9c1d251fcee86bfbd54267ffba9d1d8896140cf8674fc6c1b1c,JUL2026_StarlingStatement_2026-07.csv_152,JUL2026,starling,60-83-71 00558156,2026-07-27,900.0,GBP,D McGowan,1846,D McGowan 1846,FASTER PAYMENT,52751.09,,REVENUE,,REVENUE,D McGowan 1846 D McGowan 1846 FASTER PAYMENT,,,0,F1846ALH,OurRent,,,0.99,prop_rent_F1846ALH_91,strong,0,rule
2026-07-27,184ad9ccfc90b32aeb1d7eb58492c228529268d0e22bc8d46d028ab8b30e88bc,JUL2026_StarlingStatement_2026-07.csv_153,JUL2026,starling,60-83-71 00558156,2026-07-27,-76.9,GBP,Wagamama Fp Bedf,WAGAMAMA  FP 6240 BEDF,Wagamama Fp Bedf WAGAMAMA  FP 6240 BEDF,CONTACTLESS,52674.19,,FOOD_AND_DRINK,,FOOD_AND_DRINK,Wagamama Fp Bedf WAGAMAMA  FP 6240 BEDF Wagamama Fp Bedf WAGAMAMA  FP 6240 BEDF CONTACTLESS,,,0,,PersonalExpense,EatingOut,,0.99,override_33,strong,0,rule
2026-07-27,b93910204ea2a3f42dd1bcb27da19cd50ddacdb65a8cc8afd0cd2fbc9b118110,JUL2026_StarlingStatement_2026-07.csv_154,JUL2026,starling,60-83-71 00558156,2026-07-27,-8.99,GBP,Amazon Prime,Amazon Prime*JG2FP2QY5,Amazon Prime Amazon Prime*JG2FP2QY5,CARD SUBSCRIPTION,52665.2,,ADMIN,,ADMIN,Amazon Prime Amazon Prime*JG2FP2QY5 Amazon Prime Amazon Prime*JG2FP2QY5 CARD SUBSCRIPTION,,,0,,PropertyExpense,,,0.99,cat_propertyexpense_10,strong,1,rule
2026-07-27,2bba189fb253473d32ac361e5d9607abf7f9f0275311861a73587a1bba6c3eef,JUL2026_StarlingStatement_2026-07.csv_155,JUL2026,starling,60-83-71 00558156,2026-07-27,-156.5,GBP,HM Passport Office,HM PASSPORT OFFICE,HM Passport Office HM PASSPORT OFFICE,ONLINE PAYMENT,52508.7,,PROFESSIONAL_SERVICES,,PROFESSIONAL_SERVICES,HM Passport Office HM PASSPORT OFFICE HM Passport Office HM PASSPORT OFFICE ONLINE PAYMENT,,,0,,OtherExpense,,,0.65,cat_otherexpense_35,catch_all,1,rule
2026-07-27,07978149474726501d2ce64e2d808537ad093aa0d0c0ac0e5b43b308f3b45793,JUL2026_StarlingStatement_2026-07.csv_156,JUL2026,starling,60-83-71 00558156,2026-07-27,-25.4,GBP,Co-op,CO OPERATIVE FOOD,Co-op CO OPERATIVE FOOD,CONTACTLESS,52483.3,,REPAIRS_AND_MAINTENANCE,,REPAIRS_AND_MAINTENANCE,Co-op CO OPERATIVE FOOD Co-op CO OPERATIVE FOOD CONTACTLESS,,,0,,PersonalExpense,COOP,,0.99,cat_propertyexpense_19,strong,0,rule
2026-07-27,a69a25300984e1a3b5189b8a3873038a90cb8f9ad79b36a8cf542794e66007f1,JUL2026_StarlingStatement_2026-07.csv_157,JUL2026,starling,60-83-71 00558156,2026-07-27,-37.4,GBP,Co-op,CO OPERATIVE FOOD,Co-op CO OPERATIVE FOOD,CONTACTLESS,52445.9,,REPAIRS_AND_MAINTENANCE,,REPAIRS_AND_MAINTENANCE,Co-op CO OPERATIVE FOOD Co-op CO OPERATIVE FOOD CONTACTLESS,,,0,,PersonalExpense,COOP,,0.99,cat_propertyexpense_19,strong,0,rule
2026-07-28,5ff1028b7abdc6b586ea2100a5db67470a1d8ff5396535c1a835c3415ebf4da9,JUL2026_BC_3072_JUL2026.csv_50,JUL2026,barclays,20-53-97 30728691,2026-07-28,-50.0,GBP,,,BOOTS OPTICIANS       A45028400000736 DDR,,,760589,,Direct Debit,Direct Debit,BOOTS OPTICIANS       A45028400000736 DDR,,,0,,PersonalExpense,Pharmacy/Opticians/Dental,,0.99,cat_regularpayment_27,strong,0,rule
2026-07-28,7a786548a4e840d7437409a984c7ce93161fbef562639978796bcc742915e96c,JUL2026_BC_3072_JUL2026.csv_51,JUL2026,barclays,20-53-97 30728691,2026-07-28,-482.31,GBP,,,TOGETHER COMMERCIA    10279063 DDR,,,687470,,Direct Debit,Direct Debit,TOGETHER COMMERCIA    10279063 DDR,,,0,,RegularPayment,SFLoan,,0.99,cat_regularpayment_27,strong,0,rule
2026-07-28,5431e260c86a7a51914a162145b1c6284bb670886dd1410f44f93598f81c2e5a,JUL2026_BC_4040_JUL2026.csv_13,JUL2026,barclays,20-74-09 40406538,2026-07-28,-6.0,GBP,,,ALESSIO VALENTINO-    FROM MUMMY FT,,,0,,Funds Transfer,Funds Transfer,ALESSIO VALENTINO-    FROM MUMMY FT,,,0,,PersonalExpense,Alessio,,0.99,override_7,strong,0,rule
2026-07-28,2fe8d234e9f071bcdcbf842a62a722dcc43e1050ea441935f2bcc7b9764fc510,JUL2026_BC_4040_JUL2026.csv_14,JUL2026,barclays,20-74-09 40406538,2026-07-28,-0.49,GBP,,,ALESSIO VALENTINO-    FROM MUMMY FT,,,0,,Funds Transfer,Funds Transfer,ALESSIO VALENTINO-    FROM MUMMY FT,,,0,,PersonalExpense,Alessio,,0.99,override_7,strong,0,rule
2026-07-28,acc3918f132306a08a9954480f13564fcb55c260152d5e37862c3374ed206582,JUL2026_BC_4040_JUL2026.csv_15,JUL2026,barclays,20-74-09 40406538,2026-07-28,-5.0,GBP,,,ALESSIO VALENTINO-    FROM MUMMY FT,,,0,,Funds Transfer,Funds Transfer,ALESSIO VALENTINO-    FROM MUMMY FT,,,0,,PersonalExpense,Alessio,,0.99,override_7,strong,0,rule
2026-07-28,d259774261401b1661cb57ed6dfadaf82277ce07a9cffe5ad1ccc3c28e5cdf41,JUL2026_BC_4040_JUL2026.csv_16,JUL2026,barclays,20-74-09 40406538,2026-07-28,-10.0,GBP,,,200574 28JUL 16.42    E4 BEDFORD ATM,,,0,,Cash Withdrawal,Cash Withdrawal,200574 28JUL 16.42    E4 BEDFORD ATM,,,0,,PersonalExpense,Cash,,0.99,cat_personalexpense_31,strong,0,rule
2026-07-28,bdb658057fcb821f3b95c5e2926efd2fa8d39139c419f49d3e29e9e3635eaa6e,JUL2026_StarlingStatement_2026-07.csv_158,JUL2026,starling,60-83-71 00558156,2026-07-28,850.0,GBP,Matthew  Watts,196A KINGSTON ROAD,Matthew  Watts 196A KINGSTON ROAD,FASTER PAYMENT,53295.9,,REVENUE,,REVENUE,Matthew  Watts 196A KINGSTON ROAD Matthew  Watts 196A KINGSTON ROAD FASTER PAYMENT,,,0,196AKIN,OurRent,,,0.99,prop_rent_196AKIN_86,strong,0,rule
2026-07-28,59f138cf361b3489789c768c2a633557a24ce25147eea636e89409880b0e48c2,JUL2026_StarlingStatement_2026-07.csv_159,JUL2026,starling,60-83-71 00558156,2026-07-28,-49.6,GBP,Marks & Spencer,MARKS&SPENCER PLC,Marks & Spencer MARKS&SPENCER PLC,CONTACTLESS,53246.3,,FOOD_AND_DRINK,,FOOD_AND_DRINK,Marks & Spencer MARKS&SPENCER PLC Marks & Spencer MARKS&SPENCER PLC CONTACTLESS,,,0,,PersonalExpense,M&S,,0.99,override_2,strong,0,rule
2026-07-28,51b4c9bd080f61a938d4f5a3591c7ca0b0acff2658601928b41e6794b5ed41fc,JUL2026_StarlingStatement_2026-07.csv_160,JUL2026,starling,60-83-71 00558156,2026-07-28,875.0,GBP,Dono Kuriakose,11 16-18- rent,Dono Kuriakose 11 16-18- rent,FASTER PAYMENT,54121.3,,REVENUE,,REVENUE,Dono Kuriakose 11 16-18- rent Dono Kuriakose 11 16-18- rent FASTER PAYMENT,,,0,F111618ALH,OurRent,,,0.99,prop_rent_F111618ALH_109,strong,0,rule
2026-07-29,e74552becc58d2522e1dcc94637bf7cc2e89ed2e682f023fb7073b7f2bef2b99,JUL2026_BC_3072_JUL2026.csv_52,JUL2026,barclays,20-53-97 30728691,2026-07-29,-304.08,GBP,,,BHAM MIDSHIRES        6092036837070000 DDR,,,184800,,Direct Debit,Direct Debit,BHAM MIDSHIRES        6092036837070000 DDR,,,0,F4163FRA,Mortgage,,,0.99,prop_mort_F4163FRA_20,strong,0,rule
2026-07-29,6cddc00c2d41a9dd78e7ec2097229ee7a9f28ca19a43a9aa8be1e86ae3351b7a,JUL2026_StarlingStatement_2026-07.csv_161,JUL2026,starling,60-83-71 00558156,2026-07-29,452.0,GBP,CHARTERS ESTATE AGENTS LIMITED,Shop 196 Kingston,CHARTERS ESTATE AGENTS LIMITED Shop 196 Kingston,FASTER PAYMENT,54573.3,,REVENUE,,REVENUE,CHARTERS ESTATE AGENTS LIMITED Shop 196 Kingston CHARTERS ESTATE AGENTS LIMITED Shop 196 Kingston FASTER PAYMENT,,,0,SHOP196KIN,OurRent,,,0.99,prop_rent_SHOP196KIN_85,strong,0,rule
2026-07-29,68181301325e9ff021e1337d00a9e643743418fe030639af6b067585b7ce1d0b,JUL2026_StarlingStatement_2026-07.csv_162,JUL2026,starling,60-83-71 00558156,2026-07-29,-1.99,GBP,Microsoft,Microsoft*Microsoft 36,Microsoft Microsoft*Microsoft 36,CARD SUBSCRIPTION,54571.31,,PHONE_AND_INTERNET,,PHONE_AND_INTERNET,Microsoft Microsoft*Microsoft 36 Microsoft Microsoft*Microsoft 36 CARD SUBSCRIPTION,,,0,,OtherExpense,,,0.65,cat_otherexpense_35,catch_all,1,rule
2026-07-29,ec3986d18599406041b577eac7c8a6c93ca1f24dd58f11d561bf50ee1c54aa5c,JUL2026_StarlingStatement_2026-07.csv_163,JUL2026,starling,60-83-71 00558156,2026-07-29,-22.89,GBP,Boots,"BOOTS,BEDFORD","Boots BOOTS,BEDFORD",CONTACTLESS,54548.42,,FOOD_AND_DRINK,,FOOD_AND_DRINK,"Boots BOOTS,BEDFORD Boots BOOTS,BEDFORD CONTACTLESS",,,0,,PersonalExpense,Pharmacy/Opticians/Dental,,0.99,override_15,strong,0,rule
2026-07-29,48272a6339f0655fa8e2c65d2bb90254a042efe4ff503049d4d2e928cc00ef3c,JUL2026_StarlingStatement_2026-07.csv_164,JUL2026,starling,60-83-71 00558156,2026-07-29,-15.65,GBP,Tesco,TESCO STORES,Tesco TESCO STORES,CONTACTLESS,54532.77,,FOOD_AND_DRINK,,FOOD_AND_DRINK,Tesco TESCO STORES Tesco TESCO STORES CONTACTLESS,,,0,,PersonalExpense,Tesco,,0.99,override_9,strong,0,rule
2026-07-29,2191845811a0916c44f4c227d99273b2063f7d4d00a6672089e70dabe724e60c,JUL2026_StarlingStatement_2026-07.csv_165,JUL2026,starling,60-83-71 00558156,2026-07-29,-1.8,GBP,Harpur Centre Bedford,Harpur Centre Bedford,Harpur Centre Bedford Harpur Centre Bedford,CONTACTLESS,54530.97,,TRAVEL,,TRAVEL,Harpur Centre Bedford Harpur Centre Bedford Harpur Centre Bedford Harpur Centre Bedford CONTACTLESS,,,0,,OtherExpense,,,0.65,cat_otherexpense_35,catch_all,1,rule
2026-07-29,f14d8bc714d75b7cffc3dab92f92d63dbe8c4e85f89ec1b9ec8cbfa92f411060,JUL2026_StarlingStatement_2026-07.csv_166,JUL2026,starling,60-83-71 00558156,2026-07-29,905.0,GBP,Kye Elliott-Street,Rsa Capital Limite,Kye Elliott-Street Rsa Capital Limite,FASTER PAYMENT,55435.97,,REVENUE,,REVENUE,Kye Elliott-Street Rsa Capital Limite Kye Elliott-Street Rsa Capital Limite FASTER PAYMENT,,,0,F68ALH,Interbank,,,0.99,prop_rent_F68ALH_98,strong,0,rule
2026-07-30,eac82c6b175f9fba0eb9480bf95aa198728a58014971378f8701b466cd6e55c6,JUL2026_StarlingStatement_2026-07.csv_167,JUL2026,starling,60-83-71 00558156,2026-07-30,-42.95,GBP,Co-op,CO OPERATIVE FOOD,Co-op CO OPERATIVE FOOD,CONTACTLESS,55393.02,,REPAIRS_AND_MAINTENANCE,,REPAIRS_AND_MAINTENANCE,Co-op CO OPERATIVE FOOD Co-op CO OPERATIVE FOOD CONTACTLESS,,,0,,PersonalExpense,COOP,,0.99,cat_propertyexpense_19,strong,0,rule
2026-07-30,68e5b239cca7b4e6af174b840fc82731e66e5fcb4a8c45fa3c66405f5ac9790b,JUL2026_StarlingStatement_2026-07.csv_168,JUL2026,starling,60-83-71 00558156,2026-07-30,-73.05,GBP,Marks & Spencer,MARKS&SPENCER PLC,Marks & Spencer MARKS&SPENCER PLC,CHIP & PIN,55319.97,,FOOD_AND_DRINK,,FOOD_AND_DRINK,Marks & Spencer MARKS&SPENCER PLC Marks & Spencer MARKS&SPENCER PLC CHIP & PIN,,,0,,PersonalExpense,M&S,,0.99,override_2,strong,0,rule
2026-07-30,65d7c0532639c323d5e09c9f2f40b0acd1167efec1fad8860d049e98ea56db67,JUL2026_StarlingStatement_2026-07.csv_169,JUL2026,starling,60-83-71 00558156,2026-07-30,-50.0,GBP,Nathanial Paul Crossley-Turner,ele ctric,Nathanial Paul Crossley-Turner ele ctric,FASTER PAYMENT,55269.97,,REPAIRS_AND_MAINTENANCE,,REPAIRS_AND_MAINTENANCE,Nathanial Paul Crossley-Turner ele ctric Nathanial Paul Crossley-Turner ele ctric FASTER PAYMENT,,,0,,PropertyExpense,,,0.99,cat_propertyexpense_19,strong,1,rule
2026-07-30,0568c11a6fbff5892a3f367f9b5be17e6931fc5d991bd33bfc394f4bc10e53fa,JUL2026_StarlingStatement_2026-07.csv_170,JUL2026,starling,60-83-71 00558156,2026-07-30,800.0,GBP,ALDINGTON H,FLAT 4 321LONDONRD,ALDINGTON H FLAT 4 321LONDONRD,FASTER PAYMENT,56069.97,,REVENUE,,REVENUE,ALDINGTON H FLAT 4 321LONDONRD ALDINGTON H FLAT 4 321LONDONRD FASTER PAYMENT,,,0,F4321LON,OurRent,,,0.99,prop_rent_F4321LON_74,strong,0,rule
2026-07-30,24944253886bdf7a2d0841ae14dc9d0c65863a45f45691e22551334b36fd6981,JUL2026_StarlingStatement_2026-07.csv_171,JUL2026,starling,60-83-71 00558156,2026-07-30,850.0,GBP,Elsie Hirst,FLAT 16 RENT,Elsie Hirst FLAT 16 RENT,FASTER PAYMENT,56919.97,,REVENUE,,REVENUE,Elsie Hirst FLAT 16 RENT Elsie Hirst FLAT 16 RENT FASTER PAYMENT,,,0,,OtherIncome,,,0.65,cat_otherincome_34,catch_all,1,rule
2026-07-31,ccbd8a178a216c3aba5bea640dd17087bd60d9e72cb7dd571014dd0a5dfb0a69,JUL2026_BC_6045_JUL2026.csv_31,JUL2026,barclays,20-74-09 60458872,2026-07-31,-45.78,GBP,,,EE LIMITED            Q13077400744352822 DD,,,941284,,Direct Debit,Direct Debit,EE LIMITED            Q13077400744352822 DD,,,0,,RegularPayment,,,0.99,cat_regularpayment_27,strong,0,rule
2026-07-31,35a5acc6a39518f05dff5b90fa7ccb357471706a247cb5a374b34f5f73215571,JUL2026_BC_3072_JUL2026.csv_53,JUL2026,barclays,20-53-97 30728691,2026-07-31,-454.07,GBP,,,MORTGAGE TRUST        002197389 10133610 DD,,,624461,,Direct Debit,Direct Debit,MORTGAGE TRUST        002197389 10133610 DD,,,0,F71214ALH,Mortgage,,,0.99,prop_mort_F71214ALH_45,strong,0,rule
2026-07-31,c60a59f6b6570ff63cf7a82b4d8054b70bc7f0389d2808a4cbea6175111c87d7,JUL2026_BC_3072_JUL2026.csv_54,JUL2026,barclays,20-53-97 30728691,2026-07-31,-441.79,GBP,,,PARAGON BANK PLC      002186317 10133610 DD,,,295404,,Direct Debit,Direct Debit,PARAGON BANK PLC      002186317 10133610 DD,,,0,F58ALH,Mortgage,,,0.99,prop_mort_F58ALH_29,strong,0,rule
2026-07-31,603836f297be66e23454bfdd996811e8642478922375d74eb2a1de00c84a80be,JUL2026_BC_3072_JUL2026.csv_55,JUL2026,barclays,20-53-97 30728691,2026-07-31,-441.79,GBP,,,PARAGON BANK PLC      002186356 10133610 DD,,,295404,,Direct Debit,Direct Debit,PARAGON BANK PLC      002186356 10133610 DD,,,0,F1846ALH,Mortgage,,,0.99,prop_mort_F1846ALH_35,strong,0,rule
2026-07-31,0b8750335156f82c4879c1ce9a8f827cb5efafc0204c437f5acf419c282fc46e,JUL2026_BC_3072_JUL2026.csv_56,JUL2026,barclays,20-53-97 30728691,2026-07-31,-441.79,GBP,,,PARAGON BANK PLC      002186357 10133610 DD,,,295404,,Direct Debit,Direct Debit,PARAGON BANK PLC      002186357 10133610 DD,,,0,F1746ALH,Mortgage,,,0.99,prop_mort_F1746ALH_34,strong,0,rule
2026-07-31,3151a892ad4458a13e56fb4e04ac5f6324c4325ead733bc430f298d9a4ca38ed,JUL2026_StarlingStatement_2026-07.csv_172,JUL2026,starling,60-83-71 00558156,2026-07-31,-1366.2,GBP,Mol*easy4u Uk,MOL*Easy4u,Mol*easy4u Uk MOL*Easy4u,ONLINE PAYMENT,55553.77,,EQUIPMENT,,EQUIPMENT,Mol*easy4u Uk MOL*Easy4u Mol*easy4u Uk MOL*Easy4u ONLINE PAYMENT,,,0,,OtherExpense,,,0.65,cat_otherexpense_35,catch_all,1,rule
2026-07-31,2e1211846b58b310ef67f32952efca1ee5b61d1f85e0ecef050b394bb8ddb87a,JUL2026_StarlingStatement_2026-07.csv_173,JUL2026,starling,60-83-71 00558156,2026-07-31,-13.0,GBP,Co-op,CO OPERATIVE FOOD,Co-op CO OPERATIVE FOOD,CONTACTLESS,55540.77,,REPAIRS_AND_MAINTENANCE,,REPAIRS_AND_MAINTENANCE,Co-op CO OPERATIVE FOOD Co-op CO OPERATIVE FOOD CONTACTLESS,,,0,,PersonalExpense,COOP,,0.99,cat_propertyexpense_19,strong,0,rule
2026-07-31,4d1c9bcf922e84722683ed09c7e425e1eeca09239c76dd908d9458a2c0a383b3,JUL2026_StarlingStatement_2026-07.csv_174,JUL2026,starling,60-83-71 00558156,2026-07-31,-6.9,GBP,Co-op,CO OPERATIVE FOOD,Co-op CO OPERATIVE FOOD,CONTACTLESS,55533.87,,REPAIRS_AND_MAINTENANCE,,REPAIRS_AND_MAINTENANCE,Co-op CO OPERATIVE FOOD Co-op CO OPERATIVE FOOD CONTACTLESS,,,0,,PersonalExpense,COOP,,0.99,cat_propertyexpense_19,strong,0,rule
2026-07-31,6e1b20401e81caffdb39501b82368ea7533a8a54a26a46b0a9261c5fcb618462,JUL2026_StarlingStatement_2026-07.csv_175,JUL2026,starling,60-83-71 00558156,2026-07-31,-26.5,GBP,Co-op,CO OPERATIVE FOOD,Co-op CO OPERATIVE FOOD,CONTACTLESS,55507.37,,REPAIRS_AND_MAINTENANCE,,REPAIRS_AND_MAINTENANCE,Co-op CO OPERATIVE FOOD Co-op CO OPERATIVE FOOD CONTACTLESS,,,0,,PersonalExpense,COOP,,0.99,cat_propertyexpense_19,strong,0,rule
2026-07-31,c37a4f583eea3a04ae77cec3aeb2b5f825e55e315f608cd45cc932a3a2f664b5,JUL2026_StarlingStatement_2026-07.csv_176,JUL2026,starling,60-83-71 00558156,2026-07-31,-2.5,GBP,Peterborough City Council,PETERBOROUGH CITY COUN,Peterborough City Council PETERBOROUGH CITY COUN,CONTACTLESS,55504.87,,TRAVEL,,TRAVEL,Peterborough City Council PETERBOROUGH CITY COUN Peterborough City Council PETERBOROUGH CITY COUN CONTACTLESS,,,0,,OtherExpense,,,0.65,cat_otherexpense_35,catch_all,1,rule
2026-07-31,68af66012596cf1dfebe10ad35c4d91b7f25a0962f8e61abc1bebc97bac5d435,JUL2026_StarlingStatement_2026-07.csv_177,JUL2026,starling,60-83-71 00558156,2026-07-31,-12.5,GBP,Bewiched,Zettle_*Bewiched Ltd,Bewiched Zettle_*Bewiched Ltd,CONTACTLESS,55492.37,,FOOD_AND_DRINK,,FOOD_AND_DRINK,Bewiched Zettle_*Bewiched Ltd Bewiched Zettle_*Bewiched Ltd CONTACTLESS,,,0,,OtherExpense,,,0.65,cat_otherexpense_35,catch_all,1,rule
2026-07-31,f42514ed47ffd51359e0ede8a8d700ca55707daa6a114c12634391d5021a5bce,JUL2026_StarlingStatement_2026-07.csv_178,JUL2026,starling,60-83-71 00558156,2026-07-31,950.0,GBP,K Thu,KAUNG THU FLAT 13,K Thu KAUNG THU FLAT 13,FASTER PAYMENT,56442.37,,REVENUE,,REVENUE,K Thu KAUNG THU FLAT 13 K Thu KAUNG THU FLAT 13 FASTER PAYMENT,,,0,F131618ALH,OurRent,,,0.99,prop_rent_F131618ALH_111,strong,0,rule
2026-07-31,c77d3600e683808f859d6fca74306e24ff2d5b185c5f7e9cd69559a850caaf81,JUL2026_StarlingStatement_2026-07.csv_179,JUL2026,starling,60-83-71 00558156,2026-07-31,850.0,GBP,MD FOHAD HASSAN LODI,Sent with Zopa,MD FOHAD HASSAN LODI Sent with Zopa,FASTER PAYMENT,57292.37,,REVENUE,,REVENUE,MD FOHAD HASSAN LODI Sent with Zopa MD FOHAD HASSAN LODI Sent with Zopa FASTER PAYMENT,,,0,,OtherIncome,,,0.65,cat_otherincome_34,catch_all,1,rule
2026-07-31,d94f74f76fbc3b680839c6c01c2c24354fa6e09b30a5f2eef27569364261d518,JUL2026_StarlingStatement_2026-07.csv_180,JUL2026,starling,60-83-71 00558156,2026-07-31,-12.99,GBP,Peter Taperek,3 163 cleaning,Peter Taperek 3 163 cleaning,FASTER PAYMENT,57279.38,,REPAIRS_AND_MAINTENANCE,,REPAIRS_AND_MAINTENANCE,Peter Taperek 3 163 cleaning Peter Taperek 3 163 cleaning FASTER PAYMENT,,,0,F3163FRA,PropertyExpense,,,0.99,prop_rent_F3163FRA_83,strong,0,rule
2026-07-31,276bd7275380fc2192e6ea8a2d25c40fd4624e7b03e3be13f946b8e4bd6de0db,JUL2026_StarlingStatement_2026-07.csv_181,JUL2026,starling,60-83-71 00558156,2026-07-31,-8.99,GBP,Peter Taperek,3163 cleaning,Peter Taperek 3163 cleaning,FASTER PAYMENT,57270.39,,REPAIRS_AND_MAINTENANCE,,REPAIRS_AND_MAINTENANCE,Peter Taperek 3163 cleaning Peter Taperek 3163 cleaning FASTER PAYMENT,,,0,F3163FRA,PropertyExpense,,,0.99,prop_rent_F3163FRA_83,strong,0,rule
2026-07-31,436880a38eed5a6bcbb6538a89b52cecb43398a5b7f23bba5ae8349007ffaf43,JUL2026_StarlingStatement_2026-07.csv_182,JUL2026,starling,60-83-71 00558156,2026-07-31,-2645.55,GBP,Ivana Valentino 3072,mortgages,Ivana Valentino 3072 mortgages,FASTER PAYMENT,54624.84,,INTEREST_PAYMENTS,,INTEREST_PAYMENTS,Ivana Valentino 3072 mortgages Ivana Valentino 3072 mortgages FASTER PAYMENT,,,0,,MortgageRefund,Ivana,,0.99,cat_mortgagerefund_15,strong,0,rule
2026-07-31,b33c67ed9909956bbcad86197d9b04c155ccbe0ce25ca6437c365b0a2caab59c,JUL2026_StarlingStatement_2026-07.csv_183,JUL2026,starling,60-83-71 00558156,2026-07-31,-500.0,GBP,Nathan Guy,53 163 fratton,Nathan Guy 53 163 fratton,FASTER PAYMENT,54124.84,,REPAIRS_AND_MAINTENANCE,,REPAIRS_AND_MAINTENANCE,Nathan Guy 53 163 fratton Nathan Guy 53 163 fratton FASTER PAYMENT,,,0,F3163FRA,PropertyExpense,,,0.99,prop_rent_F3163FRA_83,strong,0,rule
2026-07-31,1b3334e2a7e24b34daef218bff354c654ff25a7d20544d33695811b4e75a6a09,JUL2026_StarlingStatement_2026-07.csv_184,JUL2026,starling,60-83-71 00558156,2026-07-31,-248.4,GBP,Central Energy South Limited,905 71618 rep boil,Central Energy South Limited 905 71618 rep boil,FASTER PAYMENT,53876.44,,REPAIRS_AND_MAINTENANCE,,REPAIRS_AND_MAINTENANCE,Central Energy South Limited 905 71618 rep boil Central Energy South Limited 905 71618 rep boil FASTER PAYMENT,,,0,,PropertyExpense,,,0.99,cat_propertyexpense_19,strong,1,rule
2026-07-31,61499c7b02feab76d8072eed771f807238d8a96cfa6c17d4ee4a8f57bf2a557e,JUL2026_StarlingStatement_2026-07.csv_185,JUL2026,starling,60-83-71 00558156,2026-07-31,-550.0,GBP,Central Energy South Limited,914 1171 ceiling,Central Energy South Limited 914 1171 ceiling,FASTER PAYMENT,53326.44,,REPAIRS_AND_MAINTENANCE,,REPAIRS_AND_MAINTENANCE,Central Energy South Limited 914 1171 ceiling Central Energy South Limited 914 1171 ceiling FASTER PAYMENT,,,0,F1171FAW,PropertyExpense,,,0.99,prop_rent_F1171FAW_79,strong,0,rule
2026-07-31,b46f979abc81a026993a6a8c5ac2bee16598c553a65eeb03964d589f839a2143,JUL2026_StarlingStatement_2026-07.csv_186,JUL2026,starling,60-83-71 00558156,2026-07-31,-8.99,GBP,Peter Taperek,3163 kitchen clean,Peter Taperek 3163 kitchen clean,FASTER PAYMENT,53317.45,,REPAIRS_AND_MAINTENANCE,,REPAIRS_AND_MAINTENANCE,Peter Taperek 3163 kitchen clean Peter Taperek 3163 kitchen clean FASTER PAYMENT,,,0,F3163FRA,PropertyExpense,,,0.99,prop_rent_F3163FRA_83,strong,0,rule
2026-07-31,4e099046c363740be202b070243dc150f87e7838c2c8c223aced29d354ab7dbf,JUL2026_StarlingStatement_2026-07.csv_187,JUL2026,starling,60-83-71 00558156,2026-07-31,-10.38,GBP,Peter Taperek,3163 mould,Peter Taperek 3163 mould,FASTER PAYMENT,53307.07,,REPAIRS_AND_MAINTENANCE,,REPAIRS_AND_MAINTENANCE,Peter Taperek 3163 mould Peter Taperek 3163 mould FASTER PAYMENT,,,0,F3163FRA,PropertyExpense,,,0.99,prop_rent_F3163FRA_83,strong,0,rule
2026-07-31,a96ec08d948c73e216c64b63d733120db5e7b9a948349bb1915100d5d1142829,JUL2026_StarlingStatement_2026-07.csv_188,JUL2026,starling,60-83-71 00558156,2026-07-31,1005.0,GBP,KARUN,19 4-6,KARUN 19 4-6,FASTER PAYMENT,54312.07,,REVENUE,,REVENUE,KARUN 19 4-6 KARUN 19 4-6 FASTER PAYMENT,,,0,F1946ALH,OurRent,,,0.99,prop_rent_F1946ALH_92,strong,0,rule
