Date,tx_id,raw_row_id,import_batch_id,source_bank,source_account,posted_date,amount,currency,counterparty,reference,memo,type,balance,bank_txn_number,bank_category,bank_subcategory,effective_subcategory,match_text,description_x,parent_tx_id,is_superseded,property_code,category,subcategory,description_y,confidence,rule_id,rule_strength,needs_review,source
2026-05-01,cfdc18e9940c713cf9570a2d88e66703f575e5dfe3ce3c584dd217cf14890758,MAY2026_BC_6045_MAY2026.csv_1,MAY2026,barclays,20-74-09 60458872,2026-05-01,-119.48,GBP,,,PIC RE ARGOS PET      PETAG934657920001 DDR,,,451019,,Direct Debit,Direct Debit,PIC RE ARGOS PET      PETAG934657920001 DDR,,,0,,RegularPayment,,,0.99,cat_regularpayment_27,strong,0,rule
2026-05-01,e937994415657cdc20c522a74f316c6b4f5effa135542d77de698dad137b89d5,MAY2026_BC_6045_MAY2026.csv_2,MAY2026,barclays,20-74-09 60458872,2026-05-01,-45.78,GBP,,,EE LIMITED            Q13077400718717992 DD,,,941284,,Direct Debit,Direct Debit,EE LIMITED            Q13077400718717992 DD,,,0,,RegularPayment,,,0.99,cat_regularpayment_27,strong,0,rule
2026-05-01,dd823590c0bae82711bdb1092c8791f8ab3d386e962205df71d21b8cb2b7aa2a,MAY2026_BC_6045_MAY2026.csv_3,MAY2026,barclays,20-74-09 60458872,2026-05-01,-2908.64,GBP,,,THE HARPUR TRUST D    BVAL000 DDR,,,765055,,Direct Debit,Direct Debit,THE HARPUR TRUST D    BVAL000 DDR,,,0,,SchoolFee,,,0.99,cat_schoolfee_20,strong,0,rule
2026-05-01,268581d40ee81c556d977b7b60e3a0ce39b8c696d3245bb11b897df92a871b57,MAY2026_BC_6045_MAY2026.csv_4,MAY2026,barclays,20-74-09 60458872,2026-05-01,-50.0,GBP,,,NATIONWIDE            0604/229172770 STO,,,0,,Standing Order,Standing Order,NATIONWIDE            0604/229172770 STO,,,0,,RegularPayment,,,0.99,cat_regularpayment_25,strong,0,rule
2026-05-01,9d2fbf360a5796743a31f51fdc625abc489db0011484512601a95f19c222bcae,MAY2026_BC_6045_MAY2026.csv_5,MAY2026,barclays,20-74-09 60458872,2026-05-01,3380.31,GBP,,,M Tucker              SF BGC,,,0,,Counter Credit,Counter Credit,M Tucker              SF BGC,,,0,,MTPayment,,,0.99,override_41,strong,0,rule
2026-05-01,0e7562bd1bd052ac906b3d2d77bd0a91445e9f521bf9960ddcb6418d73943a80,MAY2026_BC_3072_MAY2026.csv_1,MAY2026,barclays,20-53-97 30728691,2026-05-01,-620.94,GBP,,,TOPAZ RE SIBERITE     SIB00001/480016104 DD,,,177794,,Direct Debit,Direct Debit,TOPAZ RE SIBERITE     SIB00001/480016104 DD,,,0,F2146ALH,Mortgage,,,0.99,prop_mort_F2146ALH_38,strong,0,rule
2026-05-01,d299ef86851db751dd8c1ff7be6111b9bb37214e39759fbebd8667690124a300,MAY2026_BC_3072_MAY2026.csv_2,MAY2026,barclays,20-53-97 30728691,2026-05-01,-314.84,GBP,,,JASPER MORTGAGES      JAC00002/390255001 DD,,,457918,,Direct Debit,Direct Debit,JASPER MORTGAGES      JAC00002/390255001 DD,,,0,F3321LON,Mortgage,,,0.99,prop_mort_F3321LON_6,strong,0,rule
2026-05-01,2e75f5146530cfce1addab0660f0db3d536ffa3323e28dfb78fa422c1fbc4c3e,MAY2026_BC_3072_MAY2026.csv_3,MAY2026,barclays,20-53-97 30728691,2026-05-01,-313.0,GBP,,,JASPER MORTGAGES      JAC00002/390255110 DD,,,457918,,Direct Debit,Direct Debit,JASPER MORTGAGES      JAC00002/390255110 DD,,,0,F2169FAW,Mortgage,,,0.99,prop_mort_F2169FAW_9,strong,0,rule
2026-05-01,ea74c6d05e879e61fdbbe260eacb757093eb02352f9119f05b1f4bfdf54faa96,MAY2026_BC_3072_MAY2026.csv_4,MAY2026,barclays,20-53-97 30728691,2026-05-01,-457.65,GBP,,,TOPAZ FIN JASPER      PRU00010/190859005 DD,,,169547,,Direct Debit,Direct Debit,TOPAZ FIN JASPER      PRU00010/190859005 DD,,,0,F31618ALH,Mortgage,,,0.99,prop_mort_F31618ALH_51,strong,0,rule
2026-05-01,d23d8bd10e800348480d4e11805838a358e5e437c6d59aa8870f949e8884e41a,MAY2026_BC_3072_MAY2026.csv_5,MAY2026,barclays,20-53-97 30728691,2026-05-01,-469.79,GBP,,,TOPAZ RE ROSINCA      ROW20004/560476808 DD,,,169548,,Direct Debit,Direct Debit,TOPAZ RE ROSINCA      ROW20004/560476808 DD,,,0,F61618ALH,Mortgage,,,0.99,prop_mort_F61618ALH_61,strong,0,rule
2026-05-01,b8a7731d021edf883506ed73b844ae50edc0f6287f6eaf0584170a584a7c8683,MAY2026_BC_3072_MAY2026.csv_6,MAY2026,barclays,20-53-97 30728691,2026-05-01,-509.79,GBP,,,TOPAZ RE ROSINCA      ROW20004/560471701 DD,,,169548,,Direct Debit,Direct Debit,TOPAZ RE ROSINCA      ROW20004/560471701 DD,,,0,F2046ALH,Mortgage,,,0.99,prop_mort_F2046ALH_59,strong,0,rule
2026-05-01,753d77f0e0c8ee19090456b6554809415d43a85b6bfc4de541e1be1ccab40f01,MAY2026_BC_3072_MAY2026.csv_7,MAY2026,barclays,20-53-97 30728691,2026-05-01,-887.02,GBP,,,HESSONITE MORTGAGE    TND00001/631516204 DD,,,573997,,Direct Debit,Direct Debit,HESSONITE MORTGAGE    TND00001/631516204 DD,,,0,23CHAM,Mortgage,,,0.99,prop_mort_23CHAM_28,strong,0,rule
2026-05-01,d7585db6a1c991476a0b017ff2cb47c61fdc3b0d3d573459aeb406ba83aa000c,MAY2026_BC_3072_MAY2026.csv_8,MAY2026,barclays,20-53-97 30728691,2026-05-01,7619.83,GBP,,,Rsa Capital Limite    mortgages BGC,,,0,,Counter Credit,Counter Credit,Rsa Capital Limite    mortgages BGC,,,0,,Interbank,,,0.99,override_40,strong,0,rule
2026-05-01,521700304976ad9821cc078ba918c54ce0365ef2c1bca737d2a255279748653b,MAY2026_StarlingStatement_2026-05.csv_1,MAY2026,starling,60-83-71 00558156,2026-05-01,359.99,GBP,Flat3 321london Rd,SEQUENCE  UK  LIMI,Flat3 321london Rd SEQUENCE  UK  LIMI,DIRECT CREDIT,60177.9,,REVENUE,,REVENUE,Flat3 321london Rd SEQUENCE  UK  LIMI Flat3 321london Rd SEQUENCE  UK  LIMI DIRECT CREDIT,,,0,F3321LON,PropertyExpense,,,0.99,prop_rent_F3321LON_73,strong,0,rule
2026-05-01,75be8159834ae2d721181ee9bf73fe02f5c9a3f1cd18460986759d81457ecac9,MAY2026_StarlingStatement_2026-05.csv_2,MAY2026,starling,60-83-71 00558156,2026-05-01,-465.0,GBP,Alhambra Road,M Tucker SC,Alhambra Road M Tucker SC,FASTER PAYMENT,59712.9,,REPAIRS_AND_MAINTENANCE,,REPAIRS_AND_MAINTENANCE,Alhambra Road M Tucker SC Alhambra Road M Tucker SC FASTER PAYMENT,,,0,,ServiceCharge,,,0.99,cat_servicecharge_11,strong,0,rule
2026-05-01,e5e3c2987a2011e5da250036e46382aa77e9f03bbc38327bc76f238871530688,MAY2026_StarlingStatement_2026-05.csv_3,MAY2026,starling,60-83-71 00558156,2026-05-01,-315.0,GBP,ALHHAMBRA ROAD,M Tucker SC,ALHHAMBRA ROAD M Tucker SC,FASTER PAYMENT,59397.9,,REPAIRS_AND_MAINTENANCE,,REPAIRS_AND_MAINTENANCE,ALHHAMBRA ROAD M Tucker SC ALHHAMBRA ROAD M Tucker SC FASTER PAYMENT,,,0,,ServiceCharge,,,0.99,cat_servicecharge_11,strong,0,rule
2026-05-01,5ca7421d5d93e6a6cdf01631f8b9871ae6bf1cbb8cc22d2e35301446f2b4d08c,MAY2026_StarlingStatement_2026-05.csv_4,MAY2026,starling,60-83-71 00558156,2026-05-01,-100.0,GBP,Lordswood Estates,M Tucker SC,Lordswood Estates M Tucker SC,FASTER PAYMENT,59297.9,,REPAIRS_AND_MAINTENANCE,,REPAIRS_AND_MAINTENANCE,Lordswood Estates M Tucker SC Lordswood Estates M Tucker SC FASTER PAYMENT,,,0,,ServiceCharge,,,0.99,cat_servicecharge_11,strong,0,rule
2026-05-01,b64975ccfdf7bc95d669650e531a9f4f669dbdb853768b3c83304c61eb150eed,MAY2026_StarlingStatement_2026-05.csv_5,MAY2026,starling,60-83-71 00558156,2026-05-01,100.0,GBP,Lordswood Estates,M Tucker SC,Lordswood Estates M Tucker SC,FASTER PAYMENT,59397.9,,REVENUE,,REVENUE,Lordswood Estates M Tucker SC Lordswood Estates M Tucker SC FASTER PAYMENT,,,0,,ServiceCharge,,,0.99,cat_servicecharge_11,strong,0,rule
2026-05-01,59af0bd7a1a813c937fb33c52e62d137b844aa445df09d63c3cb0e704bce1141,MAY2026_StarlingStatement_2026-05.csv_6,MAY2026,starling,60-83-71 00558156,2026-05-01,-320.0,GBP,Alhambra Road,M Tucker SC,Alhambra Road M Tucker SC,FASTER PAYMENT,59077.9,,REPAIRS_AND_MAINTENANCE,,REPAIRS_AND_MAINTENANCE,Alhambra Road M Tucker SC Alhambra Road M Tucker SC FASTER PAYMENT,,,0,,ServiceCharge,,,0.99,cat_servicecharge_11,strong,0,rule
2026-05-01,876da856bad9c9bfeb2dee47a773653ceee2a452f8180d3e6bb0993584f78e00,MAY2026_StarlingStatement_2026-05.csv_7,MAY2026,starling,60-83-71 00558156,2026-05-01,980.0,GBP,Mr A J  FITZGERALD,FLAT 23 4-6 ALHAMB,Mr A J  FITZGERALD FLAT 23 4-6 ALHAMB,FASTER PAYMENT,60057.9,,REVENUE,,REVENUE,Mr A J  FITZGERALD FLAT 23 4-6 ALHAMB Mr A J  FITZGERALD FLAT 23 4-6 ALHAMB FASTER PAYMENT,,,0,F2346ALH,OurRent,,,0.99,prop_rent_F2346ALH_96,strong,0,rule
2026-05-01,aec2ef1986268a2118aeebcb37e7e625436bc919d2cd0c819bb651b226270bad,MAY2026_StarlingStatement_2026-05.csv_8,MAY2026,starling,60-83-71 00558156,2026-05-01,775.0,GBP,Nicole  Byrne,FL7 ALHAMBRA RD,Nicole  Byrne FL7 ALHAMBRA RD,FASTER PAYMENT,60832.9,,REVENUE,,REVENUE,Nicole  Byrne FL7 ALHAMBRA RD Nicole  Byrne FL7 ALHAMBRA RD FASTER PAYMENT,,,0,F71618ALH,OurRent,,,0.99,prop_rent_F71618ALH_116,strong,0,rule
2026-05-01,2e3a5da36063b3e39ee8ed72b858b9273d4f3cfc387437627ed1a9cf2dcbbb8e,MAY2026_StarlingStatement_2026-05.csv_9,MAY2026,starling,60-83-71 00558156,2026-05-01,925.0,GBP,R Cowie,FLAT 14. PO4 0RF,R Cowie FLAT 14. PO4 0RF,FASTER PAYMENT,61757.9,,REVENUE,,REVENUE,R Cowie FLAT 14. PO4 0RF R Cowie FLAT 14. PO4 0RF FASTER PAYMENT,,,0,F141214ALH,OurRent,,,0.99,prop_rent_F141214ALH_103,strong,0,rule
2026-05-01,840e4bcb812a65e504dc2e2203497a5b77dee57632ee5dcb143ee9dd727820c2,MAY2026_StarlingStatement_2026-05.csv_10,MAY2026,starling,60-83-71 00558156,2026-05-01,950.0,GBP,K Thu,KAUNG THU FLAT 13,K Thu KAUNG THU FLAT 13,FASTER PAYMENT,62707.9,,REVENUE,,REVENUE,K Thu KAUNG THU FLAT 13 K Thu KAUNG THU FLAT 13 FASTER PAYMENT,,,0,F131618ALH,OurRent,,,0.99,prop_rent_F131618ALH_111,strong,0,rule
2026-05-01,440f04fb86d4445e54fefb0996b57ee5d3610869066acc0fe3054bb1982ab0c2,MAY2026_StarlingStatement_2026-05.csv_11,MAY2026,starling,60-83-71 00558156,2026-05-01,825.0,GBP,Letisha Lowe,Latisha Rent,Letisha Lowe Latisha Rent,FASTER PAYMENT,63532.9,,REVENUE,,REVENUE,Letisha Lowe Latisha Rent Letisha Lowe Latisha Rent FASTER PAYMENT,,,0,,OtherIncome,,,0.65,cat_otherincome_34,catch_all,1,rule
2026-05-01,f5be20f2c14aa90237077ac652ec01eb8dc038d795e16455dc542f3f039bae0a,MAY2026_StarlingStatement_2026-05.csv_12,MAY2026,starling,60-83-71 00558156,2026-05-01,775.0,GBP,Matt GRANIL,Flat 2 PO4 ODH,Matt GRANIL Flat 2 PO4 ODH,FASTER PAYMENT,64307.9,,REVENUE,,REVENUE,Matt GRANIL Flat 2 PO4 ODH Matt GRANIL Flat 2 PO4 ODH FASTER PAYMENT,,,0,F2169FAW,OurRent,,,0.99,prop_rent_F2169FAW_77,strong,0,rule
2026-05-01,e224de7dd6c759757fd0b6cf804d13d955658e7d862d25650509867218cfd75e,MAY2026_StarlingStatement_2026-05.csv_13,MAY2026,starling,60-83-71 00558156,2026-05-01,-7619.83,GBP,Ivana Valentino 3072,mortgages,Ivana Valentino 3072 mortgages,FASTER PAYMENT,56688.07,,INTEREST_PAYMENTS,,INTEREST_PAYMENTS,Ivana Valentino 3072 mortgages Ivana Valentino 3072 mortgages FASTER PAYMENT,,,0,,MortgageRefund,Ivana,,0.99,cat_mortgagerefund_15,strong,0,rule
2026-05-01,30ffaf79650b17fb97a01acb926a2786fc93055cf29f2f42b74c9a2100fa1df3,MAY2026_StarlingStatement_2026-05.csv_14,MAY2026,starling,60-83-71 00558156,2026-05-01,-39.85,GBP,Marks & Spencer,MARKS&SPENCER PLC SACA,Marks & Spencer MARKS&SPENCER PLC SACA,CONTACTLESS,56648.22,,FOOD_AND_DRINK,,FOOD_AND_DRINK,Marks & Spencer MARKS&SPENCER PLC SACA Marks & Spencer MARKS&SPENCER PLC SACA CONTACTLESS,,,0,,PersonalExpense,M&S,,0.99,override_2,strong,0,rule
2026-05-02,eabe8dd1143e5f5e32fb17dfacdfc361835d278585be872510a4eced0955c99b,MAY2026_StarlingStatement_2026-05.csv_15,MAY2026,starling,60-83-71 00558156,2026-05-02,1050.0,GBP,A Ancy Treesa Math,23 C HT  MAY RENT,A Ancy Treesa Math 23 C HT  MAY RENT,FASTER PAYMENT,57698.22,,REVENUE,,REVENUE,A Ancy Treesa Math 23 C HT  MAY RENT A Ancy Treesa Math 23 C HT  MAY RENT FASTER PAYMENT,,,0,23CHAM,OurRent,,,0.99,prop_rent_23CHAM_89,strong,0,rule
2026-05-02,d39a2b359bd781e41f73763ffe99fb8d5880d5ef0d7690595e23070e49391207,MAY2026_StarlingStatement_2026-05.csv_16,MAY2026,starling,60-83-71 00558156,2026-05-02,-9.35,GBP,Co-op,CO OPERATIVE FOOD,Co-op CO OPERATIVE FOOD,CONTACTLESS,57688.87,,REPAIRS_AND_MAINTENANCE,,REPAIRS_AND_MAINTENANCE,Co-op CO OPERATIVE FOOD Co-op CO OPERATIVE FOOD CONTACTLESS,,,0,,PersonalExpense,COOP,,0.99,cat_propertyexpense_19,strong,0,rule
2026-05-02,28da1b3490ddf045af3c8345c154a8508d49bbcfa13f42bc69ca94820717cf61,MAY2026_StarlingStatement_2026-05.csv_17,MAY2026,starling,60-83-71 00558156,2026-05-02,-6.55,GBP,Co-op,CO OPERATIVE FOOD,Co-op CO OPERATIVE FOOD,CHIP & PIN,57682.32,,REPAIRS_AND_MAINTENANCE,,REPAIRS_AND_MAINTENANCE,Co-op CO OPERATIVE FOOD Co-op CO OPERATIVE FOOD CHIP & PIN,,,0,,PersonalExpense,COOP,,0.99,cat_propertyexpense_19,strong,0,rule
2026-05-02,7ed76ace564bbcc77d6ce5d42627bbdff12ca641ea441aea10a58873cd229ed1,MAY2026_StarlingStatement_2026-05.csv_18,MAY2026,starling,60-83-71 00558156,2026-05-02,-70.0,GBP,Rocco VALENTINO TUCKER,12 16-18,Rocco VALENTINO TUCKER 12 16-18,FASTER PAYMENT,57612.32,,REPAIRS_AND_MAINTENANCE,,REPAIRS_AND_MAINTENANCE,Rocco VALENTINO TUCKER 12 16-18 Rocco VALENTINO TUCKER 12 16-18 FASTER PAYMENT,,,0,,PersonalExpense,Rocco,,0.99,cat_propertyexpense_19,strong,0,rule
2026-05-03,f46c013729c0243f8fa17a2e95af03b20f46e86c63240d16183dbc98c172e9e6,MAY2026_StarlingStatement_2026-05.csv_19,MAY2026,starling,60-83-71 00558156,2026-05-03,-30.17,GBP,TK Maxx,TKMAXX_UK,TK Maxx TKMAXX_UK,CONTACTLESS,57582.15,,OTHER,,OTHER,TK Maxx TKMAXX_UK TK Maxx TKMAXX_UK CONTACTLESS,,,0,,PersonalExpense,Clothing,,0.99,override_25,strong,0,rule
2026-05-03,6bd2339ab6f721465cb186d3f6b5c011eb96d8f3b5f4911cc4881617140b87d0,MAY2026_StarlingStatement_2026-05.csv_20,MAY2026,starling,60-83-71 00558156,2026-05-03,-43.89,GBP,Lenstore,LENSTORE,Lenstore LENSTORE,ONLINE PAYMENT,57538.26,,PROFESSIONAL_SERVICES,,PROFESSIONAL_SERVICES,Lenstore LENSTORE Lenstore LENSTORE ONLINE PAYMENT,,,0,,OtherExpense,,,0.65,cat_otherexpense_35,catch_all,1,rule
2026-05-03,55ef69d6bfcd88ee5d885dfef4858e724e3f81ef5e464647fa55181866123115,MAY2026_StarlingStatement_2026-05.csv_21,MAY2026,starling,60-83-71 00558156,2026-05-03,-27.13,GBP,Superdrug,SUPERDRUG,Superdrug SUPERDRUG,CONTACTLESS,57511.13,,OTHER,,OTHER,Superdrug SUPERDRUG Superdrug SUPERDRUG CONTACTLESS,,,0,,OtherExpense,,,0.65,cat_otherexpense_35,catch_all,1,rule
2026-05-03,1725d18542ac4baa568f0da919d8388d47364c1fcae111129f413708e8c9fe59,MAY2026_StarlingStatement_2026-05.csv_22,MAY2026,starling,60-83-71 00558156,2026-05-03,-5.75,GBP,Superdrug,SUPERDRUG,Superdrug SUPERDRUG,CONTACTLESS,57505.38,,OTHER,,OTHER,Superdrug SUPERDRUG Superdrug SUPERDRUG CONTACTLESS,,,0,,OtherExpense,,,0.65,cat_otherexpense_35,catch_all,1,rule
2026-05-03,07f7db84d7088cfe73051a5a5ddd935e578cb42e8d7231b7fd0815be51da3955,MAY2026_StarlingStatement_2026-05.csv_23,MAY2026,starling,60-83-71 00558156,2026-05-03,-158.49,GBP,Tesco,TESCO STORES 2547,Tesco TESCO STORES 2547,CHIP & PIN,57346.89,,FOOD_AND_DRINK,,FOOD_AND_DRINK,Tesco TESCO STORES 2547 Tesco TESCO STORES 2547 CHIP & PIN,,,0,,PersonalExpense,Tesco,,0.99,override_9,strong,0,rule
2026-05-04,01e7707b32388634d9f31ca007de1c799de896bb6f8380dabf7c267a62f3da16,MAY2026_StarlingStatement_2026-05.csv_24,MAY2026,starling,60-83-71 00558156,2026-05-04,-14.25,GBP,Co-op,CO OPERATIVE FOOD,Co-op CO OPERATIVE FOOD,CONTACTLESS,57332.64,,REPAIRS_AND_MAINTENANCE,,REPAIRS_AND_MAINTENANCE,Co-op CO OPERATIVE FOOD Co-op CO OPERATIVE FOOD CONTACTLESS,,,0,,PersonalExpense,COOP,,0.99,cat_propertyexpense_19,strong,0,rule
2026-05-04,89d991872c8b1a36911b1e694c0880db39b844b307e96f214812af0d2f60377c,MAY2026_StarlingStatement_2026-05.csv_25,MAY2026,starling,60-83-71 00558156,2026-05-04,-4000.0,GBP,Rocco VALENTINO TUCKER,salary M1 2026 27,Rocco VALENTINO TUCKER salary M1 2026 27,FASTER PAYMENT,53332.64,,STAFF,,STAFF,Rocco VALENTINO TUCKER salary M1 2026 27 Rocco VALENTINO TUCKER salary M1 2026 27 FASTER PAYMENT,,,0,,PersonalExpense,Rocco,,0.99,override_6,strong,0,rule
2026-05-05,4c97684a25b8de64b99d1c101e2462502307b4ac5250ea1eb93bb8425f712e58,MAY2026_BC_6045_MAY2026.csv_6,MAY2026,barclays,20-74-09 60458872,2026-05-05,-30.0,GBP,,,ROCCO                 POCKETMONEY FT,,,0,,Funds Transfer,Funds Transfer,ROCCO                 POCKETMONEY FT,,,0,,PersonalExpense,Rocco,,0.99,override_6,strong,0,rule
2026-05-05,3532d99aa8959f7a4e300d0176450003a3c1871cde150da2e66b5161b14d1e82,MAY2026_BC_6045_MAY2026.csv_7,MAY2026,barclays,20-74-09 60458872,2026-05-05,-2.9,GBP,,,ALESSIO               HOUSEMONEY FT,,,0,,Funds Transfer,Funds Transfer,ALESSIO               HOUSEMONEY FT,,,0,,PersonalExpense,Alessio,,0.99,override_7,strong,0,rule
2026-05-05,e32333cdf0434399996a5c93f2c22316ca1e591fd54a68f24a33f331b52947b6,MAY2026_BC_6045_MAY2026.csv_8,MAY2026,barclays,20-74-09 60458872,2026-05-05,-10.0,GBP,,,ALESSIO               FOREATINGLETTUCE FT,,,0,,Funds Transfer,Funds Transfer,ALESSIO               FOREATINGLETTUCE FT,,,0,,PersonalExpense,Alessio,,0.99,override_7,strong,0,rule
2026-05-05,d21c898ca1f608b961b86fcbfb4eaae07feb2cf29a0845869e75841bcbca2d15,MAY2026_BC_6045_MAY2026.csv_9,MAY2026,barclays,20-74-09 60458872,2026-05-05,-10.0,GBP,,,ALESSIO               COOP FT,,,0,,Funds Transfer,Funds Transfer,ALESSIO               COOP FT,,,0,,PersonalExpense,Alessio,,0.99,override_7,strong,0,rule
2026-05-05,cbd19b8ba9f21843954da036e863a12ce64d0af1338e2e0a7a82f566ef576b9e,MAY2026_BC_6045_MAY2026.csv_10,MAY2026,barclays,20-74-09 60458872,2026-05-05,-10.0,GBP,,,SHEPHERDS FRIENDLY    PN026484A DDR,,,672783,,Direct Debit,Direct Debit,SHEPHERDS FRIENDLY    PN026484A DDR,,,0,,RegularPayment,,,0.99,cat_regularpayment_27,strong,0,rule
2026-05-05,0ea43741d30e489caf2ff6d6c94b5a57fc2638bfa3116741b3c717cddb9be94d,MAY2026_BC_6045_MAY2026.csv_11,MAY2026,barclays,20-74-09 60458872,2026-05-05,-300.0,GBP,,,G & F VALENTINO       M TUCKER STO,,,0,,Standing Order,Standing Order,G & F VALENTINO       M TUCKER STO,,,0,,Hilltop,,,0.99,cat_hilltop_21,strong,0,rule
2026-05-05,09ff34036966ccdcd3a2ccef135816cf9be61eee9437b4eb0d61efac88e829ce,MAY2026_BC_6045_MAY2026.csv_12,MAY2026,barclays,20-74-09 60458872,2026-05-05,-10.0,GBP,,,UNITY MUTUAL KU CT    PL684048A VALENTNO ST,,,0,,Standing Order,Standing Order,UNITY MUTUAL KU CT    PL684048A VALENTNO ST,,,0,,RegularPayment,,,0.99,override_19,strong,0,rule
2026-05-05,3203da7065f5517c7354da06601163604bce2777795decb57980db1f8966bf2b,MAY2026_BC_6045_MAY2026.csv_13,MAY2026,barclays,20-74-09 60458872,2026-05-05,-34.99,GBP,,,NOW BD9DF Sky Spor    ON 04 MAY BCC,,,0,,Card Purchase,Card Purchase,NOW BD9DF Sky Spor    ON 04 MAY BCC,,,0,,PersonalExpense,Amazon,,0.99,cat_personalexpense_30,strong,0,rule
2026-05-05,080cbe08087ede16dbdefbc9e2f7342d3f40c208a9990a9bd2fe6f0f89612c8f,MAY2026_BC_3072_MAY2026.csv_9,MAY2026,barclays,20-53-97 30728691,2026-05-05,-37.95,GBP,,,L&G INSURANCE MI      0114399215-260505 DDR,,,511148,,Direct Debit,Direct Debit,L&G INSURANCE MI      0114399215-260505 DDR,,,0,,RegularPayment,,,0.99,cat_regularpayment_27,strong,0,rule
2026-05-05,e213ff411589342c8b3a5173e94b73a9dcd98a9a5c85e44bd41c49809ec6f648,MAY2026_BC_3072_MAY2026.csv_10,MAY2026,barclays,20-53-97 30728691,2026-05-05,-562.52,GBP,,,TOPAZ FIN JASPER      PRU00010/191462710 DD,,,169547,,Direct Debit,Direct Debit,TOPAZ FIN JASPER      PRU00010/191462710 DD,,,0,F3171FAW,Mortgage,,,0.99,prop_mort_F3171FAW_16,strong,0,rule
2026-05-05,f3c9a879c88feeec0ee72bc3818bc50793cc0542e8247074a0daa32c7b1d7ad7,MAY2026_BC_3072_MAY2026.csv_11,MAY2026,barclays,20-53-97 30728691,2026-05-05,-357.62,GBP,,,TOPAZ FIN ROSINCA     BLA00010/130654303 DD,,,169548,,Direct Debit,Direct Debit,TOPAZ FIN ROSINCA     BLA00010/130654303 DD,,,0,F3163FRA,Mortgage,,,0.99,prop_mort_F3163FRA_18,strong,0,rule
2026-05-05,b454e39e42e73c1ede9331fd2cf6fcce8125c2e674daf3d179b72bd1ebead75e,MAY2026_BC_3072_MAY2026.csv_12,MAY2026,barclays,20-53-97 30728691,2026-05-05,-391.84,GBP,,,TOPAZ FIN ROSINCA     BLA00010/131188407 DD,,,169548,,Direct Debit,Direct Debit,TOPAZ FIN ROSINCA     BLA00010/131188407 DD,,,0,F4321LON,Mortgage,,,0.99,prop_mort_F4321LON_7,strong,0,rule
2026-05-05,19a69192ef132cf1d44214d6a18d6050028bc9a36682429560bb684b8cd59ff1,MAY2026_BC_3072_MAY2026.csv_13,MAY2026,barclays,20-53-97 30728691,2026-05-05,-391.76,GBP,,,TOPAZ FIN ROSINCA     BLA00010/131992707 DD,,,169548,,Direct Debit,Direct Debit,TOPAZ FIN ROSINCA     BLA00010/131992707 DD,,,0,F1321LON,Mortgage,,,0.99,prop_mort_F1321LON_1,strong,0,rule
2026-05-05,f926da60492d42c676d053c15820d575b38f7534a9671d8b6614be44c1b32716,MAY2026_BC_3072_MAY2026.csv_14,MAY2026,barclays,20-53-97 30728691,2026-05-05,-352.97,GBP,,,TOPAZ FIN ROSINCA     BLA00010/132514207 DD,,,169548,,Direct Debit,Direct Debit,TOPAZ FIN ROSINCA     BLA00010/132514207 DD,,,0,F1169FAW,Mortgage,,,0.99,prop_mort_F1169FAW_8,strong,0,rule
2026-05-05,62172b7f8870b2da17cc4280ead0609152fd4a8a2cf5bbff707475565771d340,MAY2026_BC_3072_MAY2026.csv_15,MAY2026,barclays,20-53-97 30728691,2026-05-05,-457.61,GBP,,,TOPAZ FIN ROSINCA     BLA00010/134121904 DD,,,169548,,Direct Debit,Direct Debit,TOPAZ FIN ROSINCA     BLA00010/134121904 DD,,,0,F111214ALH,Mortgage,,,0.99,prop_mort_F111214ALH_46,strong,0,rule
2026-05-05,6891782a45fee2fb828c840baf14f47f5f33c28efa8ac11aeeb976ca764ad0ed,MAY2026_BC_3072_MAY2026.csv_16,MAY2026,barclays,20-53-97 30728691,2026-05-05,-557.12,GBP,,,TOPAZ FIN ROSINCA     BLA00010/134332909 DD,,,169548,,Direct Debit,Direct Debit,TOPAZ FIN ROSINCA     BLA00010/134332909 DD,,,0,F11618ALH,Mortgage,,,0.99,prop_mort_F11618ALH_50,strong,0,rule
2026-05-05,3f1d2980ff56d134567e2b33b63fa3d8841db9aeb38aae5a994772674829b9f2,MAY2026_BC_3072_MAY2026.csv_17,MAY2026,barclays,20-53-97 30728691,2026-05-05,-457.88,GBP,,,TOPAZ FIN ROSINCA     BLA00010/134333009 DD,,,169548,,Direct Debit,Direct Debit,TOPAZ FIN ROSINCA     BLA00010/134333009 DD,,,0,F111618ALH,Mortgage,,,0.99,prop_mort_F111618ALH_54,strong,0,rule
2026-05-05,e1a3fedd33baa7423743da93da034bf781bd31da35029f313b7c35c44462ce95,MAY2026_BC_3072_MAY2026.csv_18,MAY2026,barclays,20-53-97 30728691,2026-05-05,-557.53,GBP,,,TOPAZ FIN ROSINCA     BLA00010/134338410 DD,,,169548,,Direct Debit,Direct Debit,TOPAZ FIN ROSINCA     BLA00010/134338410 DD,,,0,F131618ALH,Mortgage,,,0.99,prop_mort_F131618ALH_56,strong,0,rule
2026-05-05,8c002f89a27620badd51cce5f668fe9d9f0044fcedfaf1db6c6f50a3af2e425a,MAY2026_BC_3072_MAY2026.csv_19,MAY2026,barclays,20-53-97 30728691,2026-05-05,-577.53,GBP,,,TOPAZ FIN ROSINCA     BLA00010/134467209 DD,,,169548,,Direct Debit,Direct Debit,TOPAZ FIN ROSINCA     BLA00010/134467209 DD,,,0,F141214ALH,Mortgage,,,0.99,prop_mort_F141214ALH_48,strong,0,rule
2026-05-05,e157e57f9e5f281e11005f96db4f8a6b92ec80670dc85eff21629567b5d91a66,MAY2026_BC_3072_MAY2026.csv_20,MAY2026,barclays,20-53-97 30728691,2026-05-05,-523.18,GBP,,,TOPAZ FIN ROSINCA     BLA00010/137376006 DD,,,169548,,Direct Debit,Direct Debit,TOPAZ FIN ROSINCA     BLA00010/137376006 DD,,,0,F1171FAW,Mortgage,,,0.99,prop_mort_F1171FAW_14,strong,0,rule
2026-05-05,c0e636e48b00b36ed436ec514aa0b3750ce4853067f11b00ade301f4e8732117,MAY2026_BC_3072_MAY2026.csv_21,MAY2026,barclays,20-53-97 30728691,2026-05-05,-462.83,GBP,,,TOPAZ FIN ROSINCA     BLA00010/137376104 DD,,,169548,,Direct Debit,Direct Debit,TOPAZ FIN ROSINCA     BLA00010/137376104 DD,,,0,F2171FAW,Mortgage,,,0.99,prop_mort_F2171FAW_15,strong,0,rule
2026-05-05,6d7e491c660d077d84562b9ed5654c8aadf8156b6524450a85bf55762f236e55,MAY2026_BC_4040_MAY2026.csv_1,MAY2026,barclays,20-74-09 40406538,2026-05-05,-21.1,GBP,,,MARKS&SPENCER PLC     ON 04 MAY CLP,,,0,,Contactless Card Purchase,Contactless Card Purchase,MARKS&SPENCER PLC     ON 04 MAY CLP,,,0,,PersonalExpense,M&S,,0.99,cat_personalexpense_30,strong,0,rule
2026-05-05,4c443bb514caa0a7a6ca48834bfc8acc5a1a60fcdd97bf1b2208ea0f1e479b0f,MAY2026_StarlingStatement_2026-05.csv_26,MAY2026,starling,60-83-71 00558156,2026-05-05,209.99,GBP,16 Alhambra,SEQUENCE  UK  LIMI,16 Alhambra SEQUENCE  UK  LIMI,DIRECT CREDIT,53542.63,,REVENUE,,REVENUE,16 Alhambra SEQUENCE  UK  LIMI 16 Alhambra SEQUENCE  UK  LIMI DIRECT CREDIT,,,0,,PropertyExpense,,,0.99,override_1,strong,1,rule
2026-05-05,afa44d57ba09c4e5782e7a17d7e5fdfe39723d8acd1f37becba84bb62f8b2c7a,MAY2026_StarlingStatement_2026-05.csv_27,MAY2026,starling,60-83-71 00558156,2026-05-05,-3.19,GBP,Costa Coffee,COSTA COFFEE 43010527,Costa Coffee COSTA COFFEE 43010527,CHIP & PIN,53539.44,,FOOD_AND_DRINK,,FOOD_AND_DRINK,Costa Coffee COSTA COFFEE 43010527 Costa Coffee COSTA COFFEE 43010527 CHIP & PIN,,,0,,PersonalExpense,EatingOut,,0.99,override_33,strong,0,rule
2026-05-05,9c9e8c2ef10f0dd317ade9fce5142766a46a8bfdccecf322a909bfdbb260f5f0,MAY2026_StarlingStatement_2026-05.csv_28,MAY2026,starling,60-83-71 00558156,2026-05-05,280.0,GBP,THE DISPUTE SERVIC,TDSEW38766280,THE DISPUTE SERVIC TDSEW38766280,FASTER PAYMENT,53819.44,,REVENUE,,REVENUE,THE DISPUTE SERVIC TDSEW38766280 THE DISPUTE SERVIC TDSEW38766280 FASTER PAYMENT,,,0,,Deposit,,,0.99,cat_deposit_5,strong,0,rule
2026-05-05,67f178ae7954f0210d479a0c8665631ebed963f902c746eb038bc06d3c2f9e8b,MAY2026_StarlingStatement_2026-05.csv_29,MAY2026,starling,60-83-71 00558156,2026-05-05,-2.5,GBP,Mk Council,MK COUNCIL - IPS,Mk Council MK COUNCIL - IPS,CONTACTLESS,53816.94,,TRAVEL,,TRAVEL,Mk Council MK COUNCIL - IPS Mk Council MK COUNCIL - IPS CONTACTLESS,,,0,,PersonalExpense,Other,,0.99,override_30,strong,0,rule
2026-05-05,e1508bf5315ee7a43595dc5271463c6ae3aeab1d23f63f4d8cfa05b880fab8d1,MAY2026_StarlingStatement_2026-05.csv_30,MAY2026,starling,60-83-71 00558156,2026-05-05,1000.0,GBP,S Bijumon,RENT FOR may 2026,S Bijumon RENT FOR may 2026,FASTER PAYMENT,54816.94,,REVENUE,,REVENUE,S Bijumon RENT FOR may 2026 S Bijumon RENT FOR may 2026 FASTER PAYMENT,,,0,23BHAM,OurRent,,,0.99,prop_rent_23BHAM_88,strong,0,rule
2026-05-05,5a0402dd91d0d86458f4ad0ed2ab5afbf847f70dd09d4116ea5deef34ee96057,MAY2026_StarlingStatement_2026-05.csv_31,MAY2026,starling,60-83-71 00558156,2026-05-05,865.0,GBP,A Joy,"ANGEL JOY  ,FLAT 1","A Joy ANGEL JOY  ,FLAT 1",FASTER PAYMENT,55681.94,,REVENUE,,REVENUE,"A Joy ANGEL JOY  ,FLAT 1 A Joy ANGEL JOY  ,FLAT 1 FASTER PAYMENT",,,0,F71214ALH,OurRent,,,0.99,prop_rent_F71214ALH_108,strong,0,rule
2026-05-05,1cc8b2fc49678ff27520433a72ceb30f77c4ab8443f7556c72ec9d281f987de3,MAY2026_StarlingStatement_2026-05.csv_32,MAY2026,starling,60-83-71 00558156,2026-05-05,-181.99,GBP,Central Energy South Limited,728 1321 EICR,Central Energy South Limited 728 1321 EICR,FASTER PAYMENT,55499.95,,REPAIRS_AND_MAINTENANCE,,REPAIRS_AND_MAINTENANCE,Central Energy South Limited 728 1321 EICR Central Energy South Limited 728 1321 EICR FASTER PAYMENT,,,0,F1321LON,PropertyExpense,,,0.99,prop_rent_F1321LON_71,strong,0,rule
2026-05-05,08db8e046f7e16dc4da83ca0ce4585900b1c9d971f2dcc3f722862743f84f09f,MAY2026_StarlingStatement_2026-05.csv_33,MAY2026,starling,60-83-71 00558156,2026-05-05,-80.0,GBP,Central Energy South Limited,729 4321 EICR,Central Energy South Limited 729 4321 EICR,FASTER PAYMENT,55419.95,,REPAIRS_AND_MAINTENANCE,,REPAIRS_AND_MAINTENANCE,Central Energy South Limited 729 4321 EICR Central Energy South Limited 729 4321 EICR FASTER PAYMENT,,,0,F4321LON,PropertyExpense,,,0.99,prop_rent_F4321LON_74,strong,0,rule
2026-05-05,34724c77c022f5252f03f7caa113fd26a32f7b3733b8f465a7ec5f882cebee4a,MAY2026_StarlingStatement_2026-05.csv_34,MAY2026,starling,60-83-71 00558156,2026-05-05,-80.0,GBP,Central Energy South Limited,730 3169 EICR,Central Energy South Limited 730 3169 EICR,FASTER PAYMENT,55339.95,,REPAIRS_AND_MAINTENANCE,,REPAIRS_AND_MAINTENANCE,Central Energy South Limited 730 3169 EICR Central Energy South Limited 730 3169 EICR FASTER PAYMENT,,,0,F3169FAW,PropertyExpense,,,0.99,prop_rent_F3169FAW_78,strong,0,rule
2026-05-05,d4bf5060a0f9118302d0cc1e5aa846fc55e00a4514f6cc5e7486403c1e51c721,MAY2026_StarlingStatement_2026-05.csv_35,MAY2026,starling,60-83-71 00558156,2026-05-05,-80.0,GBP,Central Energy South Limited,731 3163 EICR,Central Energy South Limited 731 3163 EICR,FASTER PAYMENT,55259.95,,REPAIRS_AND_MAINTENANCE,,REPAIRS_AND_MAINTENANCE,Central Energy South Limited 731 3163 EICR Central Energy South Limited 731 3163 EICR FASTER PAYMENT,,,0,F3163FRA,PropertyExpense,,,0.99,prop_rent_F3163FRA_83,strong,0,rule
2026-05-05,507b0ced81155bcd9675518662b9eafa777dcabdf41e3509e317b0d58a52986f,MAY2026_StarlingStatement_2026-05.csv_36,MAY2026,starling,60-83-71 00558156,2026-05-05,-80.0,GBP,Central Energy South Limited,733 196a gff,Central Energy South Limited 733 196a gff,FASTER PAYMENT,55179.95,,REPAIRS_AND_MAINTENANCE,,REPAIRS_AND_MAINTENANCE,Central Energy South Limited 733 196a gff Central Energy South Limited 733 196a gff FASTER PAYMENT,,,0,196AKIN,PropertyExpense,,,0.99,prop_rent_196AKIN_86,strong,0,rule
2026-05-05,cb8786e230bab3c75a8d858fcee0a40e7fbb92a251cb42442bb9958ca329562e,MAY2026_StarlingStatement_2026-05.csv_37,MAY2026,starling,60-83-71 00558156,2026-05-05,-80.0,GBP,Central Energy South Limited,734 196b EICR,Central Energy South Limited 734 196b EICR,FASTER PAYMENT,55099.95,,REPAIRS_AND_MAINTENANCE,,REPAIRS_AND_MAINTENANCE,Central Energy South Limited 734 196b EICR Central Energy South Limited 734 196b EICR FASTER PAYMENT,,,0,196BKIN,PropertyExpense,,,0.99,prop_rent_196BKIN_87,strong,0,rule
2026-05-05,ec3a22a92f8320bfdac795813d3ee3533a7e31b07c22a52042a84b4a5e16da52,MAY2026_StarlingStatement_2026-05.csv_38,MAY2026,starling,60-83-71 00558156,2026-05-05,-80.0,GBP,Central Energy South Limited,739 121618 EICR,Central Energy South Limited 739 121618 EICR,FASTER PAYMENT,55019.95,,REPAIRS_AND_MAINTENANCE,,REPAIRS_AND_MAINTENANCE,Central Energy South Limited 739 121618 EICR Central Energy South Limited 739 121618 EICR FASTER PAYMENT,,,0,,PropertyExpense,,,0.99,cat_propertyexpense_19,strong,1,rule
2026-05-05,d5b5b8db4e46edcedfb19f5d8eda39c9caf331e7468e8aaa3f791a8c9e8a975c,MAY2026_StarlingStatement_2026-05.csv_39,MAY2026,starling,60-83-71 00558156,2026-05-05,-80.0,GBP,Central Energy South Limited,740 1946Eicr,Central Energy South Limited 740 1946Eicr,FASTER PAYMENT,54939.95,,REPAIRS_AND_MAINTENANCE,,REPAIRS_AND_MAINTENANCE,Central Energy South Limited 740 1946Eicr Central Energy South Limited 740 1946Eicr FASTER PAYMENT,,,0,,PropertyExpense,,,0.99,cat_propertyexpense_19,strong,1,rule
2026-05-05,a122dedc7a666b1a45307bad39fc1c162050de35a626624486a24d08629a633f,MAY2026_StarlingStatement_2026-05.csv_40,MAY2026,starling,60-83-71 00558156,2026-05-05,-130.0,GBP,Central Energy South Limited,742 111618 EICR,Central Energy South Limited 742 111618 EICR,FASTER PAYMENT,54809.95,,REPAIRS_AND_MAINTENANCE,,REPAIRS_AND_MAINTENANCE,Central Energy South Limited 742 111618 EICR Central Energy South Limited 742 111618 EICR FASTER PAYMENT,,,0,,PropertyExpense,,,0.99,cat_propertyexpense_19,strong,1,rule
2026-05-05,4a048b2c96b16c12f4a6aa5702cce3286ac7b696bbadd6d0559603a60d1433c8,MAY2026_StarlingStatement_2026-05.csv_41,MAY2026,starling,60-83-71 00558156,2026-05-05,-80.0,GBP,Central Energy South Limited,760 3321 EICR,Central Energy South Limited 760 3321 EICR,FASTER PAYMENT,54729.95,,REPAIRS_AND_MAINTENANCE,,REPAIRS_AND_MAINTENANCE,Central Energy South Limited 760 3321 EICR Central Energy South Limited 760 3321 EICR FASTER PAYMENT,,,0,F3321LON,PropertyExpense,,,0.99,prop_rent_F3321LON_73,strong,0,rule
2026-05-05,834a29bd6a5081b0e5db0aea7a175716c7444ae7b26e997b7dcfeeca21c9019f,MAY2026_StarlingStatement_2026-05.csv_42,MAY2026,starling,60-83-71 00558156,2026-05-05,-575.0,GBP,Central Energy South Limited,751 71618EICR,Central Energy South Limited 751 71618EICR,FASTER PAYMENT,54154.95,,REPAIRS_AND_MAINTENANCE,,REPAIRS_AND_MAINTENANCE,Central Energy South Limited 751 71618EICR Central Energy South Limited 751 71618EICR FASTER PAYMENT,,,0,,PropertyExpense,,,0.99,cat_propertyexpense_19,strong,1,rule
2026-05-06,44051a0cee7b8fb038f9e5a059fa5708b9d4397995fbbf8ad3321d302a3119eb,MAY2026_BC_3072_MAY2026.csv_22,MAY2026,barclays,20-53-97 30728691,2026-05-06,-483.54,GBP,,,SKIPTON B.S.          SBS00001/165905969 DD,,,995416,,Direct Debit,Direct Debit,SKIPTON B.S.          SBS00001/165905969 DD,,,0,F88ALH,Mortgage,,,0.99,prop_mort_F88ALH_33,strong,0,rule
2026-05-06,d0221f52c492542476f341d8b69b24e4d5d625e60efa9141d545ebae8d1e8d70,MAY2026_StarlingStatement_2026-05.csv_43,MAY2026,starling,60-83-71 00558156,2026-05-06,-106.9,GBP,New County Service Sta,NEW COUNTY SERVICE STA,New County Service Sta NEW COUNTY SERVICE STA,CHIP & PIN,54048.05,,VEHICLES,,VEHICLES,New County Service Sta NEW COUNTY SERVICE STA New County Service Sta NEW COUNTY SERVICE STA CHIP & PIN,,,0,,PersonalExpense,Garage,,0.99,override_5,strong,0,rule
2026-05-06,8337445f006d0b496933ae90ab08e61e33f575a17fe07613f8cead51457e9008,MAY2026_StarlingStatement_2026-05.csv_44,MAY2026,starling,60-83-71 00558156,2026-05-06,850.0,GBP,DANIELLE FULKER,Flat3171Fawcett,DANIELLE FULKER Flat3171Fawcett,FASTER PAYMENT,54898.05,,REVENUE,,REVENUE,DANIELLE FULKER Flat3171Fawcett DANIELLE FULKER Flat3171Fawcett FASTER PAYMENT,,,0,F3171FAW,OurRent,,,0.99,prop_rent_F3171FAW_81,strong,0,rule
2026-05-06,ed5e706baf8161ed5b47daeb03e904fb096206e8ecb665e6ecbd12344116e868,MAY2026_StarlingStatement_2026-05.csv_45,MAY2026,starling,60-83-71 00558156,2026-05-06,-42.58,GBP,Marks & Spencer,MARKS&SPENCER PLC SACA,Marks & Spencer MARKS&SPENCER PLC SACA,CONTACTLESS,54855.47,,FOOD_AND_DRINK,,FOOD_AND_DRINK,Marks & Spencer MARKS&SPENCER PLC SACA Marks & Spencer MARKS&SPENCER PLC SACA CONTACTLESS,,,0,,PersonalExpense,M&S,,0.99,override_2,strong,0,rule
2026-05-06,f4baf5b953daef373fc03a89c557aebe74b36ebe322eb9a3d82df6b49fd1af2e,MAY2026_StarlingStatement_2026-05.csv_46,MAY2026,starling,60-83-71 00558156,2026-05-06,-6171.88,GBP,Ivana Valentino 3072,mortgages,Ivana Valentino 3072 mortgages,FASTER PAYMENT,48683.59,,INTEREST_PAYMENTS,,INTEREST_PAYMENTS,Ivana Valentino 3072 mortgages Ivana Valentino 3072 mortgages FASTER PAYMENT,,,0,,MortgageRefund,Ivana,,0.99,cat_mortgagerefund_15,strong,0,rule
2026-05-07,6aac2a38b9e9969eb4d99af2a2aabe2ef3e29058745b5075d9d4306a9f737433,MAY2026_BC_6045_MAY2026.csv_14,MAY2026,barclays,20-74-09 60458872,2026-05-07,-10.0,GBP,,,SOFIA                 DAD IS THE BEST FT,,,0,,Funds Transfer,Funds Transfer,SOFIA                 DAD IS THE BEST FT,,,0,,PersonalExpense,Sofia,,0.99,override_8,strong,0,rule
2026-05-07,47d1e7bef70c81f2389034fa466f87555458ece534a9533af6808656b4072163,MAY2026_BC_3072_MAY2026.csv_23,MAY2026,barclays,20-53-97 30728691,2026-05-07,6171.88,GBP,,,Rsa Capital Limite    mortgages BGC,,,0,,Counter Credit,Counter Credit,Rsa Capital Limite    mortgages BGC,,,0,,Interbank,,,0.99,override_40,strong,0,rule
2026-05-07,da6b5a1bb3fa5f12a0d12aa839a5fad02374ce2cc7aafa10a2a405bd5737ad59,MAY2026_StarlingStatement_2026-05.csv_47,MAY2026,starling,60-83-71 00558156,2026-05-07,825.0,GBP,J BOTTLE,RENT,J BOTTLE RENT,FASTER PAYMENT,49508.59,,REVENUE,,REVENUE,J BOTTLE RENT J BOTTLE RENT FASTER PAYMENT,,,0,F58ALH,OurRent,,,0.99,prop_rent_F58ALH_97,strong,0,rule
2026-05-07,64948ec180c12adccd09c8228dfdc7992a1ac69dcddffa397a6dfc4df8c56e8f,MAY2026_StarlingStatement_2026-05.csv_48,MAY2026,starling,60-83-71 00558156,2026-05-07,-4.38,GBP,Budgens,BUDGENS,Budgens BUDGENS,CONTACTLESS,49504.21,,FOOD_AND_DRINK,,FOOD_AND_DRINK,Budgens BUDGENS Budgens BUDGENS CONTACTLESS,,,0,,PersonalExpense,Budgens,,0.99,override_35,strong,0,rule
2026-05-07,a513c3524b5c75873f0eb999fe82860ae7a8bfade6cdc055be3a47fdbb2cf069,MAY2026_StarlingStatement_2026-05.csv_49,MAY2026,starling,60-83-71 00558156,2026-05-07,-8.85,GBP,Co-op,CO OPERATIVE FOOD,Co-op CO OPERATIVE FOOD,CONTACTLESS,49495.36,,REPAIRS_AND_MAINTENANCE,,REPAIRS_AND_MAINTENANCE,Co-op CO OPERATIVE FOOD Co-op CO OPERATIVE FOOD CONTACTLESS,,,0,,PersonalExpense,COOP,,0.99,cat_propertyexpense_19,strong,0,rule
2026-05-07,f3d39a6598f2ac1c78749e4282468072871da7f390f394e75367a34605f7ae87,MAY2026_StarlingStatement_2026-05.csv_50,MAY2026,starling,60-83-71 00558156,2026-05-07,-20.0,GBP,Rocco VALENTINO TUCKER,stationery,Rocco VALENTINO TUCKER stationery,FASTER PAYMENT,49475.36,,REPAIRS_AND_MAINTENANCE,,REPAIRS_AND_MAINTENANCE,Rocco VALENTINO TUCKER stationery Rocco VALENTINO TUCKER stationery FASTER PAYMENT,,,0,,PersonalExpense,Rocco,,0.99,cat_propertyexpense_19,strong,0,rule
2026-05-07,7c0cace13d8a7e483c910743230cc26e902922a3e894268ad8c5b818ecfa3f8a,MAY2026_StarlingStatement_2026-05.csv_51,MAY2026,starling,60-83-71 00558156,2026-05-07,-21.35,GBP,Marks & Spencer,MARKS&SPENCER PLC SACA,Marks & Spencer MARKS&SPENCER PLC SACA,CONTACTLESS,49454.01,,FOOD_AND_DRINK,,FOOD_AND_DRINK,Marks & Spencer MARKS&SPENCER PLC SACA Marks & Spencer MARKS&SPENCER PLC SACA CONTACTLESS,,,0,,PersonalExpense,M&S,,0.99,override_2,strong,0,rule
2026-05-07,c9b43c54f3078f5797a595b7c9be8dfb0d2e0917275383921aca42078049d4f6,MAY2026_StarlingStatement_2026-05.csv_52,MAY2026,starling,60-83-71 00558156,2026-05-07,-2.49,GBP,Google Play,Google One,Google Play Google One,CARD SUBSCRIPTION,49451.52,,ADMIN,,ADMIN,Google Play Google One Google Play Google One CARD SUBSCRIPTION,,,0,,PropertyExpense,,,0.99,cat_propertyexpense_10,strong,1,rule
2026-05-07,690e284f7c3a244c6505fce8222f90ac445b90b82f455605f1c8dbd4e6bf0e16,MAY2026_StarlingStatement_2026-05.csv_53,MAY2026,starling,60-83-71 00558156,2026-05-07,-15.99,GBP,Peter Taperek,121618 repairs,Peter Taperek 121618 repairs,FASTER PAYMENT,49435.53,,REPAIRS_AND_MAINTENANCE,,REPAIRS_AND_MAINTENANCE,Peter Taperek 121618 repairs Peter Taperek 121618 repairs FASTER PAYMENT,,,0,,PropertyExpense,,,0.99,cat_propertyexpense_19,strong,1,rule
2026-05-08,d50638c1917163bb5943e4715642ff3b6f8b6c5cd0c88cf957d2d4d5c0f47a65,MAY2026_BC_3072_MAY2026.csv_24,MAY2026,barclays,20-53-97 30728691,2026-05-08,-512.53,GBP,,,BHAM MIDSHIRES        6092076502030000 DDR,,,184800,,Direct Debit,Direct Debit,BHAM MIDSHIRES        6092076502030000 DDR,,,0,196BKIN,Mortgage,,,0.99,prop_mort_196BKIN_25,strong,0,rule
2026-05-08,215dc7d78ffffd079317195f84bd33805d7df35ee145df1576425f96ed62bb18,MAY2026_BC_4040_MAY2026.csv_2,MAY2026,barclays,20-74-09 40406538,2026-05-08,-8.0,GBP,,,ID MOBILE LIMITED     12253154/001 DDR,,,298372,,Direct Debit,Direct Debit,ID MOBILE LIMITED     12253154/001 DDR,,,0,,RegularPayment,,,0.99,cat_regularpayment_27,strong,0,rule
2026-05-08,8728ad6d1364f5da4adeb52fe20caab409b1aa8ff89db0e676c1debcc6de5a58,MAY2026_StarlingStatement_2026-05.csv_54,MAY2026,starling,60-83-71 00558156,2026-05-08,-52.96,GBP,Vision Direct,VISION DIRECT GBP,Vision Direct VISION DIRECT GBP,ONLINE PAYMENT,49382.57,,PROFESSIONAL_SERVICES,,PROFESSIONAL_SERVICES,Vision Direct VISION DIRECT GBP Vision Direct VISION DIRECT GBP ONLINE PAYMENT,,,0,,OtherExpense,,,0.65,cat_otherexpense_35,catch_all,1,rule
2026-05-08,e9f696c571ad96597ecff7b9b801be78e78a929b805ddc9edcea91159b6f5b5a,MAY2026_StarlingStatement_2026-05.csv_55,MAY2026,starling,60-83-71 00558156,2026-05-08,-15.83,GBP,Amazon,AMAZON UK* N61CN0YT4,Amazon AMAZON UK* N61CN0YT4,ONLINE PAYMENT,49366.74,,REPAIRS_AND_MAINTENANCE,,REPAIRS_AND_MAINTENANCE,Amazon AMAZON UK* N61CN0YT4 Amazon AMAZON UK* N61CN0YT4 ONLINE PAYMENT,,,0,,PropertyExpense,,,0.99,cat_propertyexpense_19,strong,1,rule
2026-05-08,a475182fb979ef28b9bf9d5f60d92114764b530800ca5c95a346eb0307f72e85,MAY2026_StarlingStatement_2026-05.csv_56,MAY2026,starling,60-83-71 00558156,2026-05-08,-15.83,GBP,Amazon,AMAZON UK* N66BH7YU4,Amazon AMAZON UK* N66BH7YU4,ONLINE PAYMENT,49350.91,,REPAIRS_AND_MAINTENANCE,,REPAIRS_AND_MAINTENANCE,Amazon AMAZON UK* N66BH7YU4 Amazon AMAZON UK* N66BH7YU4 ONLINE PAYMENT,,,0,,PropertyExpense,,,0.99,cat_propertyexpense_19,strong,1,rule
2026-05-08,02f0c3c9a5a182795c97ed39bb5b778cdb78b2b6ec4e01c17df0a86bbfc3afd5,MAY2026_StarlingStatement_2026-05.csv_57,MAY2026,starling,60-83-71 00558156,2026-05-08,-130.0,GBP,SumUp,SumUp  *DVRT MDNK2R77,SumUp SumUp  *DVRT MDNK2R77,GOOGLE PAY,49220.91,,FOOD_AND_DRINK,,FOOD_AND_DRINK,SumUp SumUp  *DVRT MDNK2R77 SumUp SumUp  *DVRT MDNK2R77 GOOGLE PAY,,,0,,OtherExpense,,,0.65,cat_otherexpense_35,catch_all,1,rule
2026-05-08,93955d446962f07d2237fee040fd6a0e0099178aa657a525fc1ea57df8c4a0ad,MAY2026_StarlingStatement_2026-05.csv_58,MAY2026,starling,60-83-71 00558156,2026-05-08,-31.9,GBP,Marks & Spencer,MARKS&SPENCER PLC SACA,Marks & Spencer MARKS&SPENCER PLC SACA,CONTACTLESS,49189.01,,FOOD_AND_DRINK,,FOOD_AND_DRINK,Marks & Spencer MARKS&SPENCER PLC SACA Marks & Spencer MARKS&SPENCER PLC SACA CONTACTLESS,,,0,,PersonalExpense,M&S,,0.99,override_2,strong,0,rule
2026-05-08,2fcffef387ef62621fb70e2769d6a446a41cd47635b9200aeb0e23f9703d5c35,MAY2026_StarlingStatement_2026-05.csv_59,MAY2026,starling,60-83-71 00558156,2026-05-08,-40.0,GBP,Rocco VALENTINO TUCKER,travel,Rocco VALENTINO TUCKER travel,FASTER PAYMENT,49149.01,,REPAIRS_AND_MAINTENANCE,,REPAIRS_AND_MAINTENANCE,Rocco VALENTINO TUCKER travel Rocco VALENTINO TUCKER travel FASTER PAYMENT,,,0,,PersonalExpense,Rocco,,0.99,cat_propertyexpense_19,strong,0,rule
2026-05-08,fb1472082aa8e966974ce883acae70bf357787435d063bd5239ce4859efb3ef2,MAY2026_StarlingStatement_2026-05.csv_60,MAY2026,starling,60-83-71 00558156,2026-05-08,-20.0,GBP,Rocco VALENTINO TUCKER,stationery,Rocco VALENTINO TUCKER stationery,FASTER PAYMENT,49129.01,,ADMIN,,ADMIN,Rocco VALENTINO TUCKER stationery Rocco VALENTINO TUCKER stationery FASTER PAYMENT,,,0,,PersonalExpense,Rocco,,0.99,cat_propertyexpense_10,strong,0,rule
2026-05-09,d87745e6502afae4a5ab4acf41bbe1d681f301cc8875658d502116161abd590d,MAY2026_StarlingStatement_2026-05.csv_61,MAY2026,starling,60-83-71 00558156,2026-05-09,-672.99,GBP,Back Market Uk,Back Market,Back Market Uk Back Market,ONLINE PAYMENT,48456.02,,EQUIPMENT,,EQUIPMENT,Back Market Uk Back Market Back Market Uk Back Market ONLINE PAYMENT,,,0,,OtherExpense,,,0.65,cat_otherexpense_35,catch_all,1,rule
2026-05-09,c8226186fac79d36d3a10b16bd7c1e6054ced0a506b71ca78f7949a1f46bb5ba,MAY2026_StarlingStatement_2026-05.csv_62,MAY2026,starling,60-83-71 00558156,2026-05-09,-9.0,GBP,Budgens,BUDGENS,Budgens BUDGENS,CONTACTLESS,48447.02,,FOOD_AND_DRINK,,FOOD_AND_DRINK,Budgens BUDGENS Budgens BUDGENS CONTACTLESS,,,0,,PersonalExpense,Budgens,,0.99,override_35,strong,0,rule
2026-05-09,e9fefefbcd936f4407b9ac0b63bd41b10a7cfdce0ba17d871f4d19edb1ba8dec,MAY2026_StarlingStatement_2026-05.csv_63,MAY2026,starling,60-83-71 00558156,2026-05-09,-14.24,GBP,Co-op,CO OPERATIVE FOOD,Co-op CO OPERATIVE FOOD,CONTACTLESS,48432.78,,REPAIRS_AND_MAINTENANCE,,REPAIRS_AND_MAINTENANCE,Co-op CO OPERATIVE FOOD Co-op CO OPERATIVE FOOD CONTACTLESS,,,0,,PersonalExpense,COOP,,0.99,cat_propertyexpense_19,strong,0,rule
2026-05-09,f93ce91410570844ea44394651e351702d2019a3608a73656330e30ab8e68cb4,MAY2026_StarlingStatement_2026-05.csv_64,MAY2026,starling,60-83-71 00558156,2026-05-09,-7.25,GBP,Co-op,CO OPERATIVE FOOD,Co-op CO OPERATIVE FOOD,CONTACTLESS,48425.53,,REPAIRS_AND_MAINTENANCE,,REPAIRS_AND_MAINTENANCE,Co-op CO OPERATIVE FOOD Co-op CO OPERATIVE FOOD CONTACTLESS,,,0,,PersonalExpense,COOP,,0.99,cat_propertyexpense_19,strong,0,rule
2026-05-09,42220bb0af71ca90a8d9df063ad88c871d26fad973a362bf93e81c369de8739b,MAY2026_StarlingStatement_2026-05.csv_65,MAY2026,starling,60-83-71 00558156,2026-05-09,-9.4,GBP,Marks & Spencer,MARKS&SPENCER PLC,Marks & Spencer MARKS&SPENCER PLC,CONTACTLESS,48416.13,,FOOD_AND_DRINK,,FOOD_AND_DRINK,Marks & Spencer MARKS&SPENCER PLC Marks & Spencer MARKS&SPENCER PLC CONTACTLESS,,,0,,PersonalExpense,M&S,,0.99,override_2,strong,0,rule
2026-05-09,20478d04f8a4fb171bd3fe6b2df0d8f08916eb7b90d1a57e9630170372d5cd79,MAY2026_StarlingStatement_2026-05.csv_66,MAY2026,starling,60-83-71 00558156,2026-05-09,-11.0,GBP,IMO Carwash,ANDUFF CAR WASH LIMITE,IMO Carwash ANDUFF CAR WASH LIMITE,CONTACTLESS,48405.13,,VEHICLES,,VEHICLES,IMO Carwash ANDUFF CAR WASH LIMITE IMO Carwash ANDUFF CAR WASH LIMITE CONTACTLESS,,,0,,OtherExpense,,,0.65,cat_otherexpense_35,catch_all,1,rule
2026-05-10,787f67b1890964f4801c196f2de1b578fbee749681be84d4b2ac608100d8a7bb,MAY2026_StarlingStatement_2026-05.csv_67,MAY2026,starling,60-83-71 00558156,2026-05-10,-70.11,GBP,Tesco,TESCO STORES 2547,Tesco TESCO STORES 2547,CONTACTLESS,48335.02,,FOOD_AND_DRINK,,FOOD_AND_DRINK,Tesco TESCO STORES 2547 Tesco TESCO STORES 2547 CONTACTLESS,,,0,,PersonalExpense,Tesco,,0.99,override_9,strong,0,rule
2026-05-10,254886614e36dc1e81ce0dbfd99c6c73706a16bea8c7e1fa5c4e818b6b3c7e94,MAY2026_StarlingStatement_2026-05.csv_68,MAY2026,starling,60-83-71 00558156,2026-05-10,-14.0,GBP,TG Jones,TG Jones Milton,TG Jones TG Jones Milton,CONTACTLESS,48321.02,,ADMIN,,ADMIN,TG Jones TG Jones Milton TG Jones TG Jones Milton CONTACTLESS,,,0,,PropertyExpense,,,0.99,cat_propertyexpense_10,strong,1,rule
2026-05-10,bf782d0ae6898adf8d348b559db0fff0357582a5d0df0ae0609c64e2997ca17a,MAY2026_StarlingStatement_2026-05.csv_69,MAY2026,starling,60-83-71 00558156,2026-05-10,-7.75,GBP,Budgens,BUDGENS,Budgens BUDGENS,CONTACTLESS,48313.27,,FOOD_AND_DRINK,,FOOD_AND_DRINK,Budgens BUDGENS Budgens BUDGENS CONTACTLESS,,,0,,PersonalExpense,Budgens,,0.99,override_35,strong,0,rule
2026-05-10,81dd21a3b03480ad465c0cb48e2dd83d94c88c56b3b9b6d50aaa9a76754665da,MAY2026_StarlingStatement_2026-05.csv_70,MAY2026,starling,60-83-71 00558156,2026-05-10,-19.2,GBP,Co-op,CO OPERATIVE FOOD,Co-op CO OPERATIVE FOOD,CONTACTLESS,48294.07,,REPAIRS_AND_MAINTENANCE,,REPAIRS_AND_MAINTENANCE,Co-op CO OPERATIVE FOOD Co-op CO OPERATIVE FOOD CONTACTLESS,,,0,,PersonalExpense,COOP,,0.99,cat_propertyexpense_19,strong,0,rule
2026-05-10,9e1f22442b2acc943afd676c1fd1361cb6087e000c9e435a464201f4c8ac5848,MAY2026_StarlingStatement_2026-05.csv_71,MAY2026,starling,60-83-71 00558156,2026-05-10,-51.64,GBP,Marks & Spencer,MARKS&SPENCER PLC,Marks & Spencer MARKS&SPENCER PLC,CONTACTLESS,48242.43,,FOOD_AND_DRINK,,FOOD_AND_DRINK,Marks & Spencer MARKS&SPENCER PLC Marks & Spencer MARKS&SPENCER PLC CONTACTLESS,,,0,,PersonalExpense,M&S,,0.99,override_2,strong,0,rule
2026-05-10,b4cce372d2c40d283070b1107bf7bb9093c50d8139681c3479311715b82d9a4d,MAY2026_StarlingStatement_2026-05.csv_72,MAY2026,starling,60-83-71 00558156,2026-05-10,-100.0,GBP,Ivana  VALENTINO,trf,Ivana  VALENTINO trf,FASTER PAYMENT,48142.43,,REPAIRS_AND_MAINTENANCE,,REPAIRS_AND_MAINTENANCE,Ivana  VALENTINO trf Ivana  VALENTINO trf FASTER PAYMENT,,,0,,PersonalExpense,Ivana,,0.99,cat_propertyexpense_19,strong,0,rule
2026-05-10,f322b1b92bffd4d00ff844ac04604fe33676253b4e07d59039be2c40cabc97e9,MAY2026_StarlingStatement_2026-05.csv_73,MAY2026,starling,60-83-71 00558156,2026-05-10,-190.0,GBP,Jijo George,25 221618 rep,Jijo George 25 221618 rep,FASTER PAYMENT,47952.43,,REPAIRS_AND_MAINTENANCE,,REPAIRS_AND_MAINTENANCE,Jijo George 25 221618 rep Jijo George 25 221618 rep FASTER PAYMENT,,,0,,PropertyExpense,,,0.99,cat_propertyexpense_19,strong,1,rule
2026-05-11,f6f90fe76b618b0decf21aeb7d431b9b6a6eca194dada14f06f8f204d6357eb0,MAY2026_BC_6045_MAY2026.csv_15,MAY2026,barclays,20-74-09 60458872,2026-05-11,-30.99,GBP,,,Prime Video*NH7A80    ON 08 MAY BCC,,,0,,Card Purchase,Card Purchase,Prime Video*NH7A80    ON 08 MAY BCC,,,0,,PersonalExpense,Other,,0.99,cat_personalexpense_30,strong,0,rule
2026-05-11,8874ce4ac814d9314e7ec750f0452bd10b82b9316eca0b4cfbf7511fc8c93070,MAY2026_BC_6045_MAY2026.csv_16,MAY2026,barclays,20-74-09 60458872,2026-05-11,-0.6,GBP,,,ALESSIO               MONEYYOUFOUND FT,,,0,,Funds Transfer,Funds Transfer,ALESSIO               MONEYYOUFOUND FT,,,0,,PersonalExpense,Alessio,,0.99,override_7,strong,0,rule
2026-05-11,c90f92caacb220a9ee45d8da3766c09cdecd50df5393090170aaa0824c6c1ad4,MAY2026_BC_6045_MAY2026.csv_17,MAY2026,barclays,20-74-09 60458872,2026-05-11,-9.99,GBP,,,NOW B81F6 UK HBO M    ON 10 MAY BCC,,,0,,Card Purchase,Card Purchase,NOW B81F6 UK HBO M    ON 10 MAY BCC,,,0,,PersonalExpense,Amazon,,0.99,cat_personalexpense_30,strong,0,rule
2026-05-11,8f0a5b52e32723bbed26acc28cf0a0a9e1b1c8f1482e38a0ac937475a78e0516,MAY2026_BC_3072_MAY2026.csv_25,MAY2026,barclays,20-53-97 30728691,2026-05-11,-47.02,GBP,,,BHAM MIDSHIRES        6792116703030000 DDR,,,184800,,Direct Debit,Direct Debit,BHAM MIDSHIRES        6792116703030000 DDR,,,0,F3169FAW,Mortgage,,,0.99,prop_mort_F3169FAW_13,strong,0,rule
2026-05-11,656dc36609ed35598bc734f79748a1c175358f1d15394393b5d9794c3649742b,MAY2026_BC_3072_MAY2026.csv_26,MAY2026,barclays,20-53-97 30728691,2026-05-11,-352.32,GBP,,,BHAM MIDSHIRES        6092096352060000 DDR,,,184800,,Direct Debit,Direct Debit,BHAM MIDSHIRES        6092096352060000 DDR,,,0,F41214ALH,Mortgage,,,0.99,prop_mort_F41214ALH_43,strong,0,rule
2026-05-11,496f23cf5fdbb6738c939b54c7dad1cc29434ce5755bc994432508c319625b95,MAY2026_BC_4040_MAY2026.csv_3,MAY2026,barclays,20-74-09 40406538,2026-05-11,100.0,GBP,,,Rsa Capital Limite    trf BGC,,,0,,Counter Credit,Counter Credit,Rsa Capital Limite    trf BGC,,,0,,Interbank,,,0.99,override_40,strong,0,rule
2026-05-11,24782e22bdba6f73f89c0ac87e562d6f2c268f08d6184e2f23645b04565aa621,MAY2026_BC_4040_MAY2026.csv_4,MAY2026,barclays,20-74-09 40406538,2026-05-11,-30.0,GBP,,,SOFIA VALENTINO-TU    LOVE MUMMY FT,,,0,,Funds Transfer,Funds Transfer,SOFIA VALENTINO-TU    LOVE MUMMY FT,,,0,,PersonalExpense,Sofia,,0.99,override_8,strong,0,rule
2026-05-11,d0773460069d14364f556b45746579906c1e7609cda89b445a6e41c5753b0115,MAY2026_BC_4040_MAY2026.csv_5,MAY2026,barclays,20-74-09 40406538,2026-05-11,-4.0,GBP,,,ALESSIO VALENTINO-    FROM MUMMY FT,,,0,,Funds Transfer,Funds Transfer,ALESSIO VALENTINO-    FROM MUMMY FT,,,0,,PersonalExpense,Alessio,,0.99,override_7,strong,0,rule
2026-05-11,10fe03b293130d15f3d242c3ed73545e7a48745d4978a5425f93cdd8c5b34583,MAY2026_BC_4040_MAY2026.csv_6,MAY2026,barclays,20-74-09 40406538,2026-05-11,-4.0,GBP,,,ALESSIO VALENTINO-    FROM MUMMY FT,,,0,,Funds Transfer,Funds Transfer,ALESSIO VALENTINO-    FROM MUMMY FT,,,0,,PersonalExpense,Alessio,,0.99,override_7,strong,0,rule
2026-05-11,212c8433d70e1955dbb88eda055c22624943f7bc95848f54463a2c886cf3d3e4,MAY2026_StarlingStatement_2026-05.csv_74,MAY2026,starling,60-83-71 00558156,2026-05-11,900.0,GBP,Brett Ricketts,"8, 8 Alhambra","Brett Ricketts 8, 8 Alhambra",FASTER PAYMENT,48852.43,,REVENUE,,REVENUE,"Brett Ricketts 8, 8 Alhambra Brett Ricketts 8, 8 Alhambra FASTER PAYMENT",,,0,F3163FRA,OurRent,,,0.99,prop_rent_F3163FRA_83,strong,0,rule
2026-05-11,0b5ec06c6e692f9cd06b2bddd494d690bc57a4f0a3fca37cee0a0eb31a5371d7,MAY2026_StarlingStatement_2026-05.csv_75,MAY2026,starling,60-83-71 00558156,2026-05-11,-22.9,GBP,Co-op,CO OPERATIVE FOOD,Co-op CO OPERATIVE FOOD,CHIP & PIN,48829.53,,REPAIRS_AND_MAINTENANCE,,REPAIRS_AND_MAINTENANCE,Co-op CO OPERATIVE FOOD Co-op CO OPERATIVE FOOD CHIP & PIN,,,0,,PersonalExpense,COOP,,0.99,cat_propertyexpense_19,strong,0,rule
2026-05-11,6ec193107a9a8ff0ce276010a8bc466430349b93caa6d677cad3978c0aff354f,MAY2026_StarlingStatement_2026-05.csv_76,MAY2026,starling,60-83-71 00558156,2026-05-11,1000.0,GBP,MD FAHIM UDDIN,1 171,MD FAHIM UDDIN 1 171,FASTER PAYMENT,49829.53,,REVENUE,,REVENUE,MD FAHIM UDDIN 1 171 MD FAHIM UDDIN 1 171 FASTER PAYMENT,,,0,F1171FAW,OurRent,,,0.99,prop_rent_F1171FAW_79,strong,0,rule
2026-05-11,1f77b6f4be23ead67cffbc85e9925a606353ec07f28fe10206b7e3020b2f558e,MAY2026_StarlingStatement_2026-05.csv_77,MAY2026,starling,60-83-71 00558156,2026-05-11,-29.74,GBP,Amazon,AMAZON* NH2D36XZ4,Amazon AMAZON* NH2D36XZ4,ONLINE PAYMENT,49799.79,,REPAIRS_AND_MAINTENANCE,,REPAIRS_AND_MAINTENANCE,Amazon AMAZON* NH2D36XZ4 Amazon AMAZON* NH2D36XZ4 ONLINE PAYMENT,,,0,,PropertyExpense,,,0.99,cat_propertyexpense_19,strong,1,rule
2026-05-12,563c501942efe270f8db6848c7d941abfd5dec6d4a3d45a3a88031d4339dfdfb,MAY2026_BC_6045_MAY2026.csv_18,MAY2026,barclays,20-74-09 60458872,2026-05-12,-6.0,GBP,,,NOW 9E219 GB Basic    ON 11 MAY BCC,,,0,,Card Purchase,Card Purchase,NOW 9E219 GB Basic    ON 11 MAY BCC,,,0,,PersonalExpense,Amazon,,0.99,cat_personalexpense_30,strong,0,rule
2026-05-12,862b2d2577ed6803def9b1872272f21378c467172597aa7dcaa4a2483593025a,MAY2026_BC_3072_MAY2026.csv_27,MAY2026,barclays,20-53-97 30728691,2026-05-12,-330.57,GBP,,,BHAM MIDSHIRES        6092021491040000 DDR,,,184800,,Direct Debit,Direct Debit,BHAM MIDSHIRES        6092021491040000 DDR,,,0,F3169FAW,Mortgage,,,0.99,prop_mort_F3169FAW_11,strong,0,rule
2026-05-12,00326f2b889f6789ef37fa8756553e186cf896d07438367e9f4a248e7501c52f,MAY2026_BC_3072_MAY2026.csv_28,MAY2026,barclays,20-53-97 30728691,2026-05-12,-37.68,GBP,,,AVIVA LIFE            014033997 DDR,,,990457,,Direct Debit,Direct Debit,AVIVA LIFE            014033997 DDR,,,0,,RegularPayment,,,0.99,cat_regularpayment_27,strong,0,rule
2026-05-12,e7dfc3432030071f9f9f59cd7bf62fc6928a41dc79f687745dcd5b9cc8d7996d,MAY2026_BC_4040_MAY2026.csv_7,MAY2026,barclays,20-74-09 40406538,2026-05-12,-4.88,GBP,,,BUDGENS               ON 11 MAY BCC,,,0,,Card Purchase,Card Purchase,BUDGENS               ON 11 MAY BCC,,,0,,PersonalExpense,Budgens,,0.99,cat_personalexpense_30,strong,0,rule
2026-05-12,e2f01616cb8d303af580e4de21de66733cca47eeaca35cbfc608d8f24b423c2d,MAY2026_StarlingStatement_2026-05.csv_78,MAY2026,starling,60-83-71 00558156,2026-05-12,800.0,GBP,Samuel Kirwin,Rent 5 12-14 SK,Samuel Kirwin Rent 5 12-14 SK,FASTER PAYMENT,50599.79,,REVENUE,,REVENUE,Samuel Kirwin Rent 5 12-14 SK Samuel Kirwin Rent 5 12-14 SK FASTER PAYMENT,,,0,F51214ALH,OurRent,,,0.99,prop_rent_F51214ALH_107,strong,0,rule
2026-05-12,6b5fa03bd959a1fd1664d3ae8368589746d4a97683b89fb49a2ef26a7d9eee2c,MAY2026_StarlingStatement_2026-05.csv_79,MAY2026,starling,60-83-71 00558156,2026-05-12,-5.86,GBP,Budgens,BUDGENS,Budgens BUDGENS,CONTACTLESS,50593.93,,FOOD_AND_DRINK,,FOOD_AND_DRINK,Budgens BUDGENS Budgens BUDGENS CONTACTLESS,,,0,,PersonalExpense,Budgens,,0.99,override_35,strong,0,rule
2026-05-12,fb9fd475e7882ed0c5d4b7828b7918d0beffc47d7b80a916c3419eda79a40353,MAY2026_StarlingStatement_2026-05.csv_80,MAY2026,starling,60-83-71 00558156,2026-05-12,-10.3,GBP,Co-op,CO OPERATIVE FOOD,Co-op CO OPERATIVE FOOD,CONTACTLESS,50583.63,,REPAIRS_AND_MAINTENANCE,,REPAIRS_AND_MAINTENANCE,Co-op CO OPERATIVE FOOD Co-op CO OPERATIVE FOOD CONTACTLESS,,,0,,PersonalExpense,COOP,,0.99,cat_propertyexpense_19,strong,0,rule
2026-05-12,c220040fc0e77534747e487aa0e819e49377a57d4168d2bbe9ae4fa29431550e,MAY2026_StarlingStatement_2026-05.csv_81,MAY2026,starling,60-83-71 00558156,2026-05-12,-60.75,GBP,Marks & Spencer,MARKS&SPENCER PLC SACA,Marks & Spencer MARKS&SPENCER PLC SACA,CONTACTLESS,50522.88,,FOOD_AND_DRINK,,FOOD_AND_DRINK,Marks & Spencer MARKS&SPENCER PLC SACA Marks & Spencer MARKS&SPENCER PLC SACA CONTACTLESS,,,0,,PersonalExpense,M&S,,0.99,override_2,strong,0,rule
2026-05-13,6e5ed4667f39b9d9395fda1ee2367b655ed6d7e4121f1f4d2c3e6b0ae7c154a5,MAY2026_BC_6045_MAY2026.csv_19,MAY2026,barclays,20-74-09 60458872,2026-05-13,-42.37,GBP,,,AMZNMktplace*NH2V7    ON 12 MAY BCC,,,0,,Card Purchase,Card Purchase,AMZNMktplace*NH2V7    ON 12 MAY BCC,,,0,,PersonalExpense,Amazon,,0.99,cat_personalexpense_30,strong,0,rule
2026-05-13,92698af21c61512b62b9af648e1deef7ce5092101588c39a517982ea55ba8459,MAY2026_StarlingStatement_2026-05.csv_82,MAY2026,starling,60-83-71 00558156,2026-05-13,850.0,GBP,Lucinda Francis,"7, 8 Alhambra Road","Lucinda Francis 7, 8 Alhambra Road",FASTER PAYMENT,51372.88,,REVENUE,,REVENUE,"Lucinda Francis 7, 8 Alhambra Road Lucinda Francis 7, 8 Alhambra Road FASTER PAYMENT",,,0,F78ALH,OurRent,,,0.99,prop_rent_F78ALH_99,strong,0,rule
2026-05-13,9a7d29291dd3231689c0334cbd431d98405eddf226b7f6da83e5291acbd233fa,MAY2026_StarlingStatement_2026-05.csv_83,MAY2026,starling,60-83-71 00558156,2026-05-13,-18.67,GBP,Amazon,AMAZON UK* NH2ZS1KB4,Amazon AMAZON UK* NH2ZS1KB4,ONLINE PAYMENT,51354.21,,REPAIRS_AND_MAINTENANCE,,REPAIRS_AND_MAINTENANCE,Amazon AMAZON UK* NH2ZS1KB4 Amazon AMAZON UK* NH2ZS1KB4 ONLINE PAYMENT,,,0,,PropertyExpense,,,0.99,cat_propertyexpense_19,strong,1,rule
2026-05-13,d761dc49b3b545d85acd93257e57801a5d438518c3d4186b60fb5b7e65a2d6fa,MAY2026_StarlingStatement_2026-05.csv_84,MAY2026,starling,60-83-71 00558156,2026-05-13,-20.35,GBP,Amazon,AMAZON UK* NH8P45K84,Amazon AMAZON UK* NH8P45K84,ONLINE PAYMENT,51333.86,,REPAIRS_AND_MAINTENANCE,,REPAIRS_AND_MAINTENANCE,Amazon AMAZON UK* NH8P45K84 Amazon AMAZON UK* NH8P45K84 ONLINE PAYMENT,,,0,,PropertyExpense,,,0.99,cat_propertyexpense_19,strong,1,rule
2026-05-13,1489353a5a8db7005f056ac1b622d36b2dc9d92834a44363edd70ae6dd69b02f,MAY2026_StarlingStatement_2026-05.csv_85,MAY2026,starling,60-83-71 00558156,2026-05-13,-21.99,GBP,Amazon,AMAZON* NH89T3244,Amazon AMAZON* NH89T3244,ONLINE PAYMENT,51311.87,,REPAIRS_AND_MAINTENANCE,,REPAIRS_AND_MAINTENANCE,Amazon AMAZON* NH89T3244 Amazon AMAZON* NH89T3244 ONLINE PAYMENT,,,0,,PropertyExpense,,,0.99,cat_propertyexpense_19,strong,1,rule
2026-05-13,f6a535eb94d0bfd385341652adf6b48f2e91729f5dd7e7a744ffaf797b395644,MAY2026_StarlingStatement_2026-05.csv_86,MAY2026,starling,60-83-71 00558156,2026-05-13,-107.91,GBP,Morr Bedford,MORR BEDFORD,Morr Bedford MORR BEDFORD,CHIP & PIN,51203.96,,VEHICLES,,VEHICLES,Morr Bedford MORR BEDFORD Morr Bedford MORR BEDFORD CHIP & PIN,,,0,,OtherExpense,,,0.65,cat_otherexpense_35,catch_all,1,rule
2026-05-13,0e617e6fd7a59fdb32e8639396f651c10f13a82a9de8bb89da721c23075f227f,MAY2026_StarlingStatement_2026-05.csv_87,MAY2026,starling,60-83-71 00558156,2026-05-13,-26.3,GBP,Co-op,CO OPERATIVE FOOD,Co-op CO OPERATIVE FOOD,CONTACTLESS,51177.66,,REPAIRS_AND_MAINTENANCE,,REPAIRS_AND_MAINTENANCE,Co-op CO OPERATIVE FOOD Co-op CO OPERATIVE FOOD CONTACTLESS,,,0,,PersonalExpense,COOP,,0.99,cat_propertyexpense_19,strong,0,rule
2026-05-13,142ae32e5230559522152941335d7119d5a25e676bccfebc915a58ef58567aac,MAY2026_StarlingStatement_2026-05.csv_88,MAY2026,starling,60-83-71 00558156,2026-05-13,-8.25,GBP,Co-op,CO OPERATIVE FOOD,Co-op CO OPERATIVE FOOD,CONTACTLESS,51169.41,,REPAIRS_AND_MAINTENANCE,,REPAIRS_AND_MAINTENANCE,Co-op CO OPERATIVE FOOD Co-op CO OPERATIVE FOOD CONTACTLESS,,,0,,PersonalExpense,COOP,,0.99,cat_propertyexpense_19,strong,0,rule
2026-05-13,c6ed5f99d087916df5c1dc5d138e6685b5a7161d3f986dac8c19bc8233019e92,MAY2026_StarlingStatement_2026-05.csv_89,MAY2026,starling,60-83-71 00558156,2026-05-13,-25.5,GBP,Marks & Spencer,MARKS&SPENCER PLC SACA,Marks & Spencer MARKS&SPENCER PLC SACA,CONTACTLESS,51143.91,,FOOD_AND_DRINK,,FOOD_AND_DRINK,Marks & Spencer MARKS&SPENCER PLC SACA Marks & Spencer MARKS&SPENCER PLC SACA CONTACTLESS,,,0,,PersonalExpense,M&S,,0.99,override_2,strong,0,rule
2026-05-13,2abca137df974049fa3f20157f429736c5dc9b2aeca0cd9afb516d14237122f8,MAY2026_StarlingStatement_2026-05.csv_90,MAY2026,starling,60-83-71 00558156,2026-05-13,-575.0,GBP,Central Energy South Limited,782 3171 EICR,Central Energy South Limited 782 3171 EICR,FASTER PAYMENT,50568.91,,REPAIRS_AND_MAINTENANCE,,REPAIRS_AND_MAINTENANCE,Central Energy South Limited 782 3171 EICR Central Energy South Limited 782 3171 EICR FASTER PAYMENT,,,0,F3171FAW,PropertyExpense,,,0.99,prop_rent_F3171FAW_81,strong,0,rule
2026-05-13,ed0441caee5cacca4fe195509901b927eefd8b4a1046e8164c4df8ef22c4ac94,MAY2026_StarlingStatement_2026-05.csv_91,MAY2026,starling,60-83-71 00558156,2026-05-13,-290.0,GBP,Central Energy South Limited,772 3321 windows,Central Energy South Limited 772 3321 windows,FASTER PAYMENT,50278.91,,REPAIRS_AND_MAINTENANCE,,REPAIRS_AND_MAINTENANCE,Central Energy South Limited 772 3321 windows Central Energy South Limited 772 3321 windows FASTER PAYMENT,,,0,F3321LON,PropertyExpense,,,0.99,prop_rent_F3321LON_73,strong,0,rule
2026-05-14,a30caef4fa5b2b89a1262b68afd38811b9ec0b5d0ff5a8bf0a5560b62489b161,MAY2026_BC_6045_MAY2026.csv_20,MAY2026,barclays,20-74-09 60458872,2026-05-14,-21.99,GBP,,,Spotify Limited       ON 13 MAY BCC,,,0,,Card Purchase,Card Purchase,Spotify Limited       ON 13 MAY BCC,,,0,,RegularPayment,,,0.99,cat_regularpayment_26,strong,0,rule
2026-05-14,b5e199d34e75bb11a720e7bc4abfc9c64a713475b9856d24d342d9bce20eecf9,MAY2026_BC_3072_MAY2026.csv_29,MAY2026,barclays,20-53-97 30728691,2026-05-14,1280.12,GBP,,,Rsa Capital Limite    mortgages BGC,,,0,,Counter Credit,Counter Credit,Rsa Capital Limite    mortgages BGC,,,0,,Interbank,,,0.99,override_40,strong,0,rule
2026-05-14,d1e734b347bb48ceb90ab4bdb4c9a33dfd71426abed9066e60070c2ab5468172,MAY2026_BC_4040_MAY2026.csv_8,MAY2026,barclays,20-74-09 40406538,2026-05-14,-10.0,GBP,,,ANDUFF CAR WASH LI    ON 13 MAY CLP,,,0,,Contactless Card Purchase,Contactless Card Purchase,ANDUFF CAR WASH LI    ON 13 MAY CLP,,,0,,PersonalExpense,Other,,0.99,cat_personalexpense_30,strong,0,rule
2026-05-14,b401b297da23eb8c19ff5522a7660018eb975e550f6c4d6c6be791d2d7c983a1,MAY2026_BC_4040_MAY2026.csv_9,MAY2026,barclays,20-74-09 40406538,2026-05-14,-2.99,GBP,,,COSTA COFFEE 43010    ON 13 MAY CLP,,,0,,Contactless Card Purchase,Contactless Card Purchase,COSTA COFFEE 43010    ON 13 MAY CLP,,,0,,PersonalExpense,EatingOut,,0.99,cat_personalexpense_30,strong,0,rule
2026-05-14,5aca304b2b99eb78fa7c4a351bd440e4f9000d5c722d99c13e4b8475c260cc86,MAY2026_BC_4040_MAY2026.csv_10,MAY2026,barclays,20-74-09 40406538,2026-05-14,-4.9,GBP,,,TESCO STORES          ON 13 MAY CLP,,,0,,Contactless Card Purchase,Contactless Card Purchase,TESCO STORES          ON 13 MAY CLP,,,0,,PersonalExpense,Tesco,,0.99,cat_personalexpense_30,strong,0,rule
2026-05-14,0f873f369b9787d2afc28642bff7e7151779dc23d2b71a0e3c7abf9e2e8abb6f,MAY2026_StarlingStatement_2026-05.csv_92,MAY2026,starling,60-83-71 00558156,2026-05-14,900.0,GBP,Lauren Bullock,LBULLOCK-17-Alhamb,Lauren Bullock LBULLOCK-17-Alhamb,FASTER PAYMENT,51178.91,,REVENUE,,REVENUE,Lauren Bullock LBULLOCK-17-Alhamb Lauren Bullock LBULLOCK-17-Alhamb FASTER PAYMENT,,,0,F1746ALH,OurRent,,,0.99,prop_rent_F1746ALH_90,strong,0,rule
2026-05-14,48ad10ba599528c46daaf6ed1bf236600925061f1666b029ff76078a97303662,MAY2026_StarlingStatement_2026-05.csv_93,MAY2026,starling,60-83-71 00558156,2026-05-14,-6.3,GBP,Co-op,CO OPERATIVE FOOD,Co-op CO OPERATIVE FOOD,CONTACTLESS,51172.61,,REPAIRS_AND_MAINTENANCE,,REPAIRS_AND_MAINTENANCE,Co-op CO OPERATIVE FOOD Co-op CO OPERATIVE FOOD CONTACTLESS,,,0,,PersonalExpense,COOP,,0.99,cat_propertyexpense_19,strong,0,rule
2026-05-14,893eb659ba13794cd6e592f795f372f1ae6b7907f3b0d5f73a69012336f7e6f4,MAY2026_StarlingStatement_2026-05.csv_94,MAY2026,starling,60-83-71 00558156,2026-05-14,-13.25,GBP,Marks & Spencer,MARKS&SPENCER PLC SACA,Marks & Spencer MARKS&SPENCER PLC SACA,CONTACTLESS,51159.36,,FOOD_AND_DRINK,,FOOD_AND_DRINK,Marks & Spencer MARKS&SPENCER PLC SACA Marks & Spencer MARKS&SPENCER PLC SACA CONTACTLESS,,,0,,PersonalExpense,M&S,,0.99,override_2,strong,0,rule
2026-05-14,c5f7fce037f4fef493cc439d72eadf67e7becf844b6538b0302a69907beb786c,MAY2026_StarlingStatement_2026-05.csv_95,MAY2026,starling,60-83-71 00558156,2026-05-14,-22.55,GBP,Marks & Spencer,MARKS&SPENCER PLC SACA,Marks & Spencer MARKS&SPENCER PLC SACA,CONTACTLESS,51136.81,,FOOD_AND_DRINK,,FOOD_AND_DRINK,Marks & Spencer MARKS&SPENCER PLC SACA Marks & Spencer MARKS&SPENCER PLC SACA CONTACTLESS,,,0,,PersonalExpense,M&S,,0.99,override_2,strong,0,rule
2026-05-14,a8a0d1dea67660053888c748a0ccf5f60f75f2e19b6ece17834031044cc8f6a9,MAY2026_StarlingStatement_2026-05.csv_96,MAY2026,starling,60-83-71 00558156,2026-05-14,-1280.12,GBP,Ivana Valentino 3072,mortgages,Ivana Valentino 3072 mortgages,FASTER PAYMENT,49856.69,,INTEREST_PAYMENTS,,INTEREST_PAYMENTS,Ivana Valentino 3072 mortgages Ivana Valentino 3072 mortgages FASTER PAYMENT,,,0,,MortgageRefund,Ivana,,0.99,cat_mortgagerefund_15,strong,0,rule
2026-05-14,49a4cf7099c65d59b4a13dc9d6f2bfbe82709b096160295dbb56a2d272aba1b8,MAY2026_StarlingStatement_2026-05.csv_97,MAY2026,starling,60-83-71 00558156,2026-05-14,875.0,GBP,JAKE BISHOP,flat 2 321 london,JAKE BISHOP flat 2 321 london,FASTER PAYMENT,50731.69,,REVENUE,,REVENUE,JAKE BISHOP flat 2 321 london JAKE BISHOP flat 2 321 london FASTER PAYMENT,,,0,F2321LON,OurRent,,,0.99,prop_rent_F2321LON_72,strong,0,rule
2026-05-15,e3c8a81b84afcca696c331168b87b6467249a393c67080f3122ea7bd0fae4df5,MAY2026_BC_3072_MAY2026.csv_30,MAY2026,barclays,20-53-97 30728691,2026-05-15,-513.03,GBP,,,TOPAZ RE ROSINCA      ROW20004/560471505 DD,,,169548,,Direct Debit,Direct Debit,TOPAZ RE ROSINCA      ROW20004/560471505 DD,,,0,F1946ALH,Mortgage,,,0.99,prop_mort_F1946ALH_63,strong,0,rule
2026-05-15,dce2d46d4c2861ef038f6e6273764656a6c4cb7c948c5ef4982fa341c9d45330,MAY2026_BC_3072_MAY2026.csv_31,MAY2026,barclays,20-53-97 30728691,2026-05-15,-431.51,GBP,,,TOPAZ RE ROSINCA      ROW20004/560470501 DD,,,169548,,Direct Debit,Direct Debit,TOPAZ RE ROSINCA      ROW20004/560470501 DD,,,0,F68ALH,Mortgage,,,0.99,prop_mort_F68ALH_64,strong,0,rule
2026-05-15,38796dea8dd07e33b72d7457b1983389258e13d2b36fad0d256e84b9f3c60dcd,MAY2026_BC_3072_MAY2026.csv_32,MAY2026,barclays,20-53-97 30728691,2026-05-15,-457.62,GBP,,,TOPAZ FIN JASPER      PRU00010/190778206 DD,,,169547,,Direct Debit,Direct Debit,TOPAZ FIN JASPER      PRU00010/190778206 DD,,,0,F51214ALH,Mortgage,,,0.99,prop_mort_F51214ALH_44,strong,0,rule
2026-05-15,5029fdd14f1b4eaf607dd2e85896d9d2a579c86c411d93cbcb5951182d1ec423,MAY2026_BC_3072_MAY2026.csv_33,MAY2026,barclays,20-53-97 30728691,2026-05-15,-457.7,GBP,,,TOPAZ FIN JASPER      PRU00010/190812705 DD,,,169547,,Direct Debit,Direct Debit,TOPAZ FIN JASPER      PRU00010/190812705 DD,,,0,F31214ALH,Mortgage,,,0.99,prop_mort_F31214ALH_41,strong,0,rule
2026-05-15,af1bf43e89d8c287e08250024f48075d1c7d4110796c21021708093144d24e84,MAY2026_BC_3072_MAY2026.csv_34,MAY2026,barclays,20-53-97 30728691,2026-05-15,-457.54,GBP,,,TOPAZ FIN JASPER      PRU00010/190859506 DD,,,169547,,Direct Debit,Direct Debit,TOPAZ FIN JASPER      PRU00010/190859506 DD,,,0,F71618ALH,Mortgage,,,0.99,prop_mort_F71618ALH_53,strong,0,rule
2026-05-15,5c33f8ad36167e2c9376970ba8e5cc5802098632c2c2e0ad8a873112a6fa2a46,MAY2026_BC_3072_MAY2026.csv_35,MAY2026,barclays,20-53-97 30728691,2026-05-15,-457.64,GBP,,,TOPAZ FIN JASPER      PRU00010/190885105 DD,,,169547,,Direct Debit,Direct Debit,TOPAZ FIN JASPER      PRU00010/190885105 DD,,,0,F101214ALH,Mortgage,,,0.99,prop_mort_F101214ALH_47,strong,0,rule
2026-05-15,0c0a9b348390c17da02e9a747cda5ee117164a16b4e1f028ba6afe7ccf242338,MAY2026_BC_3072_MAY2026.csv_36,MAY2026,barclays,20-53-97 30728691,2026-05-15,-473.51,GBP,,,TOPAZ FIN JASPER      PRU00010/190885203 DD,,,169547,,Direct Debit,Direct Debit,TOPAZ FIN JASPER      PRU00010/190885203 DD,,,0,F161214ALH,Mortgage,,,0.99,prop_mort_F161214ALH_49,strong,0,rule
2026-05-15,092783ef0e9f084a3301000d3fde1649d2bfda309a50f946aad960f5b0cca612,MAY2026_BC_3072_MAY2026.csv_37,MAY2026,barclays,20-53-97 30728691,2026-05-15,-473.51,GBP,,,TOPAZ FIN JASPER      PRU00010/190892600 DD,,,169547,,Direct Debit,Direct Debit,TOPAZ FIN JASPER      PRU00010/190892600 DD,,,0,F161618ALH,Mortgage,,,0.99,prop_mort_F161618ALH_57,strong,0,rule
2026-05-15,2f4394ecef6ed9f09273e2f9d50503e2c12dc86211e629736be6580b630ffac9,MAY2026_BC_3072_MAY2026.csv_38,MAY2026,barclays,20-53-97 30728691,2026-05-15,-457.54,GBP,,,TOPAZ FIN JASPER      PRU00010/190959705 DD,,,169547,,Direct Debit,Direct Debit,TOPAZ FIN JASPER      PRU00010/190959705 DD,,,0,F121618ALH,Mortgage,,,0.99,prop_mort_F121618ALH_55,strong,0,rule
2026-05-15,e3759f74b8eed083183650e06b3746825aae39bb374a22101f343e8d66fb3a5b,MAY2026_BC_4040_MAY2026.csv_11,MAY2026,barclays,20-74-09 40406538,2026-05-15,-15.0,GBP,,,ROCCO VALENTINO       STATIONARY FT,,,0,,Funds Transfer,Funds Transfer,ROCCO VALENTINO       STATIONARY FT,,,0,,PersonalExpense,Rocco,,0.99,override_6,strong,0,rule
2026-05-15,4047db70b6393a2a3fc34b55262be8051e625bcd51db9d5f2c56978324cdca1f,MAY2026_StarlingStatement_2026-05.csv_98,MAY2026,starling,60-83-71 00558156,2026-05-15,209.99,GBP,Flat 12 16-18 Alha,SEQUENCE  UK  LIMI,Flat 12 16-18 Alha SEQUENCE  UK  LIMI,DIRECT CREDIT,50941.68,,REVENUE,,REVENUE,Flat 12 16-18 Alha SEQUENCE  UK  LIMI Flat 12 16-18 Alha SEQUENCE  UK  LIMI DIRECT CREDIT,,,0,F121618ALH,PropertyExpense,,,0.99,prop_rent_F121618ALH_110,strong,0,rule
2026-05-15,a511385c4f01642a1e50f050c5a81a9cfbc5281b4bf1cdd81ab2c4b4b524064b,MAY2026_StarlingStatement_2026-05.csv_99,MAY2026,starling,60-83-71 00558156,2026-05-15,-54.05,GBP,ALDI,ALDI STORES 776-97,ALDI ALDI STORES 776-97,CONTACTLESS,50887.63,,FOOD_AND_DRINK,,FOOD_AND_DRINK,ALDI ALDI STORES 776-97 ALDI ALDI STORES 776-97 CONTACTLESS,,,0,,PersonalExpense,ALDI,,0.99,override_20,strong,0,rule
2026-05-15,0ed35f562494434da6b7712a85d1693e1c84bb9e735b4ced2b6d3713f40915d4,MAY2026_StarlingStatement_2026-05.csv_100,MAY2026,starling,60-83-71 00558156,2026-05-15,850.0,GBP,CROSSLEY-TURNER,16 12-14 ALHAMBRA,CROSSLEY-TURNER 16 12-14 ALHAMBRA,FASTER PAYMENT,51737.63,,REVENUE,,REVENUE,CROSSLEY-TURNER 16 12-14 ALHAMBRA CROSSLEY-TURNER 16 12-14 ALHAMBRA FASTER PAYMENT,,,0,F161214ALH,OurRent,,,0.99,prop_rent_F161214ALH_104,strong,0,rule
2026-05-15,cb0b65da6d7c982208e30b23c0baba755f4542ef0905d419fc228bddf55392ad,MAY2026_StarlingStatement_2026-05.csv_101,MAY2026,starling,60-83-71 00558156,2026-05-15,-11.3,GBP,Co-op,CO OPERATIVE FOOD,Co-op CO OPERATIVE FOOD,CONTACTLESS,51726.33,,REPAIRS_AND_MAINTENANCE,,REPAIRS_AND_MAINTENANCE,Co-op CO OPERATIVE FOOD Co-op CO OPERATIVE FOOD CONTACTLESS,,,0,,PersonalExpense,COOP,,0.99,cat_propertyexpense_19,strong,0,rule
2026-05-15,bbe1b63e7b612d1aeede7d5f76cb8bb013434f8ce3d5cefc8dbd961fdbc27b1a,MAY2026_StarlingStatement_2026-05.csv_102,MAY2026,starling,60-83-71 00558156,2026-05-15,-7.2,GBP,Co-op,CO OPERATIVE FOOD,Co-op CO OPERATIVE FOOD,CONTACTLESS,51719.13,,REPAIRS_AND_MAINTENANCE,,REPAIRS_AND_MAINTENANCE,Co-op CO OPERATIVE FOOD Co-op CO OPERATIVE FOOD CONTACTLESS,,,0,,PersonalExpense,COOP,,0.99,cat_propertyexpense_19,strong,0,rule
2026-05-15,5fe2d60fcda52215bc13ef0ab2eb036c43f2b59530065e6943af689b5ae40dee,MAY2026_StarlingStatement_2026-05.csv_103,MAY2026,starling,60-83-71 00558156,2026-05-15,850.0,GBP,Lucy Morton-Scott,"Flat 11, 12-14","Lucy Morton-Scott Flat 11, 12-14",FASTER PAYMENT,52569.13,,REVENUE,,REVENUE,"Lucy Morton-Scott Flat 11, 12-14 Lucy Morton-Scott Flat 11, 12-14 FASTER PAYMENT",,,0,F111214ALH,OurRent,,,0.99,prop_rent_F111214ALH_102,strong,0,rule
2026-05-17,78795d1d9f45171baf8b1346376e03b3c11c83e3c62dfa7cc5b006819b900509,MAY2026_StarlingStatement_2026-05.csv_104,MAY2026,starling,60-83-71 00558156,2026-05-17,775.0,GBP,R Chowdhury,FLAT RENT,R Chowdhury FLAT RENT,FASTER PAYMENT,53344.13,,REVENUE,,REVENUE,R Chowdhury FLAT RENT R Chowdhury FLAT RENT FASTER PAYMENT,,,0,F1321LON,OurRent,,,0.99,prop_rent_F1321LON_71,strong,0,rule
2026-05-17,9f6371df384a9c7e84d98a4a32ad966e710a4b3863cd391718c97cba056465f2,MAY2026_StarlingStatement_2026-05.csv_105,MAY2026,starling,60-83-71 00558156,2026-05-17,-64.6,GBP,Marks & Spencer,MARKS&SPENCER PLC,Marks & Spencer MARKS&SPENCER PLC,CONTACTLESS,53279.53,,FOOD_AND_DRINK,,FOOD_AND_DRINK,Marks & Spencer MARKS&SPENCER PLC Marks & Spencer MARKS&SPENCER PLC CONTACTLESS,,,0,,PersonalExpense,M&S,,0.99,override_2,strong,0,rule
2026-05-17,00f372fe072e1bac7883f23a5fe505e9b9fd29ab328afa890cc2108aa92f43c6,MAY2026_StarlingStatement_2026-05.csv_106,MAY2026,starling,60-83-71 00558156,2026-05-17,-12.99,GBP,Amazon,AMAZON* NA9G94GN4,Amazon AMAZON* NA9G94GN4,ONLINE PAYMENT,53266.54,,REPAIRS_AND_MAINTENANCE,,REPAIRS_AND_MAINTENANCE,Amazon AMAZON* NA9G94GN4 Amazon AMAZON* NA9G94GN4 ONLINE PAYMENT,,,0,,PropertyExpense,,,0.99,cat_propertyexpense_19,strong,1,rule
2026-05-17,62548a5530d59f2c764cfc901e7311feefef750d4c1065331843d6e3a7b2d95a,MAY2026_StarlingStatement_2026-05.csv_107,MAY2026,starling,60-83-71 00558156,2026-05-17,1000.0,GBP,UVAROV S,20 4-6 UVAROV,UVAROV S 20 4-6 UVAROV,FASTER PAYMENT,54266.54,,REVENUE,,REVENUE,UVAROV S 20 4-6 UVAROV UVAROV S 20 4-6 UVAROV FASTER PAYMENT,,,0,F2046ALH,OurRent,,,0.99,prop_rent_F2046ALH_93,strong,0,rule
2026-05-17,9b3465625555df2f697466f40a17aa805aa5134f321d69457efe98accf19bdd5,MAY2026_StarlingStatement_2026-05.csv_108,MAY2026,starling,60-83-71 00558156,2026-05-17,30.0,GBP,UVAROV S,20 4-6 UVAROV,UVAROV S 20 4-6 UVAROV,FASTER PAYMENT,54296.54,,REVENUE,,REVENUE,UVAROV S 20 4-6 UVAROV UVAROV S 20 4-6 UVAROV FASTER PAYMENT,,,0,F2046ALH,OurRent,,,0.99,prop_rent_F2046ALH_93,strong,0,rule
2026-05-17,3676077cdca18ac3a5a78cd1fcecde2893ce30a84ddf6bd56e520bafa2db6b01,MAY2026_StarlingStatement_2026-05.csv_109,MAY2026,starling,60-83-71 00558156,2026-05-17,725.0,GBP,TULLETT C P,4163 Rent,TULLETT C P 4163 Rent,FASTER PAYMENT,55021.54,,REVENUE,,REVENUE,TULLETT C P 4163 Rent TULLETT C P 4163 Rent FASTER PAYMENT,,,0,F4163FRA,OurRent,,,0.99,prop_rent_F4163FRA_84,strong,0,rule
2026-05-18,45df43f2047f4550d8baae7930892c0dbe5065db87ca1678ced1649142dea3e4,MAY2026_BC_6045_MAY2026.csv_21,MAY2026,barclays,20-74-09 60458872,2026-05-18,-18.99,GBP,,,PAYPAL PAYMENT        5CM22229DF5GW DDR,,,679848,,Direct Debit,Direct Debit,PAYPAL PAYMENT        5CM22229DF5GW DDR,,,0,,RegularPayment,,,0.99,cat_regularpayment_27,strong,0,rule
2026-05-18,190447082c77fbf3ba8fae81aefbb58057b1c149b969995c644951a475df3612,MAY2026_BC_3072_MAY2026.csv_39,MAY2026,barclays,20-53-97 30728691,2026-05-18,-34.18,GBP,,,BHAM MIDSHIRES        6792116720030000 DDR,,,184800,,Direct Debit,Direct Debit,BHAM MIDSHIRES        6792116720030000 DDR,,,0,F2321LON,Mortgage,,,0.99,prop_mort_F2321LON_5,strong,0,rule
2026-05-18,bc16f9c2777db59098c9e3bc8b5832a59d29735dc7ab188bfe757a8bface0067,MAY2026_BC_3072_MAY2026.csv_40,MAY2026,barclays,20-53-97 30728691,2026-05-18,-341.79,GBP,,,BHAM MIDSHIRES        6092042862000000 DDR,,,184800,,Direct Debit,Direct Debit,BHAM MIDSHIRES        6092042862000000 DDR,,,0,F2321LON,Mortgage,,,0.99,prop_mort_F2321LON_3,strong,0,rule
2026-05-18,09873a5d37ef9e18d70e071d8d35f7bc4f030b30413675710f4a5d06639c6767,MAY2026_BC_3072_MAY2026.csv_41,MAY2026,barclays,20-53-97 30728691,2026-05-18,-548.18,GBP,,,BHAM MIDSHIRES        6092045443050000 DDR,,,184800,,Direct Debit,Direct Debit,BHAM MIDSHIRES        6092045443050000 DDR,,,0,23BHAM,Mortgage,,,0.99,prop_mort_23BHAM_27,strong,0,rule
2026-05-18,09a47921eda1b9623a2f6f2c29fb62b994bf02fbcdcdcb840f8b49549e760579,MAY2026_BC_3072_MAY2026.csv_42,MAY2026,barclays,20-53-97 30728691,2026-05-18,5103.73,GBP,,,Rsa Capital Limite    mortgages BGC,,,0,,Counter Credit,Counter Credit,Rsa Capital Limite    mortgages BGC,,,0,,Interbank,,,0.99,override_40,strong,0,rule
2026-05-18,c187291135e412e18b83e1d6e8a9b330a9adf29ff2ce71651cf64453be628714,MAY2026_BC_4040_MAY2026.csv_12,MAY2026,barclays,20-74-09 40406538,2026-05-18,-15.0,GBP,,,ALESSIO VALENTINO-    FROM MUMMY FT,,,0,,Funds Transfer,Funds Transfer,ALESSIO VALENTINO-    FROM MUMMY FT,,,0,,PersonalExpense,Alessio,,0.99,override_7,strong,0,rule
2026-05-18,ff3741d0730805bdd77903a066c2975579aa3c22c28d18ec8c7d24b120707726,MAY2026_BC_4040_MAY2026.csv_13,MAY2026,barclays,20-74-09 40406538,2026-05-18,-9.3,GBP,,,CO OPERATIVE FOOD     ON 16 MAY CLP,,,0,,Contactless Card Purchase,Contactless Card Purchase,CO OPERATIVE FOOD     ON 16 MAY CLP,,,0,,PersonalExpense,COOP,,0.99,cat_personalexpense_30,strong,0,rule
2026-05-18,b12c057aa675d625dbd35509fb96b19b8606f0b5d1601de8adaa460be2035257,MAY2026_BC_4040_MAY2026.csv_14,MAY2026,barclays,20-74-09 40406538,2026-05-18,-3.55,GBP,,,COSTA COFFEE 43011    ON 16 MAY CLP,,,0,,Contactless Card Purchase,Contactless Card Purchase,COSTA COFFEE 43011    ON 16 MAY CLP,,,0,,PersonalExpense,EatingOut,,0.99,cat_personalexpense_30,strong,0,rule
2026-05-18,14fb18e81bb28960c53ebd3d8745e40180936a785bac45fe6776744959c77ffc,MAY2026_BC_4040_MAY2026.csv_15,MAY2026,barclays,20-74-09 40406538,2026-05-18,-5.5,GBP,,,COSTA COFFEE 43011    ON 16 MAY CLP,,,0,,Contactless Card Purchase,Contactless Card Purchase,COSTA COFFEE 43011    ON 16 MAY CLP,,,0,,PersonalExpense,EatingOut,,0.99,cat_personalexpense_30,strong,0,rule
2026-05-18,9b0e913eb9e6f0b820d2fc5b6bc736fe6ba30d197ae0eb13344ae5c06308aab1,MAY2026_BC_4040_MAY2026.csv_16,MAY2026,barclays,20-74-09 40406538,2026-05-18,-19.6,GBP,,,HOME BARGAINS         ON 16 MAY CLP,,,0,,Contactless Card Purchase,Contactless Card Purchase,HOME BARGAINS         ON 16 MAY CLP,,,0,,PersonalExpense,Household,,0.99,cat_personalexpense_30,strong,0,rule
2026-05-18,eec66e56a61e69878fd1b33d6bba577b51fa38e2f6a77f18531da738dffaca94,MAY2026_BC_4040_MAY2026.csv_17,MAY2026,barclays,20-74-09 40406538,2026-05-18,-15.33,GBP,,,LIDL GB BEDFORD ST    ON 16 MAY CLP,,,0,,Contactless Card Purchase,Contactless Card Purchase,LIDL GB BEDFORD ST    ON 16 MAY CLP,,,0,,PersonalExpense,LIDL,,0.99,cat_personalexpense_30,strong,0,rule
2026-05-18,7b891ab56233af3a570598f1c8a8efb932a8ba112b3f1f44ac265f9aa12db7a2,MAY2026_BC_4040_MAY2026.csv_18,MAY2026,barclays,20-74-09 40406538,2026-05-18,-30.0,GBP,,,SOFIA VALENTINO-TU    LOVE MUMMY FT,,,0,,Funds Transfer,Funds Transfer,SOFIA VALENTINO-TU    LOVE MUMMY FT,,,0,,PersonalExpense,Sofia,,0.99,override_8,strong,0,rule
2026-05-18,9205ab73123b122d2b462d8ab49a9502e88e3761ee830a93471cd4a3f0173187,MAY2026_StarlingStatement_2026-05.csv_110,MAY2026,starling,60-83-71 00558156,2026-05-18,800.0,GBP,S PERRY,FLAT 3 12-14,S PERRY FLAT 3 12-14,FASTER PAYMENT,55821.54,,REVENUE,,REVENUE,S PERRY FLAT 3 12-14 S PERRY FLAT 3 12-14 FASTER PAYMENT,,,0,F31214ALH,OurRent,,,0.99,prop_rent_F31214ALH_105,strong,0,rule
2026-05-18,908e16f9abe3e7620a7fb795599d297f232f4b59b0a986b2f635dc28fcf621a8,MAY2026_StarlingStatement_2026-05.csv_111,MAY2026,starling,60-83-71 00558156,2026-05-18,980.0,GBP,GONGORA OLIVA J,FLAT 22 4-6 ALHAMB,GONGORA OLIVA J FLAT 22 4-6 ALHAMB,FASTER PAYMENT,56801.54,,REVENUE,,REVENUE,GONGORA OLIVA J FLAT 22 4-6 ALHAMB GONGORA OLIVA J FLAT 22 4-6 ALHAMB FASTER PAYMENT,,,0,F2246ALH,OurRent,,,0.99,prop_rent_F2246ALH_95,strong,0,rule
2026-05-18,19ff503d9273346b50eaf6126df33dc4ecb2f383f6c77ebbf04a1d9e69b91072,MAY2026_StarlingStatement_2026-05.csv_112,MAY2026,starling,60-83-71 00558156,2026-05-18,-34.75,GBP,BP,NEWNHAM AVENUE SF CONN,BP NEWNHAM AVENUE SF CONN,CONTACTLESS,56766.79,,VEHICLES,,VEHICLES,BP NEWNHAM AVENUE SF CONN BP NEWNHAM AVENUE SF CONN CONTACTLESS,,,0,,OtherExpense,,,0.65,cat_otherexpense_35,catch_all,1,rule
2026-05-18,799c8ec357f38dac0e0fe232ed3f86b5c219f5488ee815a4f4a6afa56909cd8a,MAY2026_StarlingStatement_2026-05.csv_113,MAY2026,starling,60-83-71 00558156,2026-05-18,-5103.73,GBP,Ivana Valentino 3072,mortgages,Ivana Valentino 3072 mortgages,FASTER PAYMENT,51663.06,,INTEREST_PAYMENTS,,INTEREST_PAYMENTS,Ivana Valentino 3072 mortgages Ivana Valentino 3072 mortgages FASTER PAYMENT,,,0,,MortgageRefund,Ivana,,0.99,cat_mortgagerefund_15,strong,0,rule
2026-05-18,e549f69d7f71340e2fe3b287731ce873d31c0d09c48888d353179ff8e237c79a,MAY2026_StarlingStatement_2026-05.csv_114,MAY2026,starling,60-83-71 00558156,2026-05-18,-5.05,GBP,Co-op,CO OPERATIVE FOOD,Co-op CO OPERATIVE FOOD,CONTACTLESS,51658.01,,REPAIRS_AND_MAINTENANCE,,REPAIRS_AND_MAINTENANCE,Co-op CO OPERATIVE FOOD Co-op CO OPERATIVE FOOD CONTACTLESS,,,0,,PersonalExpense,COOP,,0.99,cat_propertyexpense_19,strong,0,rule
2026-05-18,41cde7233e9854edb2751fa7e451827907d22da2480df74c1efea5e600c3bdf3,MAY2026_StarlingStatement_2026-05.csv_115,MAY2026,starling,60-83-71 00558156,2026-05-18,-22.85,GBP,Co-op,CO OPERATIVE FOOD,Co-op CO OPERATIVE FOOD,CHIP & PIN,51635.16,,REPAIRS_AND_MAINTENANCE,,REPAIRS_AND_MAINTENANCE,Co-op CO OPERATIVE FOOD Co-op CO OPERATIVE FOOD CHIP & PIN,,,0,,PersonalExpense,COOP,,0.99,cat_propertyexpense_19,strong,0,rule
2026-05-18,315a2988f0e5dff732403025c4b3135522160a56481cdfc6ba63dea8d640aee5,MAY2026_StarlingStatement_2026-05.csv_116,MAY2026,starling,60-83-71 00558156,2026-05-18,-33.0,GBP,Amazon Marketplace,AMZNMktplace*NA59K38X4,Amazon Marketplace AMZNMktplace*NA59K38X4,ONLINE PAYMENT,51602.16,,OTHER,,OTHER,Amazon Marketplace AMZNMktplace*NA59K38X4 Amazon Marketplace AMZNMktplace*NA59K38X4 ONLINE PAYMENT,,,0,,OtherExpense,,,0.65,cat_otherexpense_35,catch_all,1,rule
2026-05-18,225d4c63ece5c5f14345f2ce123dc3b4aee08b9021c3c09d8dfd844c3d5d097b,MAY2026_StarlingStatement_2026-05.csv_117,MAY2026,starling,60-83-71 00558156,2026-05-18,-885.0,GBP,Central Energy South Limited,785 fire doors,Central Energy South Limited 785 fire doors,FASTER PAYMENT,50717.16,,REPAIRS_AND_MAINTENANCE,,REPAIRS_AND_MAINTENANCE,Central Energy South Limited 785 fire doors Central Energy South Limited 785 fire doors FASTER PAYMENT,,,0,,PropertyExpense,,,0.99,cat_propertyexpense_19,strong,1,rule
2026-05-18,b46783365dd338486396bfa3ae0e4b86f52ea0183c47255597ad7c1392f7fe8d,MAY2026_StarlingStatement_2026-05.csv_118,MAY2026,starling,60-83-71 00558156,2026-05-18,-165.0,GBP,Central Energy South Limited,786 121618 hob,Central Energy South Limited 786 121618 hob,FASTER PAYMENT,50552.16,,REPAIRS_AND_MAINTENANCE,,REPAIRS_AND_MAINTENANCE,Central Energy South Limited 786 121618 hob Central Energy South Limited 786 121618 hob FASTER PAYMENT,,,0,,PropertyExpense,,,0.99,cat_propertyexpense_19,strong,1,rule
2026-05-18,3ed7306bcd9ea5d6530239ebc82567c4720755433c11cdca217af4d56c54505a,MAY2026_StarlingStatement_2026-05.csv_119,MAY2026,starling,60-83-71 00558156,2026-05-18,-631.99,GBP,Central Energy South Limited,781 131618 eicr,Central Energy South Limited 781 131618 eicr,FASTER PAYMENT,49920.17,,REPAIRS_AND_MAINTENANCE,,REPAIRS_AND_MAINTENANCE,Central Energy South Limited 781 131618 eicr Central Energy South Limited 781 131618 eicr FASTER PAYMENT,,,0,,PropertyExpense,,,0.99,cat_propertyexpense_19,strong,1,rule
2026-05-18,bf780a80139c85f2e64676373d0a6fca429a7e5b3b3bbc270f350a2a2ab5a084,MAY2026_StarlingStatement_2026-05.csv_120,MAY2026,starling,60-83-71 00558156,2026-05-18,-340.0,GBP,Central Energy South Limited,771  321 firereg,Central Energy South Limited 771  321 firereg,FASTER PAYMENT,49580.17,,REPAIRS_AND_MAINTENANCE,,REPAIRS_AND_MAINTENANCE,Central Energy South Limited 771  321 firereg Central Energy South Limited 771  321 firereg FASTER PAYMENT,,,0,,PropertyExpense,,,0.99,cat_propertyexpense_19,strong,1,rule
2026-05-19,0a63206978e6eb8b2cc86f34916a92a5cdbcae3eac25b306577c9f54b2f5e4e1,MAY2026_BC_6045_MAY2026.csv_22,MAY2026,barclays,20-74-09 60458872,2026-05-19,-30.0,GBP,,,SOFIA                 RECEPTION FT,,,0,,Funds Transfer,Funds Transfer,SOFIA                 RECEPTION FT,,,0,,PersonalExpense,Sofia,,0.99,override_8,strong,0,rule
2026-05-19,411456724b8efe74e0cc368218487cf4b103bfbf73c2a9882f59817f0db3fb86,MAY2026_StarlingStatement_2026-05.csv_121,MAY2026,starling,60-83-71 00558156,2026-05-19,875.0,GBP,Eliesha Pettitt & I Okeleke,Rent,Eliesha Pettitt & I Okeleke Rent,FASTER PAYMENT,50455.17,,REVENUE,,REVENUE,Eliesha Pettitt & I Okeleke Rent Eliesha Pettitt & I Okeleke Rent FASTER PAYMENT,,,0,,OtherIncome,,,0.65,cat_otherincome_34,catch_all,1,rule
2026-05-19,9b8fe361a2587ff518d25712ce45c1461e193a2b2b4fc7e603965cc61af5f27d,MAY2026_StarlingStatement_2026-05.csv_122,MAY2026,starling,60-83-71 00558156,2026-05-19,-5.15,GBP,Co-op,CO OPERATIVE FOOD,Co-op CO OPERATIVE FOOD,CONTACTLESS,50450.02,,REPAIRS_AND_MAINTENANCE,,REPAIRS_AND_MAINTENANCE,Co-op CO OPERATIVE FOOD Co-op CO OPERATIVE FOOD CONTACTLESS,,,0,,PersonalExpense,COOP,,0.99,cat_propertyexpense_19,strong,0,rule
2026-05-19,550232de75e46ac75abab7aeca786448f2d32082dcdc964c5f342616dfeeb3a8,MAY2026_StarlingStatement_2026-05.csv_123,MAY2026,starling,60-83-71 00558156,2026-05-19,-19.5,GBP,BP,BEDFORD SF CONNECT,BP BEDFORD SF CONNECT,CONTACTLESS,50430.52,,VEHICLES,,VEHICLES,BP BEDFORD SF CONNECT BP BEDFORD SF CONNECT CONTACTLESS,,,0,,OtherExpense,,,0.65,cat_otherexpense_35,catch_all,1,rule
2026-05-20,7edfeb62f73ccdc3ea0b5d498337693eccbb7c195301d4e540dd42af77aff8cd,MAY2026_BC_3072_MAY2026.csv_43,MAY2026,barclays,20-53-97 30728691,2026-05-20,-10.0,GBP,,,ID MOBILE LIMITED     11245718/001 DDR,,,298372,,Direct Debit,Direct Debit,ID MOBILE LIMITED     11245718/001 DDR,,,0,,RegularPayment,,,0.99,cat_regularpayment_27,strong,0,rule
2026-05-20,e01a2cbb184c2ae96a0d88474e4f3057d697724b309000d580ddb3d5ef234565,MAY2026_StarlingStatement_2026-05.csv_124,MAY2026,starling,60-83-71 00558156,2026-05-20,-250.0,GBP,Ivana Valentino,car,Ivana Valentino car,FASTER PAYMENT,50180.52,,VEHICLES,,VEHICLES,Ivana Valentino car Ivana Valentino car FASTER PAYMENT,,,0,,RegularPayment,Ivana,,0.99,override_37,strong,0,rule
2026-05-20,857c7e5e23632818a62f696b51d09e85de9b89eb4e3e420372665615a6f16bcf,MAY2026_StarlingStatement_2026-05.csv_125,MAY2026,starling,60-83-71 00558156,2026-05-20,880.0,GBP,Emily Cove,21 4-6 Alhambra,Emily Cove 21 4-6 Alhambra,FASTER PAYMENT,51060.52,,REVENUE,,REVENUE,Emily Cove 21 4-6 Alhambra Emily Cove 21 4-6 Alhambra FASTER PAYMENT,,,0,F2146ALH,OurRent,,,0.99,prop_rent_F2146ALH_94,strong,0,rule
2026-05-20,663d97e718f0d419650687e8a924c6b426db44d06d95cbcbac70f29a735df89a,MAY2026_StarlingStatement_2026-05.csv_126,MAY2026,starling,60-83-71 00558156,2026-05-20,-75.0,GBP,Wwwbedfordschoolorguk,WWWBEDFORDSCHOOLORGUK,Wwwbedfordschoolorguk WWWBEDFORDSCHOOLORGUK,ONLINE PAYMENT,50985.52,,STAFF,,STAFF,Wwwbedfordschoolorguk WWWBEDFORDSCHOOLORGUK Wwwbedfordschoolorguk WWWBEDFORDSCHOOLORGUK ONLINE PAYMENT,,,0,,OtherExpense,,,0.65,cat_otherexpense_35,catch_all,1,rule
2026-05-20,5bc928beab5ca9d9f522dc0104e15ffdd579c9eab2151944becba4d0df6fcc0e,MAY2026_StarlingStatement_2026-05.csv_127,MAY2026,starling,60-83-71 00558156,2026-05-20,-82.02,GBP,New County Service Sta,NEW COUNTY SERVICE STA,New County Service Sta NEW COUNTY SERVICE STA,CONTACTLESS,50903.5,,VEHICLES,,VEHICLES,New County Service Sta NEW COUNTY SERVICE STA New County Service Sta NEW COUNTY SERVICE STA CONTACTLESS,,,0,,PersonalExpense,Garage,,0.99,override_5,strong,0,rule
2026-05-20,e76145f2afd5f4a7c970b7a6e4deffbe410170622057725dd1075a5520fb6689,MAY2026_StarlingStatement_2026-05.csv_128,MAY2026,starling,60-83-71 00558156,2026-05-20,-9.3,GBP,Pret A Manger,PRET A MANGER,Pret A Manger PRET A MANGER,CONTACTLESS,50894.2,,FOOD_AND_DRINK,,FOOD_AND_DRINK,Pret A Manger PRET A MANGER Pret A Manger PRET A MANGER CONTACTLESS,,,0,,OtherExpense,,,0.65,cat_otherexpense_35,catch_all,1,rule
2026-05-20,8badb664e1e71014ea100cf9cfb1c7bb58bc1ea2d9882fcb46dc7e21233c0312,MAY2026_StarlingStatement_2026-05.csv_129,MAY2026,starling,60-83-71 00558156,2026-05-20,-175.0,GBP,JD Sports,J D SPORTS,JD Sports J D SPORTS,CHIP & PIN,50719.2,,EQUIPMENT,,EQUIPMENT,JD Sports J D SPORTS JD Sports J D SPORTS CHIP & PIN,,,0,,PersonalExpense,Clothing,,0.99,override_13,strong,0,rule
2026-05-20,95d95c1683dcb08247e2f80196f819bfef3650126705e46b98c89fc8b61b1cf1,MAY2026_StarlingStatement_2026-05.csv_130,MAY2026,starling,60-83-71 00558156,2026-05-20,-50.95,GBP,Marks & Spencer,MARKS&SPENCER PLC SACA,Marks & Spencer MARKS&SPENCER PLC SACA,CONTACTLESS,50668.25,,FOOD_AND_DRINK,,FOOD_AND_DRINK,Marks & Spencer MARKS&SPENCER PLC SACA Marks & Spencer MARKS&SPENCER PLC SACA CONTACTLESS,,,0,,PersonalExpense,M&S,,0.99,override_2,strong,0,rule
2026-05-20,21b2fabf3c47597552dd543b58acd910a4aa102f02537f6626c16a41a5e5a3e9,MAY2026_StarlingStatement_2026-05.csv_131,MAY2026,starling,60-83-71 00558156,2026-05-20,-12.5,GBP,APCOA,APCOA-HAL-SS T3,APCOA APCOA-HAL-SS T3,CONTACTLESS,50655.75,,TRAVEL,,TRAVEL,APCOA APCOA-HAL-SS T3 APCOA APCOA-HAL-SS T3 CONTACTLESS,,,0,,OtherExpense,,,0.65,cat_otherexpense_35,catch_all,1,rule
2026-05-20,a666368181c0995480a77f374afe48bc32d5e8095376d84b12a40f4603edd5fd,MAY2026_StarlingStatement_2026-05.csv_132,MAY2026,starling,60-83-71 00558156,2026-05-20,-20.0,GBP,Rocco VALENTINO TUCKER,admin,Rocco VALENTINO TUCKER admin,FASTER PAYMENT,50635.75,,REPAIRS_AND_MAINTENANCE,,REPAIRS_AND_MAINTENANCE,Rocco VALENTINO TUCKER admin Rocco VALENTINO TUCKER admin FASTER PAYMENT,,,0,,PersonalExpense,Rocco,,0.99,cat_propertyexpense_19,strong,0,rule
2026-05-20,49e539f3b4c36f19747c96ad4626831fd6b3745c35f96404b87848b7bef68cf3,MAY2026_StarlingStatement_2026-05.csv_133,MAY2026,starling,60-83-71 00558156,2026-05-20,-10.9,GBP,BP,NEWNHAM AVENUE SF CONN,BP NEWNHAM AVENUE SF CONN,CONTACTLESS,50624.85,,VEHICLES,,VEHICLES,BP NEWNHAM AVENUE SF CONN BP NEWNHAM AVENUE SF CONN CONTACTLESS,,,0,,OtherExpense,,,0.65,cat_otherexpense_35,catch_all,1,rule
2026-05-21,fa0adba3c6ef1cfea3730a60c46b1a093e63740b736d912059a5209462c9313d,MAY2026_BC_6045_MAY2026.csv_23,MAY2026,barclays,20-74-09 60458872,2026-05-21,-3.0,GBP,,,INTEREST CHARGED      INTEREST CHARGED,,,0,,Credit Payment,Credit Payment,INTEREST CHARGED      INTEREST CHARGED,,,0,,OtherExpense,,,0.99,override_17,strong,0,rule
2026-05-21,b193deb247db3d0573299a8a9e4d0b5ace01bc74b12e856086ea6c3b71b30a14,MAY2026_BC_3072_MAY2026.csv_44,MAY2026,barclays,20-53-97 30728691,2026-05-21,-10.0,GBP,,,ID MOBILE LIMITED     11888885/001 DDR,,,298372,,Direct Debit,Direct Debit,ID MOBILE LIMITED     11888885/001 DDR,,,0,,RegularPayment,,,0.99,cat_regularpayment_27,strong,0,rule
2026-05-21,bb484a56764d9497efd977b5cc6fc43287f78b8f294cd4ea497771a6411f1314,MAY2026_StarlingStatement_2026-05.csv_134,MAY2026,starling,60-83-71 00558156,2026-05-21,695.0,GBP,Brett,000000003781387373,Brett 000000003781387373,DIRECT CREDIT,51319.85,,REVENUE,,REVENUE,Brett 000000003781387373 Brett 000000003781387373 DIRECT CREDIT,,,0,F3163FRA,OurRent,,,0.99,prop_rent_F3163FRA_83,strong,0,rule
2026-05-21,9643cfbb268a4c20b9088581fa9b4e272d39d9909f53c1e9c7e451dc88d80773,MAY2026_StarlingStatement_2026-05.csv_135,MAY2026,starling,60-83-71 00558156,2026-05-21,694.6,GBP,CHARTERS ESTATE AGENTS LIMITED,Flat 10 1214 Alham,CHARTERS ESTATE AGENTS LIMITED Flat 10 1214 Alham,FASTER PAYMENT,52014.45,,REVENUE,,REVENUE,CHARTERS ESTATE AGENTS LIMITED Flat 10 1214 Alham CHARTERS ESTATE AGENTS LIMITED Flat 10 1214 Alham FASTER PAYMENT,,,0,F101214ALH,OurRent,,,0.99,prop_rent_F101214ALH_101,strong,0,rule
2026-05-21,5b6e3c51924ffed22469f2a2c81226a09bb3b8510315fd0f3a3fdf07a806a916,MAY2026_StarlingStatement_2026-05.csv_136,MAY2026,starling,60-83-71 00558156,2026-05-21,-1.25,GBP,Budgens,BUDGENS,Budgens BUDGENS,CONTACTLESS,52013.2,,FOOD_AND_DRINK,,FOOD_AND_DRINK,Budgens BUDGENS Budgens BUDGENS CONTACTLESS,,,0,,PersonalExpense,Budgens,,0.99,override_35,strong,0,rule
2026-05-21,63412a21b4498d99abf90bcae25d877996635cb390c52a6b89f0b1e3a9b4f4d4,MAY2026_StarlingStatement_2026-05.csv_137,MAY2026,starling,60-83-71 00558156,2026-05-21,-6.47,GBP,Budgens,BUDGENS,Budgens BUDGENS,CONTACTLESS,52006.73,,FOOD_AND_DRINK,,FOOD_AND_DRINK,Budgens BUDGENS Budgens BUDGENS CONTACTLESS,,,0,,PersonalExpense,Budgens,,0.99,override_35,strong,0,rule
2026-05-21,17223d9fffb1a0886d1033836c769392053c64535f4e8be2fb19518fba6846b3,MAY2026_StarlingStatement_2026-05.csv_138,MAY2026,starling,60-83-71 00558156,2026-05-21,-29.6,GBP,Marks & Spencer,MARKS&SPENCER PLC SACA,Marks & Spencer MARKS&SPENCER PLC SACA,CONTACTLESS,51977.13,,FOOD_AND_DRINK,,FOOD_AND_DRINK,Marks & Spencer MARKS&SPENCER PLC SACA Marks & Spencer MARKS&SPENCER PLC SACA CONTACTLESS,,,0,,PersonalExpense,M&S,,0.99,override_2,strong,0,rule
2026-05-22,3465371a987fe38be28dd3f5d400b89329c45ef6ddd2fbba87726b06067fb10c,MAY2026_BC_6045_MAY2026.csv_24,MAY2026,barclays,20-74-09 60458872,2026-05-22,-350.0,GBP,,,ROCCO                 CHRISTMAS25 FT,,,0,,Funds Transfer,Funds Transfer,ROCCO                 CHRISTMAS25 FT,,,0,,PersonalExpense,Rocco,,0.99,override_6,strong,0,rule
2026-05-22,fc0faae6d29dd5aba01f05e9288ab56514fb338b8729bbf81d1bbe2c81617863,MAY2026_BC_6045_MAY2026.csv_25,MAY2026,barclays,20-74-09 60458872,2026-05-22,-15.0,GBP,,,SSE SOUTHERN ELECT    6882766014 STO,,,0,,Standing Order,Standing Order,SSE SOUTHERN ELECT    6882766014 STO,,,0,169FAW,PropertyExpense,,,0.99,prop_rent_169FAW_117,strong,0,rule
2026-05-22,46c6f3d64ff92e9c84d58c8f27b60d376dff21dda91026f29beed21e1a63fb73,MAY2026_BC_6045_MAY2026.csv_26,MAY2026,barclays,20-74-09 60458872,2026-05-22,15.0,GBP,,,SSE SOUTHERN E        6882766014 REV0001Pa,,,0,,Credit,Credit,SSE SOUTHERN E        6882766014 REV0001Pa,,,0,169FAW,OtherIncome,,,0.99,prop_rent_169FAW_117,strong,0,rule
2026-05-22,cfaaf09e92503181ec82e2c4781578f3b6ca447dca19da82fd916a7c11843d63,MAY2026_BC_3072_MAY2026.csv_45,MAY2026,barclays,20-53-97 30728691,2026-05-22,-431.27,GBP,,,BHAM MIDSHIRES        6092076296020000 DDR,,,184800,,Direct Debit,Direct Debit,BHAM MIDSHIRES        6092076296020000 DDR,,,0,196AKIN,Mortgage,,,0.99,prop_mort_196AKIN_23,strong,0,rule
2026-05-22,94e3aba8b8802d48ab07dd4db5d39c1c42f48dafb8d04f101b099da8746c56b6,MAY2026_BC_3072_MAY2026.csv_46,MAY2026,barclays,20-53-97 30728691,2026-05-22,-13.29,GBP,,,INTEREST CHARGED      INTEREST CHARGED,,,0,,Credit Payment,Credit Payment,INTEREST CHARGED      INTEREST CHARGED,,,0,,OtherExpense,,,0.99,override_17,strong,0,rule
2026-05-22,ef0a722c3ae0f49a3472aaf69df7c42cc3315e1b908536785d96e7763d17a145,MAY2026_BC_4040_MAY2026.csv_19,MAY2026,barclays,20-74-09 40406538,2026-05-22,-11.19,GBP,,,INTEREST CHARGED      INTEREST CHARGED,,,0,,Credit Payment,Credit Payment,INTEREST CHARGED      INTEREST CHARGED,,,0,,OtherExpense,,,0.99,override_17,strong,0,rule
2026-05-22,8a54ad6a527d94b7c181adfdec26dbc00e71d37f2d5a83bb98310076ca09f6be,MAY2026_StarlingStatement_2026-05.csv_139,MAY2026,starling,60-83-71 00558156,2026-05-22,184.99,GBP,Flat 7 12-14 Alham,SEQUENCE  UK  LIMI,Flat 7 12-14 Alham SEQUENCE  UK  LIMI,DIRECT CREDIT,52162.12,,REVENUE,,REVENUE,Flat 7 12-14 Alham SEQUENCE  UK  LIMI Flat 7 12-14 Alham SEQUENCE  UK  LIMI DIRECT CREDIT,,,0,F71214ALH,PropertyExpense,,,0.99,prop_rent_F71214ALH_108,strong,0,rule
2026-05-22,841897b8ecb413a122fee4dd3d8428e974de7332b9518fad7ede29097907b380,MAY2026_StarlingStatement_2026-05.csv_140,MAY2026,starling,60-83-71 00558156,2026-05-22,-5.83,GBP,Budgens,BUDGENS,Budgens BUDGENS,CONTACTLESS,52156.29,,FOOD_AND_DRINK,,FOOD_AND_DRINK,Budgens BUDGENS Budgens BUDGENS CONTACTLESS,,,0,,PersonalExpense,Budgens,,0.99,override_35,strong,0,rule
2026-05-22,b5816df88a220c515dca26ea92e4b836d46cb83d5fd52a50848f78f20fe01b25,MAY2026_StarlingStatement_2026-05.csv_141,MAY2026,starling,60-83-71 00558156,2026-05-22,-27.75,GBP,Marks & Spencer,MARKS&SPENCER PLC SACA,Marks & Spencer MARKS&SPENCER PLC SACA,CONTACTLESS,52128.54,,FOOD_AND_DRINK,,FOOD_AND_DRINK,Marks & Spencer MARKS&SPENCER PLC SACA Marks & Spencer MARKS&SPENCER PLC SACA CONTACTLESS,,,0,,PersonalExpense,M&S,,0.99,override_2,strong,0,rule
2026-05-22,5aa3403e9eba29b5b3487b0ecedfaf892eb0867ccbeabeac9d42b292d4f7f45e,MAY2026_StarlingStatement_2026-05.csv_142,MAY2026,starling,60-83-71 00558156,2026-05-22,-5.15,GBP,Marks & Spencer,MARKS&SPENCER PLC SACA,Marks & Spencer MARKS&SPENCER PLC SACA,CONTACTLESS,52123.39,,FOOD_AND_DRINK,,FOOD_AND_DRINK,Marks & Spencer MARKS&SPENCER PLC SACA Marks & Spencer MARKS&SPENCER PLC SACA CONTACTLESS,,,0,,PersonalExpense,M&S,,0.99,override_2,strong,0,rule
2026-05-22,fd6a8b35fa3c6ca1f53e5ba2e1aca246e7e6281815d628c540ff78e89acb5f1f,MAY2026_StarlingStatement_2026-05.csv_143,MAY2026,starling,60-83-71 00558156,2026-05-22,-114.0,GBP,EA Locksmith,1783 1169lock,EA Locksmith 1783 1169lock,FASTER PAYMENT,52009.39,,REPAIRS_AND_MAINTENANCE,,REPAIRS_AND_MAINTENANCE,EA Locksmith 1783 1169lock EA Locksmith 1783 1169lock FASTER PAYMENT,,,0,F1169FAW,PropertyExpense,,,0.99,prop_rent_F1169FAW_76,strong,0,rule
2026-05-22,cd1f1f04da6ea3ec62f18306a264eb8b90bc67d6aba59eb13d14c69c19522688,MAY2026_StarlingStatement_2026-05.csv_144,MAY2026,starling,60-83-71 00558156,2026-05-22,-10.0,GBP,Peter Taperek,keys 161618,Peter Taperek keys 161618,FASTER PAYMENT,51999.39,,REPAIRS_AND_MAINTENANCE,,REPAIRS_AND_MAINTENANCE,Peter Taperek keys 161618 Peter Taperek keys 161618 FASTER PAYMENT,,,0,,PropertyExpense,,,0.99,cat_propertyexpense_19,strong,1,rule
2026-05-23,36ecb2f81633a4066a28dca20853728024340e9d88ec6b6f32f79ed866073a46,MAY2026_StarlingStatement_2026-05.csv_145,MAY2026,starling,60-83-71 00558156,2026-05-23,-87.96,GBP,TK Maxx,TKMAXX_UK,TK Maxx TKMAXX_UK,CONTACTLESS,51911.43,,OTHER,,OTHER,TK Maxx TKMAXX_UK TK Maxx TKMAXX_UK CONTACTLESS,,,0,,PersonalExpense,Clothing,,0.99,override_25,strong,0,rule
2026-05-23,0ddfc8e44bdb8666cc66d9e56080f824f47137f8286317671bcba06985911a0c,MAY2026_StarlingStatement_2026-05.csv_146,MAY2026,starling,60-83-71 00558156,2026-05-23,1000.0,GBP,Stephen Cresdee,3321,Stephen Cresdee 3321,FASTER PAYMENT,52911.43,,REVENUE,,REVENUE,Stephen Cresdee 3321 Stephen Cresdee 3321 FASTER PAYMENT,,,0,F3321LON,OurRent,,,0.99,prop_rent_F3321LON_73,strong,0,rule
2026-05-23,34cfc2d8da0ddba5df3fd02d472038781236e81ce7db9cc73ea110c14890cfc1,MAY2026_StarlingStatement_2026-05.csv_147,MAY2026,starling,60-83-71 00558156,2026-05-23,-13.76,GBP,Budgens,BUDGENS,Budgens BUDGENS,CONTACTLESS,52897.67,,FOOD_AND_DRINK,,FOOD_AND_DRINK,Budgens BUDGENS Budgens BUDGENS CONTACTLESS,,,0,,PersonalExpense,Budgens,,0.99,override_35,strong,0,rule
2026-05-23,b81adc44e4d0610f13f85d3cc2beb127f9beffdc76f56234a8b5b8ea7ffa5906,MAY2026_StarlingStatement_2026-05.csv_148,MAY2026,starling,60-83-71 00558156,2026-05-23,-29.55,GBP,Marks & Spencer,MARKS&SPENCER PLC,Marks & Spencer MARKS&SPENCER PLC,CONTACTLESS,52868.12,,FOOD_AND_DRINK,,FOOD_AND_DRINK,Marks & Spencer MARKS&SPENCER PLC Marks & Spencer MARKS&SPENCER PLC CONTACTLESS,,,0,,PersonalExpense,M&S,,0.99,override_2,strong,0,rule
2026-05-23,c301aca2e3da5a6e0aba8e4c3c83e393680a68496305bd35ec9061be78128933,MAY2026_StarlingStatement_2026-05.csv_149,MAY2026,starling,60-83-71 00558156,2026-05-23,750.0,GBP,Michael  Pedace,FLAT2 171FAWCETT,Michael  Pedace FLAT2 171FAWCETT,FASTER PAYMENT,53618.12,,REVENUE,,REVENUE,Michael  Pedace FLAT2 171FAWCETT Michael  Pedace FLAT2 171FAWCETT FASTER PAYMENT,,,0,F2171FAW,OurRent,,,0.99,prop_rent_F2171FAW_80,strong,0,rule
2026-05-25,0f467494e0e89e5911a4a75b04447675ed963717300d6b654bcaac3127e81dbc,MAY2026_StarlingStatement_2026-05.csv_150,MAY2026,starling,60-83-71 00558156,2026-05-25,825.0,GBP,F Kubra,41214,F Kubra 41214,FASTER PAYMENT,54443.12,,REVENUE,,REVENUE,F Kubra 41214 F Kubra 41214 FASTER PAYMENT,,,0,F41214ALH,OurRent,,,0.99,prop_rent_F41214ALH_66,strong,0,rule
2026-05-25,0fbc694b0c70b1275041167739c2749c794113cbc97cd5b99113ae98ae4332a7,MAY2026_StarlingStatement_2026-05.csv_151,MAY2026,starling,60-83-71 00558156,2026-05-25,-19.8,GBP,Co-op,CO OPERATIVE FOOD,Co-op CO OPERATIVE FOOD,CONTACTLESS,54423.32,,REPAIRS_AND_MAINTENANCE,,REPAIRS_AND_MAINTENANCE,Co-op CO OPERATIVE FOOD Co-op CO OPERATIVE FOOD CONTACTLESS,,,0,,PersonalExpense,COOP,,0.99,cat_propertyexpense_19,strong,0,rule
2026-05-25,05049cb40fa34d17fad45f7e244eaf888aaef8a49c048cc140fe124a6d1e432c,MAY2026_StarlingStatement_2026-05.csv_152,MAY2026,starling,60-83-71 00558156,2026-05-25,-33.85,GBP,Co-op,CO OPERATIVE FOOD,Co-op CO OPERATIVE FOOD,CONTACTLESS,54389.47,,REPAIRS_AND_MAINTENANCE,,REPAIRS_AND_MAINTENANCE,Co-op CO OPERATIVE FOOD Co-op CO OPERATIVE FOOD CONTACTLESS,,,0,,PersonalExpense,COOP,,0.99,cat_propertyexpense_19,strong,0,rule
2026-05-25,78041d5b94076ed39ba70898e0b0eeb20af8acaa507b0f58bef24bf4ab948aa8,MAY2026_StarlingStatement_2026-05.csv_153,MAY2026,starling,60-83-71 00558156,2026-05-25,-4000.0,GBP,Rocco VALENTINO TUCKER,salary m2 may,Rocco VALENTINO TUCKER salary m2 may,FASTER PAYMENT,50389.47,,REPAIRS_AND_MAINTENANCE,,REPAIRS_AND_MAINTENANCE,Rocco VALENTINO TUCKER salary m2 may Rocco VALENTINO TUCKER salary m2 may FASTER PAYMENT,,,0,,PersonalExpense,Rocco,,0.99,cat_propertyexpense_19,strong,0,rule
2026-05-25,36ec87a6284d5ece6754dd1e86ddb4432ad33f546e7b3d7207342edb8dc5c8a2,MAY2026_StarlingStatement_2026-05.csv_154,MAY2026,starling,60-83-71 00558156,2026-05-25,-100.0,GBP,Ivana  VALENTINO,trf,Ivana  VALENTINO trf,FASTER PAYMENT,50289.47,,REPAIRS_AND_MAINTENANCE,,REPAIRS_AND_MAINTENANCE,Ivana  VALENTINO trf Ivana  VALENTINO trf FASTER PAYMENT,,,0,,PersonalExpense,Ivana,,0.99,cat_propertyexpense_19,strong,0,rule
2026-05-25,51364ecb9e14ba7b1ff8f87752df1caeffde62b39c4964194aab6d23253c9c69,MAY2026_StarlingStatement_2026-05.csv_155,MAY2026,starling,60-83-71 00558156,2026-05-25,-76.09,GBP,BP,BEDFORD SF CONNECT,BP BEDFORD SF CONNECT,CHIP & PIN,50213.38,,VEHICLES,,VEHICLES,BP BEDFORD SF CONNECT BP BEDFORD SF CONNECT CHIP & PIN,,,0,,OtherExpense,,,0.65,cat_otherexpense_35,catch_all,1,rule
2026-05-26,715a750519c6167685ee750d06e8746844241c6c44cc126284cee6f7398b7805,MAY2026_BC_6045_MAY2026.csv_27,MAY2026,barclays,20-74-09 60458872,2026-05-26,-10.5,GBP,,,Amazon.co.uk*NO62S    ON 22 MAY BCC,,,0,,Card Purchase,Card Purchase,Amazon.co.uk*NO62S    ON 22 MAY BCC,,,0,,PersonalExpense,Amazon,,0.99,cat_personalexpense_30,strong,0,rule
2026-05-26,e4533630d1060e4c82fe3d8df3e5b52b80d41f25eec8a283d8404f73b3d4c938,MAY2026_BC_6045_MAY2026.csv_28,MAY2026,barclays,20-74-09 60458872,2026-05-26,10.5,GBP,,,Amazon.co.uk          ON 25 MAY BCC,,,0,,Card Purchase,Card Purchase,Amazon.co.uk          ON 25 MAY BCC,,,0,,PersonalExpense,Amazon,,0.99,cat_personalexpense_30,strong,0,rule
2026-05-26,09aa4416301bab189d50574e61c9fd278a2cad0798ba0f26a537735189a4cea2,MAY2026_BC_6045_MAY2026.csv_29,MAY2026,barclays,20-74-09 60458872,2026-05-26,50.0,GBP,,,209254 13438023       ARM CONFIRM STMT FT,,,0,,Funds Transfer,Funds Transfer,209254 13438023       ARM CONFIRM STMT FT,,,0,,OtherIncome,,,0.65,cat_otherincome_34,catch_all,1,rule
2026-05-26,80722031646f4ab50c3fa40760219521dca6004f795076a0512c3dfa01441280,MAY2026_BC_3072_MAY2026.csv_47,MAY2026,barclays,20-53-97 30728691,2026-05-26,-29.72,GBP,,,H3G                   980404269602200101 DD,,,948449,,Direct Debit,Direct Debit,H3G                   980404269602200101 DD,,,0,,RegularPayment,,,0.99,cat_regularpayment_27,strong,0,rule
2026-05-26,52aa54eebc96d9151ddb4d8453490df4b59c403043487fd684be1ad283782334,MAY2026_BC_4040_MAY2026.csv_20,MAY2026,barclays,20-74-09 40406538,2026-05-26,100.0,GBP,,,Rsa Capital Limite    trf BGC,,,0,,Counter Credit,Counter Credit,Rsa Capital Limite    trf BGC,,,0,,Interbank,,,0.99,override_40,strong,0,rule
2026-05-26,0b0d2c3ca5ddeb8bce7efe625fc47f5edfbfa01cbfd6853163fd81870b0e3c9c,MAY2026_BC_4040_MAY2026.csv_21,MAY2026,barclays,20-74-09 40406538,2026-05-26,-15.0,GBP,,,ALESSIO VALENTINO-    FROM MUMMY FT,,,0,,Funds Transfer,Funds Transfer,ALESSIO VALENTINO-    FROM MUMMY FT,,,0,,PersonalExpense,Alessio,,0.99,override_7,strong,0,rule
2026-05-26,cf5d18eb10ab9a63d318d54b66055783c267a6a561c19c4bcf522fcf4cfdcaae,MAY2026_BC_4040_MAY2026.csv_22,MAY2026,barclays,20-74-09 40406538,2026-05-26,-5.0,GBP,,,ALESSIO VALENTINO-    FROM MUMMY FT,,,0,,Funds Transfer,Funds Transfer,ALESSIO VALENTINO-    FROM MUMMY FT,,,0,,PersonalExpense,Alessio,,0.99,override_7,strong,0,rule
2026-05-26,1a36ed2e7e9f8b251fda5f32715f7f032a8677e001f9fc22edaf712a7707421e,MAY2026_BC_4040_MAY2026.csv_23,MAY2026,barclays,20-74-09 40406538,2026-05-26,-25.0,GBP,,,ALESSIO VALENTINO-    FROM MUMMY FT,,,0,,Funds Transfer,Funds Transfer,ALESSIO VALENTINO-    FROM MUMMY FT,,,0,,PersonalExpense,Alessio,,0.99,override_7,strong,0,rule
2026-05-26,50994bdc1b3bcc8bdca39cd709f91191a2d21c0cf1d88936eb4e7a5d1ae90548,MAY2026_StarlingStatement_2026-05.csv_156,MAY2026,starling,60-83-71 00558156,2026-05-26,925.0,GBP,A JOY,"ANGEL JOY  ,FLAT 1","A JOY ANGEL JOY  ,FLAT 1",FASTER PAYMENT,51138.38,,REVENUE,,REVENUE,"A JOY ANGEL JOY  ,FLAT 1 A JOY ANGEL JOY  ,FLAT 1 FASTER PAYMENT",,,0,F71214ALH,OurRent,,,0.99,prop_rent_F71214ALH_108,strong,0,rule
2026-05-26,c0c54b039659db73fa0b70e3eef4d78bd9640fd232cd5ac67e2386dadc52d6b6,MAY2026_StarlingStatement_2026-05.csv_157,MAY2026,starling,60-83-71 00558156,2026-05-26,-96.27,GBP,Pcc Internet Payment,PCC INTERNET PAYMENT,Pcc Internet Payment PCC INTERNET PAYMENT,ONLINE PAYMENT,51042.11,,PROFESSIONAL_SERVICES,,PROFESSIONAL_SERVICES,Pcc Internet Payment PCC INTERNET PAYMENT Pcc Internet Payment PCC INTERNET PAYMENT ONLINE PAYMENT,,,0,,OtherExpense,,,0.65,cat_otherexpense_35,catch_all,1,rule
2026-05-26,d18476c54a7112d9d9804d7a9c256bcad5268091868401b00928a0a894207ed2,MAY2026_StarlingStatement_2026-05.csv_158,MAY2026,starling,60-83-71 00558156,2026-05-26,-20.93,GBP,Pcc Internet Payment,PCC INTERNET PAYMENT,Pcc Internet Payment PCC INTERNET PAYMENT,ONLINE PAYMENT,51021.18,,PROFESSIONAL_SERVICES,,PROFESSIONAL_SERVICES,Pcc Internet Payment PCC INTERNET PAYMENT Pcc Internet Payment PCC INTERNET PAYMENT ONLINE PAYMENT,,,0,,OtherExpense,,,0.65,cat_otherexpense_35,catch_all,1,rule
2026-05-26,57a5c0e8430168f061b824b210066becad0d3e6b208bb3799e9da424fab24984,MAY2026_StarlingStatement_2026-05.csv_159,MAY2026,starling,60-83-71 00558156,2026-05-26,-354.52,GBP,Pcc Internet Payment,PCC INTERNET PAYMENT,Pcc Internet Payment PCC INTERNET PAYMENT 4 163 fratton 107831051,ONLINE PAYMENT,50666.66,,PROFESSIONAL_SERVICES,,PROFESSIONAL_SERVICES,Pcc Internet Payment PCC INTERNET PAYMENT Pcc Internet Payment PCC INTERNET PAYMENT 4 163 fratton 107831051 ONLINE PAYMENT,,,0,F4163FRA,OtherExpense,,,0.99,prop_rent_F4163FRA_84,strong,0,rule
2026-05-26,089a738f6e74b8c68eaf239e2edad8c0c20935a3ecec07ea1f3687e328498012,MAY2026_StarlingStatement_2026-05.csv_160,MAY2026,starling,60-83-71 00558156,2026-05-26,-175.27,GBP,Pcc Internet Payment,PCC INTERNET PAYMENT,Pcc Internet Payment PCC INTERNET PAYMENT,ONLINE PAYMENT,50491.39,,PROFESSIONAL_SERVICES,,PROFESSIONAL_SERVICES,Pcc Internet Payment PCC INTERNET PAYMENT Pcc Internet Payment PCC INTERNET PAYMENT ONLINE PAYMENT,,,0,,OtherExpense,,,0.65,cat_otherexpense_35,catch_all,1,rule
2026-05-26,60ab331d618906cf7dc20b2ef23d33de600cab384ef56bc891898ad924ccd40c,MAY2026_StarlingStatement_2026-05.csv_161,MAY2026,starling,60-83-71 00558156,2026-05-26,-512.24,GBP,Pcc Internet Payment,PCC INTERNET PAYMENT,Pcc Internet Payment PCC INTERNET PAYMENT,ONLINE PAYMENT,49979.15,,PROFESSIONAL_SERVICES,,PROFESSIONAL_SERVICES,Pcc Internet Payment PCC INTERNET PAYMENT Pcc Internet Payment PCC INTERNET PAYMENT ONLINE PAYMENT,,,0,,OtherExpense,,,0.65,cat_otherexpense_35,catch_all,1,rule
2026-05-26,618958e2ce5f203647c3d8c0e40a96cf75089d1b3ad7c16ee8b63bc6e7a4f4d5,MAY2026_StarlingStatement_2026-05.csv_162,MAY2026,starling,60-83-71 00558156,2026-05-26,-61.2,GBP,ALDI,ALDI STORES,ALDI ALDI STORES,CONTACTLESS,49917.95,,FOOD_AND_DRINK,,FOOD_AND_DRINK,ALDI ALDI STORES ALDI ALDI STORES CONTACTLESS,,,0,,PersonalExpense,ALDI,,0.99,override_20,strong,0,rule
2026-05-27,5b930a4e8b81ebe9b4a8f2998754a9dba47b6af5525c07dfd83c07d59a178399,MAY2026_BC_6045_MAY2026.csv_30,MAY2026,barclays,20-74-09 60458872,2026-05-27,-18.31,GBP,,,AMZNMktplace*NQ42L    ON 27 MAY BCC,,,0,,Card Purchase,Card Purchase,AMZNMktplace*NQ42L    ON 27 MAY BCC,,,0,,PersonalExpense,Amazon,,0.99,cat_personalexpense_30,strong,0,rule
2026-05-27,92b6f711d50e3dc8021d83879f936ac27a6f7fa36599806d583f5e6a876976a5,MAY2026_BC_6045_MAY2026.csv_31,MAY2026,barclays,20-74-09 60458872,2026-05-27,-300.0,GBP,,,SOFIA                 AUSTRALIA FT,,,0,,Funds Transfer,Funds Transfer,SOFIA                 AUSTRALIA FT,,,0,,PersonalExpense,Sofia,,0.99,override_8,strong,0,rule
2026-05-27,a4ede393cac34d608319db807e8c394d75f54d5aa936519559ffcf160d0f90d2,MAY2026_BC_6045_MAY2026.csv_32,MAY2026,barclays,20-74-09 60458872,2026-05-27,1200.0,GBP,,,M Tucker              SF BGC,,,0,,Counter Credit,Counter Credit,M Tucker              SF BGC,,,0,,MTPayment,,,0.99,override_41,strong,0,rule
2026-05-27,05f9d7c5c21d10a2e5235152a429d1d5fe7ae014d921c76a10dd25ed5f289b62,MAY2026_BC_4040_MAY2026.csv_24,MAY2026,barclays,20-74-09 40406538,2026-05-27,100.0,GBP,,,Rsa Capital Limite    admin BGC,,,0,,Counter Credit,Counter Credit,Rsa Capital Limite    admin BGC,,,0,,Interbank,,,0.99,override_40,strong,0,rule
2026-05-27,426bc5b2a1d78996fa3baec73379b36c3edc9689ce43ce8ece950818acd9298f,MAY2026_BC_4040_MAY2026.csv_25,MAY2026,barclays,20-74-09 40406538,2026-05-27,-45.0,GBP,,,DELIA PILKINGTON      LEO FT,,,0,,Funds Transfer,Funds Transfer,DELIA PILKINGTON      LEO FT,,,0,,OtherExpense,,,0.65,cat_otherexpense_35,catch_all,1,rule
2026-05-27,798373f486eaf911f9a2c35142f50e6b22bde437b234af433169031c8ab298c2,MAY2026_BC_4040_MAY2026.csv_26,MAY2026,barclays,20-74-09 40406538,2026-05-27,-12.45,GBP,,,CO OPERATIVE FOOD     ON 26 MAY CLP,,,0,,Contactless Card Purchase,Contactless Card Purchase,CO OPERATIVE FOOD     ON 26 MAY CLP,,,0,,PersonalExpense,COOP,,0.99,cat_personalexpense_30,strong,0,rule
2026-05-27,10dab0e7c512d0d2d442d1a3121d35d38052f796993a63c1423e0a94ae1cc957,MAY2026_StarlingStatement_2026-05.csv_163,MAY2026,starling,60-83-71 00558156,2026-05-27,695.0,GBP,Tap,000000003792191121,Tap 000000003792191121,DIRECT CREDIT,50612.95,,REVENUE,,REVENUE,Tap 000000003792191121 Tap 000000003792191121 DIRECT CREDIT,,,0,,OtherIncome,,,0.65,cat_otherincome_34,catch_all,1,rule
2026-05-27,034e21d71dcf8c5d51cce6c4e72c3f38f5cf27598edc21ba83962f9f5768026e,MAY2026_StarlingStatement_2026-05.csv_164,MAY2026,starling,60-83-71 00558156,2026-05-27,-8.99,GBP,Amazon Prime,Amazon Prime*NO6HT6WX4,Amazon Prime Amazon Prime*NO6HT6WX4,CARD SUBSCRIPTION,50603.96,,ADMIN,,ADMIN,Amazon Prime Amazon Prime*NO6HT6WX4 Amazon Prime Amazon Prime*NO6HT6WX4 CARD SUBSCRIPTION,,,0,,PropertyExpense,,,0.99,cat_propertyexpense_10,strong,1,rule
2026-05-27,cfa1dee9d46ee786d045063bbdf9878fac416ce879577854c35b6965eef58c65,MAY2026_StarlingStatement_2026-05.csv_165,MAY2026,starling,60-83-71 00558156,2026-05-27,900.0,GBP,D McGowan,1846,D McGowan 1846,FASTER PAYMENT,51503.96,,REVENUE,,REVENUE,D McGowan 1846 D McGowan 1846 FASTER PAYMENT,,,0,F1846ALH,OurRent,,,0.99,prop_rent_F1846ALH_91,strong,0,rule
2026-05-27,8c3ef31d2b2f0e7ce30686848062b22d9528bfc30c40b6dbd864845352dad1af,MAY2026_StarlingStatement_2026-05.csv_166,MAY2026,starling,60-83-71 00558156,2026-05-27,-100.0,GBP,Ivana  VALENTINO,admin,Ivana  VALENTINO admin,FASTER PAYMENT,51403.96,,REPAIRS_AND_MAINTENANCE,,REPAIRS_AND_MAINTENANCE,Ivana  VALENTINO admin Ivana  VALENTINO admin FASTER PAYMENT,,,0,,PropertyExpense,,,0.99,cat_propertyexpense_19,strong,1,rule
2026-05-27,3b64ff7580bd92994626c3fa7750e7ff62cd5e92f90f00cb3693f1c1527f4a5b,MAY2026_StarlingStatement_2026-05.csv_167,MAY2026,starling,60-83-71 00558156,2026-05-27,-66.35,GBP,Marks & Spencer,MARKS&SPENCER PLC SACA,Marks & Spencer MARKS&SPENCER PLC SACA,CONTACTLESS,51337.61,,FOOD_AND_DRINK,,FOOD_AND_DRINK,Marks & Spencer MARKS&SPENCER PLC SACA Marks & Spencer MARKS&SPENCER PLC SACA CONTACTLESS,,,0,,PersonalExpense,M&S,,0.99,override_2,strong,0,rule
2026-05-27,5ab4bd6121767422c86f555b897829e49b824c71da839f9044669cc8ed88dcac,MAY2026_StarlingStatement_2026-05.csv_168,MAY2026,starling,60-83-71 00558156,2026-05-27,825.0,GBP,William Sait,FLAT 3 169 FAWCETT,William Sait FLAT 3 169 FAWCETT,FASTER PAYMENT,52162.61,,REVENUE,,REVENUE,William Sait FLAT 3 169 FAWCETT William Sait FLAT 3 169 FAWCETT FASTER PAYMENT,,,0,F3169FAW,OurRent,,,0.99,prop_rent_F3169FAW_78,strong,0,rule
2026-05-28,c90c9a4e1ff264920cdd5a4698ba7be901508000dab379cf625e6f689904ebf3,MAY2026_BC_3072_MAY2026.csv_48,MAY2026,barclays,20-53-97 30728691,2026-05-28,-50.0,GBP,,,BOOTS OPTICIANS       A45028400000736FIRST,,,0,,Direct Debit,Direct Debit,BOOTS OPTICIANS       A45028400000736FIRST,,,0,,PersonalExpense,Pharmacy/Opticians/Dental,,0.99,cat_regularpayment_27,strong,0,rule
2026-05-28,2395060b5671f3ea1ad452faed884670b282ade2c38578538a6ef929af560bb6,MAY2026_BC_3072_MAY2026.csv_49,MAY2026,barclays,20-53-97 30728691,2026-05-28,-482.31,GBP,,,TOGETHER COMMERCIA    10279063 DDR,,,687470,,Direct Debit,Direct Debit,TOGETHER COMMERCIA    10279063 DDR,,,0,,RegularPayment,SFLoan,,0.99,cat_regularpayment_27,strong,0,rule
2026-05-28,39e85fca6335b2a4f1b57f7c859975137b1776932e642a0a6c84e6f196b37a85,MAY2026_StarlingStatement_2026-05.csv_169,MAY2026,starling,60-83-71 00558156,2026-05-28,850.0,GBP,Matthew  Watts,196A KINGSTON ROAD,Matthew  Watts 196A KINGSTON ROAD,FASTER PAYMENT,53012.61,,REVENUE,,REVENUE,Matthew  Watts 196A KINGSTON ROAD Matthew  Watts 196A KINGSTON ROAD FASTER PAYMENT,,,0,196AKIN,OurRent,,,0.99,prop_rent_196AKIN_86,strong,0,rule
2026-05-28,d4e8d364ffb6884c36315b56cfd76871acf198f5f16220dc8617acbfa7490e49,MAY2026_StarlingStatement_2026-05.csv_170,MAY2026,starling,60-83-71 00558156,2026-05-28,452.0,GBP,CHARTERS ESTATE AGENTS LIMITED,Shop 196 Kingston,CHARTERS ESTATE AGENTS LIMITED Shop 196 Kingston,FASTER PAYMENT,53464.61,,REVENUE,,REVENUE,CHARTERS ESTATE AGENTS LIMITED Shop 196 Kingston CHARTERS ESTATE AGENTS LIMITED Shop 196 Kingston FASTER PAYMENT,,,0,SHOP196KIN,OurRent,,,0.99,prop_rent_SHOP196KIN_85,strong,0,rule
2026-05-28,077aa14258b342e63e6dafb17ffd9703abeffdb6926f8fde93127deb58defc6c,MAY2026_StarlingStatement_2026-05.csv_171,MAY2026,starling,60-83-71 00558156,2026-05-28,875.0,GBP,Dono Kuriakose,11 16-18- rent,Dono Kuriakose 11 16-18- rent,FASTER PAYMENT,54339.61,,REVENUE,,REVENUE,Dono Kuriakose 11 16-18- rent Dono Kuriakose 11 16-18- rent FASTER PAYMENT,,,0,F111618ALH,OurRent,,,0.99,prop_rent_F111618ALH_109,strong,0,rule
2026-05-28,0060017f678680bf037a9d3ed7e7166f0472136d118735154ab7fd4e967c3dd5,MAY2026_StarlingStatement_2026-05.csv_172,MAY2026,starling,60-83-71 00558156,2026-05-28,-96.1,GBP,Waitrose & Partners,WAITROSE STORES,Waitrose & Partners WAITROSE STORES,CONTACTLESS,54243.51,,FOOD_AND_DRINK,,FOOD_AND_DRINK,Waitrose & Partners WAITROSE STORES Waitrose & Partners WAITROSE STORES CONTACTLESS,,,0,,PersonalExpense,Waitrose,,0.99,override_34,strong,0,rule
2026-05-28,0095e00a38c5f72b801750843e20fa35fb111c8bf9c7fd0028a987583204bfa1,MAY2026_StarlingStatement_2026-05.csv_173,MAY2026,starling,60-83-71 00558156,2026-05-28,-1.99,GBP,Microsoft,Microsoft*Microsoft 36,Microsoft Microsoft*Microsoft 36,CARD SUBSCRIPTION,54241.52,,PHONE_AND_INTERNET,,PHONE_AND_INTERNET,Microsoft Microsoft*Microsoft 36 Microsoft Microsoft*Microsoft 36 CARD SUBSCRIPTION,,,0,,OtherExpense,,,0.65,cat_otherexpense_35,catch_all,1,rule
2026-05-28,077eb50e62900c857c7d4631755b9a62ddd71846fce10a42dfe3aef3add5e522,MAY2026_StarlingStatement_2026-05.csv_174,MAY2026,starling,60-83-71 00558156,2026-05-28,-50.0,GBP,Village Green Deal Limited,12982 196b epc,Village Green Deal Limited 12982 196b epc,FASTER PAYMENT,54191.52,,REPAIRS_AND_MAINTENANCE,,REPAIRS_AND_MAINTENANCE,Village Green Deal Limited 12982 196b epc Village Green Deal Limited 12982 196b epc FASTER PAYMENT,,,0,196BKIN,PropertyExpense,,,0.99,prop_rent_196BKIN_87,strong,0,rule
2026-05-29,fba9fb5d57efb9af9a0a5fe3eb8619207909ae52963e928f8d4219d95acd087c,MAY2026_BC_3072_MAY2026.csv_50,MAY2026,barclays,20-53-97 30728691,2026-05-29,-425.9,GBP,,,PARAGON BANK PLC      002186317 10133000 DD,,,295404,,Direct Debit,Direct Debit,PARAGON BANK PLC      002186317 10133000 DD,,,0,F58ALH,Mortgage,,,0.99,prop_mort_F58ALH_29,strong,0,rule
2026-05-29,835db962397997ce6aa2491bde83a05ecb747df9750d2965f529e948b8be89d2,MAY2026_BC_3072_MAY2026.csv_51,MAY2026,barclays,20-53-97 30728691,2026-05-29,-425.9,GBP,,,PARAGON BANK PLC      002186356 10133000 DD,,,295404,,Direct Debit,Direct Debit,PARAGON BANK PLC      002186356 10133000 DD,,,0,F1846ALH,Mortgage,,,0.99,prop_mort_F1846ALH_35,strong,0,rule
2026-05-29,7619ccdaaf969e243b2b736963ad04f2ce90409d70557ffd2f33352896679681,MAY2026_BC_3072_MAY2026.csv_52,MAY2026,barclays,20-53-97 30728691,2026-05-29,-425.9,GBP,,,PARAGON BANK PLC      002186357 10133000 DD,,,295404,,Direct Debit,Direct Debit,PARAGON BANK PLC      002186357 10133000 DD,,,0,F1746ALH,Mortgage,,,0.99,prop_mort_F1746ALH_34,strong,0,rule
2026-05-29,37a525b8a9589a99655d5949a1db5bc27f748e4db74f9e6dccb4155b59fbdaa9,MAY2026_BC_3072_MAY2026.csv_53,MAY2026,barclays,20-53-97 30728691,2026-05-29,-437.03,GBP,,,MORTGAGE TRUST        002197389 10133000 DD,,,624461,,Direct Debit,Direct Debit,MORTGAGE TRUST        002197389 10133000 DD,,,0,F71214ALH,Mortgage,,,0.99,prop_mort_F71214ALH_45,strong,0,rule
2026-05-29,1e870d164d9ad9a327c2cd18fed9b0d15ac2449a2d08ddc40cf07e3fe39d1941,MAY2026_BC_3072_MAY2026.csv_54,MAY2026,barclays,20-53-97 30728691,2026-05-29,-304.08,GBP,,,BHAM MIDSHIRES        6092036837070000 DDR,,,184800,,Direct Debit,Direct Debit,BHAM MIDSHIRES        6092036837070000 DDR,,,0,F4163FRA,Mortgage,,,0.99,prop_mort_F4163FRA_20,strong,0,rule
2026-05-29,341d92a7c1e7f85a207a77a7672250ae60d2d33061ab954d81531c7aa40a7219,MAY2026_StarlingStatement_2026-05.csv_175,MAY2026,starling,60-83-71 00558156,2026-05-29,905.0,GBP,Kye Elliott-Street,Rsa Capital Limite,Kye Elliott-Street Rsa Capital Limite,FASTER PAYMENT,55096.52,,REVENUE,,REVENUE,Kye Elliott-Street Rsa Capital Limite Kye Elliott-Street Rsa Capital Limite FASTER PAYMENT,,,0,F68ALH,Interbank,,,0.99,prop_rent_F68ALH_98,strong,0,rule
2026-05-29,37ae6beb47e0a675480e83024ba2cacf5d3a93f313be1b863bdf4388acf7fa57,MAY2026_StarlingStatement_2026-05.csv_176,MAY2026,starling,60-83-71 00558156,2026-05-29,800.0,GBP,ALDINGTON H,FLAT 4 321LONDONRD,ALDINGTON H FLAT 4 321LONDONRD,FASTER PAYMENT,55896.52,,REVENUE,,REVENUE,ALDINGTON H FLAT 4 321LONDONRD ALDINGTON H FLAT 4 321LONDONRD FASTER PAYMENT,,,0,F4321LON,OurRent,,,0.99,prop_rent_F4321LON_74,strong,0,rule
2026-05-29,97e7a7aec8404ef0354d74da1e2d17cac2a9289fe29d4b013e39ab98c92c6b59,MAY2026_StarlingStatement_2026-05.csv_177,MAY2026,starling,60-83-71 00558156,2026-05-29,850.0,GBP,Elsie Hirst,FLAT 16 RENT,Elsie Hirst FLAT 16 RENT,FASTER PAYMENT,56746.52,,REVENUE,,REVENUE,Elsie Hirst FLAT 16 RENT Elsie Hirst FLAT 16 RENT FASTER PAYMENT,,,0,,OtherIncome,,,0.65,cat_otherincome_34,catch_all,1,rule
2026-05-29,85525a7b3d60febd3e2a9749af823e339691c2e379c9a218337a408944390305,MAY2026_StarlingStatement_2026-05.csv_178,MAY2026,starling,60-83-71 00558156,2026-05-29,-7.45,GBP,Co-op,CO OPERATIVE FOOD,Co-op CO OPERATIVE FOOD,CONTACTLESS,56739.07,,REPAIRS_AND_MAINTENANCE,,REPAIRS_AND_MAINTENANCE,Co-op CO OPERATIVE FOOD Co-op CO OPERATIVE FOOD CONTACTLESS,,,0,,PersonalExpense,COOP,,0.99,cat_propertyexpense_19,strong,0,rule
2026-05-29,276d442b240b122d8769001bb54d3ad3ee366e4fdbd8394e0043cf01be2a651f,MAY2026_StarlingStatement_2026-05.csv_179,MAY2026,starling,60-83-71 00558156,2026-05-29,-3045.42,GBP,Ivana Valentino 3072,mortgages,Ivana Valentino 3072 mortgages,FASTER PAYMENT,53693.65,,INTEREST_PAYMENTS,,INTEREST_PAYMENTS,Ivana Valentino 3072 mortgages Ivana Valentino 3072 mortgages FASTER PAYMENT,,,0,,MortgageRefund,Ivana,,0.99,cat_mortgagerefund_15,strong,0,rule
2026-05-29,ade1e55931518068c5c69c1b451702b13d10cabe119b673608a38c42365c200e,MAY2026_StarlingStatement_2026-05.csv_180,MAY2026,starling,60-83-71 00558156,2026-05-29,-150.0,GBP,Peter Taperek,paint flat 196b,Peter Taperek paint flat 196b,FASTER PAYMENT,53543.65,,REPAIRS_AND_MAINTENANCE,,REPAIRS_AND_MAINTENANCE,Peter Taperek paint flat 196b Peter Taperek paint flat 196b FASTER PAYMENT,,,0,196BKIN,PropertyExpense,,,0.99,prop_rent_196BKIN_87,strong,0,rule
2026-05-30,063850ecbb7f6cea42f748bbc5b0ba2ef5f71375c57d1e245aa069e58059362f,MAY2026_StarlingStatement_2026-05.csv_181,MAY2026,starling,60-83-71 00558156,2026-05-30,-15.69,GBP,Tesco Petrol,TESCO PFS 5449,Tesco Petrol TESCO PFS 5449,CONTACTLESS,53527.96,,VEHICLES,,VEHICLES,Tesco Petrol TESCO PFS 5449 Tesco Petrol TESCO PFS 5449 CONTACTLESS,,,0,,PersonalExpense,Tesco,,0.99,override_9,strong,0,rule
2026-05-30,ef5082ea6cfc665270853138b59be104532899186b68f75482f9522938d1be21,MAY2026_StarlingStatement_2026-05.csv_182,MAY2026,starling,60-83-71 00558156,2026-05-30,-175.0,GBP,B&Q,B&Q LTD,B&Q B&Q LTD alhambra road paint external refurbishment,ONLINE PAYMENT,53352.96,,REPAIRS_AND_MAINTENANCE,,REPAIRS_AND_MAINTENANCE,B&Q B&Q LTD B&Q B&Q LTD alhambra road paint external refurbishment ONLINE PAYMENT,,,0,,PropertyExpense,,,0.99,cat_propertyexpense_19,strong,1,rule
2026-05-30,6005adcc4850d1e107bf6e3df6f9d51f8a1fda15ab1386a417cac410681ed950,MAY2026_StarlingStatement_2026-05.csv_183,MAY2026,starling,60-83-71 00558156,2026-05-30,-4.5,GBP,Mk Council,MK COUNCIL - IPS,Mk Council MK COUNCIL - IPS,CONTACTLESS,53348.46,,TRAVEL,,TRAVEL,Mk Council MK COUNCIL - IPS Mk Council MK COUNCIL - IPS CONTACTLESS,,,0,,PersonalExpense,Other,,0.99,override_30,strong,0,rule
2026-05-30,7396b77d16f9e914e9d36410cd3a1fedb570d5e87f7466e71ea920fe2c636401,MAY2026_StarlingStatement_2026-05.csv_184,MAY2026,starling,60-83-71 00558156,2026-05-30,-37.25,GBP,Marks & Spencer,MARKS&SPENCER PLC,Marks & Spencer MARKS&SPENCER PLC,CHIP & PIN,53311.21,,FOOD_AND_DRINK,,FOOD_AND_DRINK,Marks & Spencer MARKS&SPENCER PLC Marks & Spencer MARKS&SPENCER PLC CHIP & PIN,,,0,,PersonalExpense,M&S,,0.99,override_2,strong,0,rule
2026-05-30,4fa35ed91ae0079cbacff50603fde9fa89ffc36ea100593054e584d91928fc9c,MAY2026_StarlingStatement_2026-05.csv_185,MAY2026,starling,60-83-71 00558156,2026-05-30,1005.0,GBP,KARUN,19 4-6,KARUN 19 4-6,FASTER PAYMENT,54316.21,,REVENUE,,REVENUE,KARUN 19 4-6 KARUN 19 4-6 FASTER PAYMENT,,,0,F1946ALH,OurRent,,,0.99,prop_rent_F1946ALH_92,strong,0,rule
2026-05-31,c87aa1ea2dc50d0d04cf6ebc1c55d79b7806e59a97b254ac8222976816bdbc00,MAY2026_StarlingStatement_2026-05.csv_186,MAY2026,starling,60-83-71 00558156,2026-05-31,-41.62,GBP,Amazon,AMAZON UK* NQ0WC2SR4,Amazon AMAZON UK* NQ0WC2SR4,ONLINE PAYMENT,54274.59,,REPAIRS_AND_MAINTENANCE,,REPAIRS_AND_MAINTENANCE,Amazon AMAZON UK* NQ0WC2SR4 Amazon AMAZON UK* NQ0WC2SR4 ONLINE PAYMENT,,,0,,PropertyExpense,,,0.99,cat_propertyexpense_19,strong,1,rule
2026-05-31,d59b2a409040840b3398661729e4a50a3072328ae33a0f9279037d8b03141bda,MAY2026_StarlingStatement_2026-05.csv_187,MAY2026,starling,60-83-71 00558156,2026-05-31,-70.85,GBP,Marks & Spencer,MARKS&SPENCER PLC,Marks & Spencer MARKS&SPENCER PLC,CONTACTLESS,54203.74,,FOOD_AND_DRINK,,FOOD_AND_DRINK,Marks & Spencer MARKS&SPENCER PLC Marks & Spencer MARKS&SPENCER PLC CONTACTLESS,,,0,,PersonalExpense,M&S,,0.99,override_2,strong,0,rule
2026-05-31,97f12d34f9dad95451f0e45cbb165fd57b56ccd9585ffcd859de6c886f61966d,MAY2026_StarlingStatement_2026-05.csv_188,MAY2026,starling,60-83-71 00558156,2026-05-31,-22.95,GBP,Peter Taperek,keys postage,Peter Taperek keys postage,FASTER PAYMENT,54180.79,,REPAIRS_AND_MAINTENANCE,,REPAIRS_AND_MAINTENANCE,Peter Taperek keys postage Peter Taperek keys postage FASTER PAYMENT,,,0,,PropertyExpense,,,0.99,cat_propertyexpense_19,strong,1,rule
