Date,tx_id,raw_row_id,import_batch_id,source_bank,source_account,posted_date,amount,currency,counterparty,reference,memo,type,balance,bank_txn_number,bank_category,bank_subcategory,effective_subcategory,match_text,description_x,parent_tx_id,is_superseded,property_code,category,subcategory,description_y,confidence,rule_id,rule_strength,needs_review,source
2026-03-01,f441c8f1c05d98802812300af24f26ee73a55ce47b5274e0169867c3a5059e9e,MAR2026_StarlingStatement_2026-03.csv_1,MAR2026,starling,60-83-71 00558156,2026-03-01,-465.0,GBP,Alhambra Road,M Tucker SC,Alhambra Road M Tucker SC,FASTER PAYMENT,60822.85,,REPAIRS_AND_MAINTENANCE,,REPAIRS_AND_MAINTENANCE,Alhambra Road M Tucker SC Alhambra Road M Tucker SC FASTER PAYMENT,,,0,,ServiceCharge,,,0.99,cat_servicecharge_11,strong,0,rule
2026-03-01,96f27bf858aedc6ccaa67c9f086ee39bc0e8037ac72652ececc351d3f0276f1b,MAR2026_StarlingStatement_2026-03.csv_2,MAR2026,starling,60-83-71 00558156,2026-03-01,-320.0,GBP,Alhambra Road,M Tucker SC,Alhambra Road M Tucker SC,FASTER PAYMENT,60502.85,,REPAIRS_AND_MAINTENANCE,,REPAIRS_AND_MAINTENANCE,Alhambra Road M Tucker SC Alhambra Road M Tucker SC FASTER PAYMENT,,,0,,ServiceCharge,,,0.99,cat_servicecharge_11,strong,0,rule
2026-03-01,42a9332b44a656b698a3b2ae24b2c686cbc53fe5d85f5bf4ab701ea0cbb92a94,MAR2026_StarlingStatement_2026-03.csv_3,MAR2026,starling,60-83-71 00558156,2026-03-01,-315.0,GBP,ALHHAMBRA ROAD,M Tucker SC,ALHHAMBRA ROAD M Tucker SC,FASTER PAYMENT,60187.85,,REPAIRS_AND_MAINTENANCE,,REPAIRS_AND_MAINTENANCE,ALHHAMBRA ROAD M Tucker SC ALHHAMBRA ROAD M Tucker SC FASTER PAYMENT,,,0,,ServiceCharge,,,0.99,cat_servicecharge_11,strong,0,rule
2026-03-01,4791d840def9caacbfce2ab22c87409e69cb8d8706c35c1fda05cd9eb668c138,MAR2026_StarlingStatement_2026-03.csv_4,MAR2026,starling,60-83-71 00558156,2026-03-01,-1.99,GBP,Microsoft,Microsoft*Microsoft 36,Microsoft Microsoft*Microsoft 36,CARD SUBSCRIPTION,60185.86,,PHONE_AND_INTERNET,,PHONE_AND_INTERNET,Microsoft Microsoft*Microsoft 36 Microsoft Microsoft*Microsoft 36 CARD SUBSCRIPTION,,,0,,OtherExpense,,,0.65,cat_otherexpense_35,catch_all,1,rule
2026-03-01,e139160ee51833347146e6772b76c1fe51e43fcd29969a237c6cc090edd59d2e,MAR2026_StarlingStatement_2026-03.csv_5,MAR2026,starling,60-83-71 00558156,2026-03-01,825.0,GBP,Letisha Lowe,Latisha Rent,Letisha Lowe Latisha Rent,FASTER PAYMENT,61010.86,,REVENUE,,REVENUE,Letisha Lowe Latisha Rent Letisha Lowe Latisha Rent FASTER PAYMENT,,,0,,OtherIncome,,,0.65,cat_otherincome_34,catch_all,1,rule
2026-03-01,966203fab2e71d8dadcb00012009f5ee512ce45dcabc3014d19c0bdc036b0ddd,MAR2026_StarlingStatement_2026-03.csv_6,MAR2026,starling,60-83-71 00558156,2026-03-01,-159.63,GBP,Tesco,TESCO STORES 2105,Tesco TESCO STORES 2105,CHIP & PIN,60851.23,,FOOD_AND_DRINK,,FOOD_AND_DRINK,Tesco TESCO STORES 2105 Tesco TESCO STORES 2105 CHIP & PIN,,,0,,PersonalExpense,Tesco,,0.99,override_9,strong,0,rule
2026-03-01,16139482455ad903538e73f2a13dd4f3af6b0087e6b0e0a66178acc76c6a2a65,MAR2026_StarlingStatement_2026-03.csv_7,MAR2026,starling,60-83-71 00558156,2026-03-01,925.0,GBP,R Cowie,FLAT 14. PO4 0RF,R Cowie FLAT 14. PO4 0RF,FASTER PAYMENT,61776.23,,REVENUE,,REVENUE,R Cowie FLAT 14. PO4 0RF R Cowie FLAT 14. PO4 0RF FASTER PAYMENT,,,0,F141214ALH,OurRent,,,0.99,prop_rent_F141214ALH_103,strong,0,rule
2026-03-01,4f3cd3e0d6cc6d2925e3335557968fe102021510c17156e74b3d80332a943d1c,MAR2026_StarlingStatement_2026-03.csv_8,MAR2026,starling,60-83-71 00558156,2026-03-01,775.0,GBP,Nicole  Byrne,FL7 ALHAMBRA RD,Nicole  Byrne FL7 ALHAMBRA RD,FASTER PAYMENT,62551.23,,REVENUE,,REVENUE,Nicole  Byrne FL7 ALHAMBRA RD Nicole  Byrne FL7 ALHAMBRA RD FASTER PAYMENT,,,0,F71618ALH,OurRent,,,0.99,prop_rent_F71618ALH_116,strong,0,rule
2026-03-01,0b622b9ae1ffeae45aa10834584554ef16a6772a27af9cc7a59a129438e46b66,MAR2026_StarlingStatement_2026-03.csv_9,MAR2026,starling,60-83-71 00558156,2026-03-01,-9.8,GBP,Co-op,CO OPERATIVE FOOD,Co-op CO OPERATIVE FOOD,CONTACTLESS,62541.43,,REPAIRS_AND_MAINTENANCE,,REPAIRS_AND_MAINTENANCE,Co-op CO OPERATIVE FOOD Co-op CO OPERATIVE FOOD CONTACTLESS,,,0,,PersonalExpense,COOP,,0.99,cat_propertyexpense_19,strong,0,rule
2026-03-02,9c5b7173d3bd37640a8638ef44a5d813791f65c52665aab3418094c55e184f8d,MAR2026_BC_6045_MAR2026.csv_1,MAR2026,barclays,20-74-09 60458872,2026-03-02,-79.36,GBP,,,AMAZON* JK6KR63O5     ON 28 FEB BCC,,,0,,Card Purchase,Card Purchase,AMAZON* JK6KR63O5     ON 28 FEB BCC,,,0,,PersonalExpense,Amazon,,0.99,cat_personalexpense_30,strong,0,rule
2026-03-02,765fe5f263e9959eab58eef6bca58420e0f1839d721ba775a810a74fe5d13020,MAR2026_BC_6045_MAR2026.csv_2,MAR2026,barclays,20-74-09 60458872,2026-03-02,-7.0,GBP,,,ALESSIO               COOP FT,,,0,,Funds Transfer,Funds Transfer,ALESSIO               COOP FT,,,0,,PersonalExpense,Alessio,,0.99,override_7,strong,0,rule
2026-03-02,5e661327c128004daaeacef0b69cbed10c1c89ec3d0c9d220190ae1c6502612b,MAR2026_BC_6045_MAR2026.csv_3,MAR2026,barclays,20-74-09 60458872,2026-03-02,-119.48,GBP,,,PIC RE ARGOS PET      PETAG934657920001 DDR,,,451019,,Direct Debit,Direct Debit,PIC RE ARGOS PET      PETAG934657920001 DDR,,,0,,RegularPayment,,,0.99,cat_regularpayment_27,strong,0,rule
2026-03-02,6edaf79503b4c721b9e4d7802183c0554855c0bd31412484ad3b8bdcea3837ca,MAR2026_BC_6045_MAR2026.csv_4,MAR2026,barclays,20-74-09 60458872,2026-03-02,-2938.29,GBP,,,THE HARPUR TRUST D    BVAL000 DDR,,,765055,,Direct Debit,Direct Debit,THE HARPUR TRUST D    BVAL000 DDR,,,0,,SchoolFee,,,0.99,cat_schoolfee_20,strong,0,rule
2026-03-02,1417b740eaaf0a867a86c0bd01d68e63b3a69f6895376add0202beb1648894fe,MAR2026_BC_6045_MAR2026.csv_5,MAR2026,barclays,20-74-09 60458872,2026-03-02,-300.0,GBP,,,G & F VALENTINO       M TUCKER STO,,,0,,Standing Order,Standing Order,G & F VALENTINO       M TUCKER STO,,,0,,Hilltop,,,0.99,cat_hilltop_21,strong,0,rule
2026-03-02,0887c835a59b304d16131dc73fa1e70e24d05cd84ca5b92c5ca96b7dac51227b,MAR2026_BC_6045_MAR2026.csv_6,MAR2026,barclays,20-74-09 60458872,2026-03-02,-50.0,GBP,,,NATIONWIDE            0604/229172770 STO,,,0,,Standing Order,Standing Order,NATIONWIDE            0604/229172770 STO,,,0,,RegularPayment,,,0.99,cat_regularpayment_25,strong,0,rule
2026-03-02,f0d189a6ddc3d3b45ecf855d31b0773550cb554a5830cc4d16e740e714567fc6,MAR2026_BC_6045_MAR2026.csv_7,MAR2026,barclays,20-74-09 60458872,2026-03-02,2938.29,GBP,,,THE HARPUR TRUST D    BVAL000 UNP,,,0,,Unpaid,Unpaid,THE HARPUR TRUST D    BVAL000 UNP,,,0,,SchoolFee,,,0.99,cat_schoolfee_20,strong,0,rule
2026-03-02,1a675f19eecc90943b49dfe7bd4b1bec4e4f6466a48c6262f963b86f3b9e7e99,MAR2026_BC_3072_MAR2026.csv_1,MAR2026,barclays,20-53-97 30728691,2026-03-02,-457.65,GBP,,,TOPAZ FIN JASPER      PRU00010/190859005 DD,,,169547,,Direct Debit,Direct Debit,TOPAZ FIN JASPER      PRU00010/190859005 DD,,,0,F31618ALH,Mortgage,,,0.99,prop_mort_F31618ALH_51,strong,0,rule
2026-03-02,a0eb79cf603f813ec005741d9e84017422158a5e2d6d6f6569c39dc56c2bb33d,MAR2026_BC_3072_MAR2026.csv_2,MAR2026,barclays,20-53-97 30728691,2026-03-02,-887.02,GBP,,,HESSONITE MORTGAGE    TND00001/631516204 DD,,,573997,,Direct Debit,Direct Debit,HESSONITE MORTGAGE    TND00001/631516204 DD,,,0,23CHAM,Mortgage,,,0.99,prop_mort_23CHAM_28,strong,0,rule
2026-03-02,452d0a72d9cdf969aa001157dfa7d3060184bd7af4189d7dddf465105f5d0d50,MAR2026_BC_3072_MAR2026.csv_3,MAR2026,barclays,20-53-97 30728691,2026-03-02,-513.07,GBP,,,TOPAZ RE ROSINCA      ROW20004/560470708 DD,,,169548,,Direct Debit,Direct Debit,TOPAZ RE ROSINCA      ROW20004/560470708 DD,,,0,F2346ALH,Mortgage,,,0.99,prop_mort_F2346ALH_60,strong,0,rule
2026-03-02,1795cfb7e382a01b2bbf3b100ded3f061bef5a071deb1cb7138571767f81c90c,MAR2026_BC_3072_MAR2026.csv_4,MAR2026,barclays,20-53-97 30728691,2026-03-02,-509.79,GBP,,,TOPAZ RE ROSINCA      ROW20004/560471701 DD,,,169548,,Direct Debit,Direct Debit,TOPAZ RE ROSINCA      ROW20004/560471701 DD,,,0,F2046ALH,Mortgage,,,0.99,prop_mort_F2046ALH_59,strong,0,rule
2026-03-02,2e693acab73df4be65341fb6e3260daf38faa2694b39c992798531d673bf75c2,MAR2026_BC_3072_MAR2026.csv_5,MAR2026,barclays,20-53-97 30728691,2026-03-02,-508.92,GBP,,,TOPAZ RE ROSINCA      ROW20004/560471810 DD,,,169548,,Direct Debit,Direct Debit,TOPAZ RE ROSINCA      ROW20004/560471810 DD,,,0,F2246ALH,Mortgage,,,0.99,prop_mort_F2246ALH_58,strong,0,rule
2026-03-02,70d6fc13ae3d98d597542061c27aa0e5c5678adf06b65bfbef4afd15a9db14b0,MAR2026_BC_3072_MAR2026.csv_6,MAR2026,barclays,20-53-97 30728691,2026-03-02,-469.79,GBP,,,TOPAZ RE ROSINCA      ROW20004/560476808 DD,,,169548,,Direct Debit,Direct Debit,TOPAZ RE ROSINCA      ROW20004/560476808 DD,,,0,F61618ALH,Mortgage,,,0.99,prop_mort_F61618ALH_61,strong,0,rule
2026-03-02,21b7f36d5d6a45cfef800c588168dee33c391c44082754f1eeb917a63d2ab5ed,MAR2026_BC_3072_MAR2026.csv_7,MAR2026,barclays,20-53-97 30728691,2026-03-02,-620.94,GBP,,,TOPAZ RE SIBERITE     SIB00001/480016104 DD,,,177794,,Direct Debit,Direct Debit,TOPAZ RE SIBERITE     SIB00001/480016104 DD,,,0,F2146ALH,Mortgage,,,0.99,prop_mort_F2146ALH_38,strong,0,rule
2026-03-02,4aceb25f9220ad06ea0c80653300d15aedbbeced8acfccebf95fe3404afe9e0a,MAR2026_BC_3072_MAR2026.csv_8,MAR2026,barclays,20-53-97 30728691,2026-03-02,-314.84,GBP,,,JASPER MORTGAGES      JAC00002/390255001 DD,,,457918,,Direct Debit,Direct Debit,JASPER MORTGAGES      JAC00002/390255001 DD,,,0,F3321LON,Mortgage,,,0.99,prop_mort_F3321LON_6,strong,0,rule
2026-03-02,bdaa5413c79bf8e72bd5e8e73d20fe8a334b6b1f8c7716081680a0621883a209,MAR2026_BC_3072_MAR2026.csv_9,MAR2026,barclays,20-53-97 30728691,2026-03-02,-313.0,GBP,,,JASPER MORTGAGES      JAC00002/390255110 DD,,,457918,,Direct Debit,Direct Debit,JASPER MORTGAGES      JAC00002/390255110 DD,,,0,F2169FAW,Mortgage,,,0.99,prop_mort_F2169FAW_9,strong,0,rule
2026-03-02,de2431c00922b6efdae2ea6a5a538475bc6de897ad2a8bfbe09c3b7eefebf0a7,MAR2026_BC_3072_MAR2026.csv_10,MAR2026,barclays,20-53-97 30728691,2026-03-02,-37.95,GBP,,,L&G INSURANCE MI      0114399215-260302 DDR,,,511148,,Direct Debit,Direct Debit,L&G INSURANCE MI      0114399215-260302 DDR,,,0,,RegularPayment,,,0.99,cat_regularpayment_27,strong,0,rule
2026-03-02,fe91e8fc64ad6eb3966c8116185e43cf45cb357d3d78d03fa6f57d1cd8b60df0,MAR2026_BC_3072_MAR2026.csv_11,MAR2026,barclays,20-53-97 30728691,2026-03-02,-38.0,GBP,,,BOOTS OPTICIANS       A45028400000736 DDR,,,760589,,Direct Debit,Direct Debit,BOOTS OPTICIANS       A45028400000736 DDR,,,0,,PersonalExpense,Pharmacy/Opticians/Dental,,0.99,cat_regularpayment_27,strong,0,rule
2026-03-02,9eccec1caaaa3c72c353aab11d2b1ef9a23f312666e854b378fc486f483271f4,MAR2026_BC_3072_MAR2026.csv_12,MAR2026,barclays,20-53-97 30728691,2026-03-02,-304.08,GBP,,,BHAM MIDSHIRES        6092036837070000 DDR,,,184800,,Direct Debit,Direct Debit,BHAM MIDSHIRES        6092036837070000 DDR,,,0,F4163FRA,Mortgage,,,0.99,prop_mort_F4163FRA_20,strong,0,rule
2026-03-02,7db19203d3ca79bd37842f6ef858086c4383da73407509fe81dc0c3aa68bcd75,MAR2026_BC_3072_MAR2026.csv_13,MAR2026,barclays,20-53-97 30728691,2026-03-02,-482.31,GBP,,,TOGETHER COMMERCIA    10279063 DDR,,,687470,,Direct Debit,Direct Debit,TOGETHER COMMERCIA    10279063 DDR,,,0,,RegularPayment,SFLoan,,0.99,cat_regularpayment_27,strong,0,rule
2026-03-02,678ff164ae93b15acfb9620af0661cf7436818bdd12a4100adf19ce0c1115063,MAR2026_StarlingStatement_2026-03.csv_10,MAR2026,starling,60-83-71 00558156,2026-03-02,850.0,GBP,ELLIE BARTON,12  Alhambra Road,ELLIE BARTON 12  Alhambra Road,FASTER PAYMENT,63391.43,,REVENUE,,REVENUE,ELLIE BARTON 12  Alhambra Road ELLIE BARTON 12  Alhambra Road FASTER PAYMENT,,,0,F121618ALH,OurRent,,,0.99,prop_rent_F121618ALH_110,strong,0,rule
2026-03-02,6bf99930075f14efb09d63a508753f91f5362a13e2669a6d7424a531906f4e19,MAR2026_StarlingStatement_2026-03.csv_11,MAR2026,starling,60-83-71 00558156,2026-03-02,850.0,GBP,Matthew  Watts,196A KINGSTON ROAD,Matthew  Watts 196A KINGSTON ROAD,FASTER PAYMENT,64241.43,,REVENUE,,REVENUE,Matthew  Watts 196A KINGSTON ROAD Matthew  Watts 196A KINGSTON ROAD FASTER PAYMENT,,,0,196AKIN,OurRent,,,0.99,prop_rent_196AKIN_86,strong,0,rule
2026-03-02,952abdf869af7676bfff1b4d8d6e85d46d676088ddc5f7f346bd286558ada3e3,MAR2026_StarlingStatement_2026-03.csv_12,MAR2026,starling,60-83-71 00558156,2026-03-02,525.0,GBP,DAVIES P+J,FLAT3 321 PO2 9HQ,DAVIES P+J FLAT3 321 PO2 9HQ,FASTER PAYMENT,64766.43,,REVENUE,,REVENUE,DAVIES P+J FLAT3 321 PO2 9HQ DAVIES P+J FLAT3 321 PO2 9HQ FASTER PAYMENT,,,0,F3321LON,OurRent,,,0.99,prop_rent_F3321LON_73,strong,0,rule
2026-03-02,ea39b80adb76e487c13fa317873565d5f737ec1bfdd620fb5712d5e4c8e6e6c9,MAR2026_StarlingStatement_2026-03.csv_13,MAR2026,starling,60-83-71 00558156,2026-03-02,980.0,GBP,Mr A J  FITZGERALD,FLAT 23 4-6 ALHAMB,Mr A J  FITZGERALD FLAT 23 4-6 ALHAMB,FASTER PAYMENT,65746.43,,REVENUE,,REVENUE,Mr A J  FITZGERALD FLAT 23 4-6 ALHAMB Mr A J  FITZGERALD FLAT 23 4-6 ALHAMB FASTER PAYMENT,,,0,F2346ALH,OurRent,,,0.99,prop_rent_F2346ALH_96,strong,0,rule
2026-03-02,d45b63cd89636019311758a468075b04ed0d6ebcc4525c609837c799328c02cb,MAR2026_StarlingStatement_2026-03.csv_14,MAR2026,starling,60-83-71 00558156,2026-03-02,525.0,GBP,Sean Connacher,rent,Sean Connacher rent,FASTER PAYMENT,66271.43,,REVENUE,,REVENUE,Sean Connacher rent Sean Connacher rent FASTER PAYMENT,,,0,F3321LON,OurRent,,,0.99,prop_rent_F3321LON_73,strong,0,rule
2026-03-02,5aaeb6d26a472ff8b992c9a95058f10f4cf8c9a30dd288de1c107cae919859c6,MAR2026_StarlingStatement_2026-03.csv_15,MAR2026,starling,60-83-71 00558156,2026-03-02,-51.16,GBP,TK Maxx,T K MAXX,TK Maxx T K MAXX,CONTACTLESS,66220.27,,OTHER,,OTHER,TK Maxx T K MAXX TK Maxx T K MAXX CONTACTLESS,,,0,,PersonalExpense,Clothing,,0.99,override_25,strong,0,rule
2026-03-02,2e6ab234de16ef9a123e903626bae7f03c17596d528cb15dfef4d0f87a19208c,MAR2026_StarlingStatement_2026-03.csv_16,MAR2026,starling,60-83-71 00558156,2026-03-02,-70.78,GBP,Marks & Spencer,MARKS&SPENCER PLC,Marks & Spencer MARKS&SPENCER PLC,CONTACTLESS,66149.49,,FOOD_AND_DRINK,,FOOD_AND_DRINK,Marks & Spencer MARKS&SPENCER PLC Marks & Spencer MARKS&SPENCER PLC CONTACTLESS,,,0,,PersonalExpense,M&S,,0.99,override_2,strong,0,rule
2026-03-02,7f8c8fd89a27706e4109705ffc0a72ae26d67ac3a8a4c6955d75aaff2e01fdde,MAR2026_StarlingStatement_2026-03.csv_17,MAR2026,starling,60-83-71 00558156,2026-03-02,775.0,GBP,Matt GRANIL,Flat 2 PO4 ODH,Matt GRANIL Flat 2 PO4 ODH,FASTER PAYMENT,66924.49,,REVENUE,,REVENUE,Matt GRANIL Flat 2 PO4 ODH Matt GRANIL Flat 2 PO4 ODH FASTER PAYMENT,,,0,F2169FAW,OurRent,,,0.99,prop_rent_F2169FAW_77,strong,0,rule
2026-03-02,26f027b51e1283799772e5835d5180c2aa05858fc85a6301a7277bceb04f4f77,MAR2026_StarlingStatement_2026-03.csv_18,MAR2026,starling,60-83-71 00558156,2026-03-02,-5457.36,GBP,Ivana Valentino 3072,mortgages,Ivana Valentino 3072 mortgages,FASTER PAYMENT,61467.13,,INTEREST_PAYMENTS,,INTEREST_PAYMENTS,Ivana Valentino 3072 mortgages Ivana Valentino 3072 mortgages FASTER PAYMENT,,,0,,MortgageRefund,Ivana,,0.99,cat_mortgagerefund_15,strong,0,rule
2026-03-03,8cfb222b1505a17ce8db104a98ab0c9a2ade6f5d33bbd823ab6bda7c0763b064,MAR2026_BC_6045_MAR2026.csv_8,MAR2026,barclays,20-74-09 60458872,2026-03-03,3000.0,GBP,,,M Tucker              SF BGC,,,0,,Counter Credit,Counter Credit,M Tucker              SF BGC,,,0,,MTPayment,,,0.99,override_41,strong,0,rule
2026-03-03,d3c8547ef985bba9d6503c0af26848cffe8f32da0b6e40e78665e44ae41d0fd2,MAR2026_BC_6045_MAR2026.csv_9,MAR2026,barclays,20-74-09 60458872,2026-03-03,-42.43,GBP,,,EE LIMITED            Q13077400701571558 DD,,,941284,,Direct Debit,Direct Debit,EE LIMITED            Q13077400701571558 DD,,,0,,RegularPayment,,,0.99,cat_regularpayment_27,strong,0,rule
2026-03-03,b20c2d17ab388fe9c0c12f2a607b5afce01166a6c4990b7af84fd6cdf80d255a,MAR2026_BC_6045_MAR2026.csv_10,MAR2026,barclays,20-74-09 60458872,2026-03-03,-5.0,GBP,,,SOFIA                 LUNCH FT,,,0,,Funds Transfer,Funds Transfer,SOFIA                 LUNCH FT,,,0,,PersonalExpense,Sofia,,0.99,override_8,strong,0,rule
2026-03-03,8521d343c633206e8de1418964a3940462cf7d218d33ef31635d5d49ea6d88a2,MAR2026_BC_3072_MAR2026.csv_14,MAR2026,barclays,20-53-97 30728691,2026-03-03,5457.36,GBP,,,Rsa Capital Limite    mortgages BGC,,,0,,Counter Credit,Counter Credit,Rsa Capital Limite    mortgages BGC,,,0,,Interbank,,,0.99,override_40,strong,0,rule
2026-03-03,b84991dfeb6ee91f72d924e8d6eb599c1a4044a0a7d5458ca4854446aed9e96b,MAR2026_BC_3072_MAR2026.csv_15,MAR2026,barclays,20-53-97 30728691,2026-03-03,-557.12,GBP,,,TOPAZ FIN ROSINCA     BLA00010/134332909 DD,,,169548,,Direct Debit,Direct Debit,TOPAZ FIN ROSINCA     BLA00010/134332909 DD,,,0,F11618ALH,Mortgage,,,0.99,prop_mort_F11618ALH_50,strong,0,rule
2026-03-03,aaed52c578c7b0b9ca4e3237a4969f4d63a0cf51cdf5938a883cc69f7db81da4,MAR2026_BC_3072_MAR2026.csv_16,MAR2026,barclays,20-53-97 30728691,2026-03-03,-457.88,GBP,,,TOPAZ FIN ROSINCA     BLA00010/134333009 DD,,,169548,,Direct Debit,Direct Debit,TOPAZ FIN ROSINCA     BLA00010/134333009 DD,,,0,F111618ALH,Mortgage,,,0.99,prop_mort_F111618ALH_54,strong,0,rule
2026-03-03,f9b396817c0e1fad417d1cac937d34e6759e71afef698d556f8e3b1a6ddfe24e,MAR2026_BC_3072_MAR2026.csv_17,MAR2026,barclays,20-53-97 30728691,2026-03-03,-557.53,GBP,,,TOPAZ FIN ROSINCA     BLA00010/134338410 DD,,,169548,,Direct Debit,Direct Debit,TOPAZ FIN ROSINCA     BLA00010/134338410 DD,,,0,F131618ALH,Mortgage,,,0.99,prop_mort_F131618ALH_56,strong,0,rule
2026-03-03,f4bb033958d24a86cd3cc1dbd05fde6704ac49313f0a9a4a1e8b446cf98c786d,MAR2026_BC_3072_MAR2026.csv_18,MAR2026,barclays,20-53-97 30728691,2026-03-03,-577.53,GBP,,,TOPAZ FIN ROSINCA     BLA00010/134467209 DD,,,169548,,Direct Debit,Direct Debit,TOPAZ FIN ROSINCA     BLA00010/134467209 DD,,,0,F141214ALH,Mortgage,,,0.99,prop_mort_F141214ALH_48,strong,0,rule
2026-03-03,c71e0522b91852bad5de28f88bbf82269be0dd59115013c1afe0fce122b7e695,MAR2026_BC_3072_MAR2026.csv_19,MAR2026,barclays,20-53-97 30728691,2026-03-03,-523.18,GBP,,,TOPAZ FIN ROSINCA     BLA00010/137376006 DD,,,169548,,Direct Debit,Direct Debit,TOPAZ FIN ROSINCA     BLA00010/137376006 DD,,,0,F1171FAW,Mortgage,,,0.99,prop_mort_F1171FAW_14,strong,0,rule
2026-03-03,3546af80978d1f3f4266bd2196153f21424d2249d63f416479eebc1d1d9a43d3,MAR2026_BC_3072_MAR2026.csv_20,MAR2026,barclays,20-53-97 30728691,2026-03-03,-462.83,GBP,,,TOPAZ FIN ROSINCA     BLA00010/137376104 DD,,,169548,,Direct Debit,Direct Debit,TOPAZ FIN ROSINCA     BLA00010/137376104 DD,,,0,F2171FAW,Mortgage,,,0.99,prop_mort_F2171FAW_15,strong,0,rule
2026-03-03,7b27656e75a58e15f4f36335ffc0dfe1b0326e519189438f8bc6be1f034a9b9f,MAR2026_BC_3072_MAR2026.csv_21,MAR2026,barclays,20-53-97 30728691,2026-03-03,-357.62,GBP,,,TOPAZ FIN ROSINCA     BLA00010/130654303 DD,,,169548,,Direct Debit,Direct Debit,TOPAZ FIN ROSINCA     BLA00010/130654303 DD,,,0,F3163FRA,Mortgage,,,0.99,prop_mort_F3163FRA_18,strong,0,rule
2026-03-03,e9a3848439f63ef79579f5ff1e63806405e4d0444a07341e24f2cbf0ad814986,MAR2026_BC_3072_MAR2026.csv_22,MAR2026,barclays,20-53-97 30728691,2026-03-03,-391.84,GBP,,,TOPAZ FIN ROSINCA     BLA00010/131188407 DD,,,169548,,Direct Debit,Direct Debit,TOPAZ FIN ROSINCA     BLA00010/131188407 DD,,,0,F4321LON,Mortgage,,,0.99,prop_mort_F4321LON_7,strong,0,rule
2026-03-03,69d6b34a3fea7adb3b478d2438fcb7457047ba3da77748040f344e4983ade346,MAR2026_BC_3072_MAR2026.csv_23,MAR2026,barclays,20-53-97 30728691,2026-03-03,-391.76,GBP,,,TOPAZ FIN ROSINCA     BLA00010/131992707 DD,,,169548,,Direct Debit,Direct Debit,TOPAZ FIN ROSINCA     BLA00010/131992707 DD,,,0,F1321LON,Mortgage,,,0.99,prop_mort_F1321LON_1,strong,0,rule
2026-03-03,afb5cb3ecb7b1a6b02cba943f9dd82acf509be4873c08f85035538d6c16488f5,MAR2026_BC_3072_MAR2026.csv_24,MAR2026,barclays,20-53-97 30728691,2026-03-03,-352.97,GBP,,,TOPAZ FIN ROSINCA     BLA00010/132514207 DD,,,169548,,Direct Debit,Direct Debit,TOPAZ FIN ROSINCA     BLA00010/132514207 DD,,,0,F1169FAW,Mortgage,,,0.99,prop_mort_F1169FAW_8,strong,0,rule
2026-03-03,0b2d183c524bfba41f17fc256e525cf732d0109b6afc4e3449338b46deb1eb26,MAR2026_BC_3072_MAR2026.csv_25,MAR2026,barclays,20-53-97 30728691,2026-03-03,-457.61,GBP,,,TOPAZ FIN ROSINCA     BLA00010/134121904 DD,,,169548,,Direct Debit,Direct Debit,TOPAZ FIN ROSINCA     BLA00010/134121904 DD,,,0,F111214ALH,Mortgage,,,0.99,prop_mort_F111214ALH_46,strong,0,rule
2026-03-03,839cadf2f219dd97c927b1b522bf7ad324a29e272ab0fcb65cf59943f04d0a83,MAR2026_BC_3072_MAR2026.csv_26,MAR2026,barclays,20-53-97 30728691,2026-03-03,-562.52,GBP,,,TOPAZ FIN JASPER      PRU00010/191462710 DD,,,169547,,Direct Debit,Direct Debit,TOPAZ FIN JASPER      PRU00010/191462710 DD,,,0,F3171FAW,Mortgage,,,0.99,prop_mort_F3171FAW_16,strong,0,rule
2026-03-03,8b05d935199745f3252f96df5942e999c286326467ffb54e1e55f557533efb9d,MAR2026_BC_3072_MAR2026.csv_27,MAR2026,barclays,20-53-97 30728691,2026-03-03,5650.39,GBP,,,Rsa Capital Limite    mortgages BGC,,,0,,Counter Credit,Counter Credit,Rsa Capital Limite    mortgages BGC,,,0,,Interbank,,,0.99,override_40,strong,0,rule
2026-03-03,4cf5839c07d17922a7686931cbdb9fa2bc06b955c3047f3ef8e40784a53cb70d,MAR2026_StarlingStatement_2026-03.csv_19,MAR2026,starling,60-83-71 00558156,2026-03-03,100.0,GBP,THE DISPUTE SERVIC,TDSEW31124612,THE DISPUTE SERVIC TDSEW31124612,FASTER PAYMENT,61567.13,,REVENUE,,REVENUE,THE DISPUTE SERVIC TDSEW31124612 THE DISPUTE SERVIC TDSEW31124612 FASTER PAYMENT,,,0,,Deposit,,,0.99,cat_deposit_5,strong,0,rule
2026-03-03,08be9f13c77702bec5ae856c06f896f31bfb7b6078b50dd2c87dec98d0013aad,MAR2026_StarlingStatement_2026-03.csv_20,MAR2026,starling,60-83-71 00558156,2026-03-03,-30.0,GBP,British Gas,BRITISH GAS,British Gas BRITISH GAS flat 2 321 London Road top up. smart meter,ONLINE PAYMENT,61537.13,,WORKPLACE,,WORKPLACE,British Gas BRITISH GAS British Gas BRITISH GAS flat 2 321 London Road top up. smart meter ONLINE PAYMENT,,,0,F2321LON,OtherExpense,,,0.99,prop_rent_F2321LON_72,strong,0,rule
2026-03-03,7afee11692b5a23cc5fb2b5896095759ad4253fb1dcb79ba41b375a9d1e7c3a1,MAR2026_StarlingStatement_2026-03.csv_21,MAR2026,starling,60-83-71 00558156,2026-03-03,-27.89,GBP,Boots,BOOTS 6407,Boots BOOTS 6407,CONTACTLESS,61509.24,,FOOD_AND_DRINK,,FOOD_AND_DRINK,Boots BOOTS 6407 Boots BOOTS 6407 CONTACTLESS,,,0,,PersonalExpense,Pharmacy/Opticians/Dental,,0.99,override_15,strong,0,rule
2026-03-03,dd876df437b30f82d52e2cd638337a4fe03b762b07984e0c32741724868ca617,MAR2026_StarlingStatement_2026-03.csv_22,MAR2026,starling,60-83-71 00558156,2026-03-03,-5650.39,GBP,Ivana Valentino 3072,mortgages,Ivana Valentino 3072 mortgages,FASTER PAYMENT,55858.85,,INTEREST_PAYMENTS,,INTEREST_PAYMENTS,Ivana Valentino 3072 mortgages Ivana Valentino 3072 mortgages FASTER PAYMENT,,,0,,MortgageRefund,Ivana,,0.99,cat_mortgagerefund_15,strong,0,rule
2026-03-03,deabf9544648985f17e443c5090a947d151ed936c598e7894260868485d0ca2e,MAR2026_StarlingStatement_2026-03.csv_23,MAR2026,starling,60-83-71 00558156,2026-03-03,-9.8,GBP,Co-op,CO OPERATIVE FOOD,Co-op CO OPERATIVE FOOD,CONTACTLESS,55849.05,,REPAIRS_AND_MAINTENANCE,,REPAIRS_AND_MAINTENANCE,Co-op CO OPERATIVE FOOD Co-op CO OPERATIVE FOOD CONTACTLESS,,,0,,PersonalExpense,COOP,,0.99,cat_propertyexpense_19,strong,0,rule
2026-03-03,fde94e0058e4319683f29bea95b3971ef4fe28d9636d12b21df0240c2de08259,MAR2026_StarlingStatement_2026-03.csv_24,MAR2026,starling,60-83-71 00558156,2026-03-03,-30.0,GBP,OVO Energy,WWW.OVOENERGY.COM,OVO Energy WWW.OVOENERGY.COM flat 1 171 fawcett Rd top up electricity,ONLINE PAYMENT,55819.05,,WORKPLACE,,WORKPLACE,OVO Energy WWW.OVOENERGY.COM OVO Energy WWW.OVOENERGY.COM flat 1 171 fawcett Rd top up electricity ONLINE PAYMENT,,,0,F1171FAW,PropertyExpense,,,0.99,prop_rent_F1171FAW_79,strong,0,rule
2026-03-03,1cbd4da833f17c6018bb79fbd39801e8440cadc7f3d80dab370e723823e70c34,MAR2026_StarlingStatement_2026-03.csv_25,MAR2026,starling,60-83-71 00558156,2026-03-03,-17.99,GBP,Amazon Marketplace,AMZNMktplace*039GD6RY5,Amazon Marketplace AMZNMktplace*039GD6RY5,ONLINE PAYMENT,55801.06,,OTHER,,OTHER,Amazon Marketplace AMZNMktplace*039GD6RY5 Amazon Marketplace AMZNMktplace*039GD6RY5 ONLINE PAYMENT,,,0,,OtherExpense,,,0.65,cat_otherexpense_35,catch_all,1,rule
2026-03-04,0403225a9e31a54fcedd4e4343da2e49b6d00e8015896fdf87cc9ae8107f7ef4,MAR2026_BC_6045_MAR2026.csv_11,MAR2026,barclays,20-74-09 60458872,2026-03-04,-10.0,GBP,,,SHEPHERDS FRIENDLY    PN026484A DDR,,,672783,,Direct Debit,Direct Debit,SHEPHERDS FRIENDLY    PN026484A DDR,,,0,,RegularPayment,,,0.99,cat_regularpayment_27,strong,0,rule
2026-03-04,ea69d6268d7d772cd9dd704d2f6cbb39e838d63a7d187ed894d450fc6378873e,MAR2026_BC_6045_MAR2026.csv_12,MAR2026,barclays,20-74-09 60458872,2026-03-04,-10.0,GBP,,,UNITY MUTUAL KU CT    PL684048A VALENTNO ST,,,0,,Standing Order,Standing Order,UNITY MUTUAL KU CT    PL684048A VALENTNO ST,,,0,,RegularPayment,,,0.99,override_19,strong,0,rule
2026-03-04,e74354595a6a65cf851d3fc2c6044a94464e825a68d80af9b730724b57fa26f3,MAR2026_BC_3072_MAR2026.csv_28,MAR2026,barclays,20-53-97 30728691,2026-03-04,-483.54,GBP,,,SKIPTON B.S.          SBS00001/165905969 DD,,,995416,,Direct Debit,Direct Debit,SKIPTON B.S.          SBS00001/165905969 DD,,,0,F88ALH,Mortgage,,,0.99,prop_mort_F88ALH_33,strong,0,rule
2026-03-04,1be51daf8ebf0ee36df997536ebe2cc288da564ab78a5d5401402fd303076336,MAR2026_StarlingStatement_2026-03.csv_26,MAR2026,starling,60-83-71 00558156,2026-03-04,-57.99,GBP,Amazon Marketplace,AMZNMktplace*4R1432VY5,Amazon Marketplace AMZNMktplace*4R1432VY5,ONLINE PAYMENT,55743.07,,OTHER,,OTHER,Amazon Marketplace AMZNMktplace*4R1432VY5 Amazon Marketplace AMZNMktplace*4R1432VY5 ONLINE PAYMENT,,,0,,OtherExpense,,,0.65,cat_otherexpense_35,catch_all,1,rule
2026-03-04,283173bbefb40cad4417aea1eb661731fdc63218c8f620bec22051a063eb1e10,MAR2026_StarlingStatement_2026-03.csv_27,MAR2026,starling,60-83-71 00558156,2026-03-04,1050.0,GBP,A Ancy Treesa Math,23 C HT  MAR RENT,A Ancy Treesa Math 23 C HT  MAR RENT,FASTER PAYMENT,56793.07,,REVENUE,,REVENUE,A Ancy Treesa Math 23 C HT  MAR RENT A Ancy Treesa Math 23 C HT  MAR RENT FASTER PAYMENT,,,0,23CHAM,OurRent,,,0.99,prop_rent_23CHAM_89,strong,0,rule
2026-03-04,6781c443b0acd857be1674bf5415ae4646344a6f38693b513a1e642e77d9a604,MAR2026_StarlingStatement_2026-03.csv_28,MAR2026,starling,60-83-71 00558156,2026-03-04,-13.85,GBP,Co-op,CO OPERATIVE FOOD,Co-op CO OPERATIVE FOOD,CONTACTLESS,56779.22,,REPAIRS_AND_MAINTENANCE,,REPAIRS_AND_MAINTENANCE,Co-op CO OPERATIVE FOOD Co-op CO OPERATIVE FOOD CONTACTLESS,,,0,,PersonalExpense,COOP,,0.99,cat_propertyexpense_19,strong,0,rule
2026-03-04,c81dbcf343ff455282d6d8685c2fe7276292d4605294b8c6ff916b43f22c67f8,MAR2026_StarlingStatement_2026-03.csv_29,MAR2026,starling,60-83-71 00558156,2026-03-04,-1000.0,GBP,Rocco VALENTINO TUCKER,salary p11,Rocco VALENTINO TUCKER salary p11,FASTER PAYMENT,55779.22,,REPAIRS_AND_MAINTENANCE,,REPAIRS_AND_MAINTENANCE,Rocco VALENTINO TUCKER salary p11 Rocco VALENTINO TUCKER salary p11 FASTER PAYMENT,,,0,,PersonalExpense,Rocco,,0.99,cat_propertyexpense_19,strong,0,rule
2026-03-04,50b3ded0c173ea48c3d2e28e85f0359c16b23045a5fc699b638ab5ab257c0cc5,MAR2026_StarlingStatement_2026-03.csv_30,MAR2026,starling,60-83-71 00558156,2026-03-04,-940.0,GBP,Central Energy South Limited,608 1171 faw,Central Energy South Limited 608 1171 faw,FASTER PAYMENT,54839.22,,REPAIRS_AND_MAINTENANCE,,REPAIRS_AND_MAINTENANCE,Central Energy South Limited 608 1171 faw Central Energy South Limited 608 1171 faw FASTER PAYMENT,,,0,F1171FAW,PropertyExpense,,,0.99,prop_rent_F1171FAW_79,strong,0,rule
2026-03-04,ca81a1d2faf2bcb024366c8a1a1f668fd804620d072ae070a08a6482e7dc3070,MAR2026_StarlingStatement_2026-03.csv_31,MAR2026,starling,60-83-71 00558156,2026-03-04,-60.0,GBP,Central Energy South Limited,611 41214 heating,Central Energy South Limited 611 41214 heating,FASTER PAYMENT,54779.22,,REPAIRS_AND_MAINTENANCE,,REPAIRS_AND_MAINTENANCE,Central Energy South Limited 611 41214 heating Central Energy South Limited 611 41214 heating FASTER PAYMENT,,,0,F41214ALH,PropertyExpense,,,0.99,prop_rent_F41214ALH_66,strong,0,rule
2026-03-04,f91cf69bd8fa258e47026733ef2a5c943882f9ee04107ac46ca88eb0e27566e0,MAR2026_StarlingStatement_2026-03.csv_32,MAR2026,starling,60-83-71 00558156,2026-03-04,-37.05,GBP,Marks & Spencer,MARKS&SPENCER PLC SACA,Marks & Spencer MARKS&SPENCER PLC SACA,CONTACTLESS,54742.17,,FOOD_AND_DRINK,,FOOD_AND_DRINK,Marks & Spencer MARKS&SPENCER PLC SACA Marks & Spencer MARKS&SPENCER PLC SACA CONTACTLESS,,,0,,PersonalExpense,M&S,,0.99,override_2,strong,0,rule
2026-03-04,0b3e64d34a73dd9f8e7fc176da070756fd8818bc1fe21f69216a764b1dddd3a2,MAR2026_StarlingStatement_2026-03.csv_33,MAR2026,starling,60-83-71 00558156,2026-03-04,1000.0,GBP,S Bijumon,RENT FOR mar 2026,S Bijumon RENT FOR mar 2026,FASTER PAYMENT,55742.17,,REVENUE,,REVENUE,S Bijumon RENT FOR mar 2026 S Bijumon RENT FOR mar 2026 FASTER PAYMENT,,,0,23BHAM,OurRent,,,0.99,prop_rent_23BHAM_88,strong,0,rule
2026-03-05,2ff10de29ccb8790be44854e371da6d6ab1520a501f53605767e0615c550a0a3,MAR2026_BC_6045_MAR2026.csv_13,MAR2026,barclays,20-74-09 60458872,2026-03-05,-535.27,GBP,,,PAYPAL PAYMENT        5CM22229DF5GW DDR,,,679848,,Direct Debit,Direct Debit,PAYPAL PAYMENT        5CM22229DF5GW DDR,,,0,,RegularPayment,,,0.99,cat_regularpayment_27,strong,0,rule
2026-03-05,9126ec69e9a202ebe163f6f60cc2d4a3e551e999c2fd3f06b10192ad002766c7,MAR2026_BC_6045_MAR2026.csv_14,MAR2026,barclays,20-74-09 60458872,2026-03-05,-11.99,GBP,,,AMZNMktplace*M32D5    ON 04 MAR BCC,,,0,,Card Purchase,Card Purchase,AMZNMktplace*M32D5    ON 04 MAR BCC,,,0,,PersonalExpense,Amazon,,0.99,cat_personalexpense_30,strong,0,rule
2026-03-05,257fb0c9bb5d6b620f820dfe6a8779bad724b428b5876618a043aba5be2c6e0e,MAR2026_BC_6045_MAR2026.csv_15,MAR2026,barclays,20-74-09 60458872,2026-03-05,-34.99,GBP,,,NOW 989BF Sky Spor    ON 04 MAR BCC,,,0,,Card Purchase,Card Purchase,NOW 989BF Sky Spor    ON 04 MAR BCC,,,0,,PersonalExpense,Amazon,,0.99,cat_personalexpense_30,strong,0,rule
2026-03-05,fdedf2d38ef2671f864d1cb578116e6a935b3f7f7c1d5c6656cea9980f771491,MAR2026_BC_3072_MAR2026.csv_29,MAR2026,barclays,20-53-97 30728691,2026-03-05,-59.98,GBP,,,CONNEXIN              T35GBKW DDR,,,297041,,Direct Debit,Direct Debit,CONNEXIN              T35GBKW DDR,,,0,,RegularPayment,,,0.99,cat_regularpayment_27,strong,0,rule
2026-03-05,a83a3bfb5b6debf73131827f7e28b64460f10830a374d5899c2f3770590590e8,MAR2026_BC_4040_MAR2026.csv_1,MAR2026,barclays,20-74-09 40406538,2026-03-05,-34.44,GBP,,,PNET5304976-1         PNET5304976-1 DDR,,,948389,,Direct Debit,Direct Debit,PNET5304976-1         PNET5304976-1 DDR,,,0,,RegularPayment,,,0.99,cat_regularpayment_27,strong,0,rule
2026-03-05,ee269dc25367b87f9d6ca5e8487af6339e05727f108982b6091783a94df05f28,MAR2026_BC_4040_MAR2026.csv_2,MAR2026,barclays,20-74-09 40406538,2026-03-05,34.44,GBP,,,PNET5304976-1         PNET5304976-1 UNP,,,0,,Unpaid,Unpaid,PNET5304976-1         PNET5304976-1 UNP,,,0,,OtherIncome,,,0.65,cat_otherincome_34,catch_all,1,rule
2026-03-05,f44a691fd728e3d764faeb38548d4446ca5595816473b59423d9413e6e209a82,MAR2026_StarlingStatement_2026-03.csv_34,MAR2026,starling,60-83-71 00558156,2026-03-05,184.99,GBP,4 Alhambra,SEQUENCE  UK  LIMI,4 Alhambra SEQUENCE  UK  LIMI,DIRECT CREDIT,55927.16,,REVENUE,,REVENUE,4 Alhambra SEQUENCE  UK  LIMI 4 Alhambra SEQUENCE  UK  LIMI DIRECT CREDIT,,,0,,PropertyExpense,,,0.99,override_1,strong,1,rule
2026-03-05,0f9c88c92af321b8a20634270866b2ae33f668b142d527345c48a44358e1fdfe,MAR2026_StarlingStatement_2026-03.csv_35,MAR2026,starling,60-83-71 00558156,2026-03-05,-43.96,GBP,Home Bargains,HOME BARGAINS,Home Bargains HOME BARGAINS,CONTACTLESS,55883.2,,EQUIPMENT,,EQUIPMENT,Home Bargains HOME BARGAINS Home Bargains HOME BARGAINS CONTACTLESS,,,0,,PersonalExpense,Household,,0.99,override_12,strong,0,rule
2026-03-05,d7c246cfc234ee56b31084a6d2f8ba97ab1eecf4d796a87e19859b0372aa5e73,MAR2026_StarlingStatement_2026-03.csv_36,MAR2026,starling,60-83-71 00558156,2026-03-05,850.0,GBP,DANIELLE FULKER,Flat3171Fawcett,DANIELLE FULKER Flat3171Fawcett,FASTER PAYMENT,56733.2,,REVENUE,,REVENUE,DANIELLE FULKER Flat3171Fawcett DANIELLE FULKER Flat3171Fawcett FASTER PAYMENT,,,0,F3171FAW,OurRent,,,0.99,prop_rent_F3171FAW_81,strong,0,rule
2026-03-05,a38fe553bb5958a95f41ff9e7f9e64785560a3d93439b7dcbd3cf92dd18df868,MAR2026_StarlingStatement_2026-03.csv_37,MAR2026,starling,60-83-71 00558156,2026-03-05,-16.3,GBP,Co-op,CO OPERATIVE FOOD,Co-op CO OPERATIVE FOOD,CONTACTLESS,56716.9,,REPAIRS_AND_MAINTENANCE,,REPAIRS_AND_MAINTENANCE,Co-op CO OPERATIVE FOOD Co-op CO OPERATIVE FOOD CONTACTLESS,,,0,,PersonalExpense,COOP,,0.99,cat_propertyexpense_19,strong,0,rule
2026-03-05,07e5f760e65316f6ca590e529fe5ee76bbf3cb95aad17d18eff66004b21ec7c5,MAR2026_StarlingStatement_2026-03.csv_38,MAR2026,starling,60-83-71 00558156,2026-03-05,-9.45,GBP,Co-op,CO OPERATIVE FOOD,Co-op CO OPERATIVE FOOD,CONTACTLESS,56707.45,,REPAIRS_AND_MAINTENANCE,,REPAIRS_AND_MAINTENANCE,Co-op CO OPERATIVE FOOD Co-op CO OPERATIVE FOOD CONTACTLESS,,,0,,PersonalExpense,COOP,,0.99,cat_propertyexpense_19,strong,0,rule
2026-03-05,7de4b41f2b2da51bb37bf1ec25df8d09ec7b50628563115cc5a994277ec017cd,MAR2026_StarlingStatement_2026-03.csv_39,MAR2026,starling,60-83-71 00558156,2026-03-05,-12.85,GBP,Co-op,CO- OPERATIVE FOOD,Co-op CO- OPERATIVE FOOD,CONTACTLESS,56694.6,,REPAIRS_AND_MAINTENANCE,,REPAIRS_AND_MAINTENANCE,Co-op CO- OPERATIVE FOOD Co-op CO- OPERATIVE FOOD CONTACTLESS,,,0,,PersonalExpense,COOP,,0.99,cat_propertyexpense_19,strong,0,rule
2026-03-05,ea50bceb56e3cf1715f69d31d7955d5b992012fa7d7fc9eb99dfec07d223a744,MAR2026_StarlingStatement_2026-03.csv_40,MAR2026,starling,60-83-71 00558156,2026-03-05,-76.49,GBP,Elstow Service Station,J BROS ELSTOW SERVICE,Elstow Service Station J BROS ELSTOW SERVICE,CHIP & PIN,56618.11,,VEHICLES,,VEHICLES,Elstow Service Station J BROS ELSTOW SERVICE Elstow Service Station J BROS ELSTOW SERVICE CHIP & PIN,,,0,,OtherExpense,,,0.65,cat_otherexpense_35,catch_all,1,rule
2026-03-06,c65e8649d03961626c456e801a3f9edb5d4545002e721510cd9e6fe2bfcee39e,MAR2026_BC_6045_MAR2026.csv_16,MAR2026,barclays,20-74-09 60458872,2026-03-06,1800.0,GBP,,,M Tucker              SF BGC,,,0,,Counter Credit,Counter Credit,M Tucker              SF BGC,,,0,,MTPayment,,,0.99,override_41,strong,0,rule
2026-03-06,325c4c47dec69661dd36cbd915c90fb4d51895b2c6c70ce5090425debc6a87c6,MAR2026_BC_6045_MAR2026.csv_17,MAR2026,barclays,20-74-09 60458872,2026-03-06,-1800.0,GBP,,,SOFIA                 HOLIDAYMONEY FT,,,0,,Funds Transfer,Funds Transfer,SOFIA                 HOLIDAYMONEY FT,,,0,,PersonalExpense,Sofia,,0.99,override_8,strong,0,rule
2026-03-06,d1d2ababdbbc9b991cb5eb8c195f7d0b664a640cb12c4ce185c1b85e3d489fa9,MAR2026_BC_4040_MAR2026.csv_3,MAR2026,barclays,20-74-09 40406538,2026-03-06,100.0,GBP,,,Rsa Capital Limite    trf BGC,,,0,,Counter Credit,Counter Credit,Rsa Capital Limite    trf BGC,,,0,,Interbank,,,0.99,override_40,strong,0,rule
2026-03-06,b4783c1e263c36df441a62db5e1dcff027918a92b068ef319fae7701e1378d5c,MAR2026_BC_4040_MAR2026.csv_4,MAR2026,barclays,20-74-09 40406538,2026-03-06,-50.0,GBP,,,SOFIA VALENTINO-TU    FOOD SHOPPING FT,,,0,,Funds Transfer,Funds Transfer,SOFIA VALENTINO-TU    FOOD SHOPPING FT,,,0,,PersonalExpense,Sofia,,0.99,override_8,strong,0,rule
2026-03-06,b81844a9530a82ac806552f5b2c505278ad9df5ac1780052ed9f6674c5f3bc87,MAR2026_StarlingStatement_2026-03.csv_41,MAR2026,starling,60-83-71 00558156,2026-03-06,-4.25,GBP,Co-op,CO OPERATIVE FOOD,Co-op CO OPERATIVE FOOD,CONTACTLESS,56613.86,,REPAIRS_AND_MAINTENANCE,,REPAIRS_AND_MAINTENANCE,Co-op CO OPERATIVE FOOD Co-op CO OPERATIVE FOOD CONTACTLESS,,,0,,PersonalExpense,COOP,,0.99,cat_propertyexpense_19,strong,0,rule
2026-03-06,ee637fec9c2213cd53886f22e5372096d54fcff7febc90b99728d9af142448c4,MAR2026_StarlingStatement_2026-03.csv_42,MAR2026,starling,60-83-71 00558156,2026-03-06,-12.0,GBP,Marks & Spencer,MARKS&SPENCER PLC SACA,Marks & Spencer MARKS&SPENCER PLC SACA,CONTACTLESS,56601.86,,FOOD_AND_DRINK,,FOOD_AND_DRINK,Marks & Spencer MARKS&SPENCER PLC SACA Marks & Spencer MARKS&SPENCER PLC SACA CONTACTLESS,,,0,,PersonalExpense,M&S,,0.99,override_2,strong,0,rule
2026-03-06,9ebcd39b902361d0387b435e2dd3d77a020177482fbb7463c4831cf51b643d88,MAR2026_StarlingStatement_2026-03.csv_43,MAR2026,starling,60-83-71 00558156,2026-03-06,-100.0,GBP,Ivana  VALENTINO,trf,Ivana  VALENTINO trf,FASTER PAYMENT,56501.86,,STAFF,,STAFF,Ivana  VALENTINO trf Ivana  VALENTINO trf FASTER PAYMENT,,,0,,PersonalExpense,Ivana,,0.99,override_39,strong,0,rule
2026-03-06,cc44266b3c5f2c6eb733782bfc9618869e93301565bce824aad63b5d3a1becd2,MAR2026_StarlingStatement_2026-03.csv_44,MAR2026,starling,60-83-71 00558156,2026-03-06,-320.0,GBP,Jijo George,16 2 321 london rd,Jijo George 16 2 321 london rd,FASTER PAYMENT,56181.86,,REPAIRS_AND_MAINTENANCE,,REPAIRS_AND_MAINTENANCE,Jijo George 16 2 321 london rd Jijo George 16 2 321 london rd FASTER PAYMENT,,,0,F2321LON,PropertyExpense,,,0.99,prop_rent_F2321LON_72,strong,0,rule
2026-03-06,9857dad2c465f7500ffa7086d325fd17e0c64b351c466c7c3546619662458c99,MAR2026_StarlingStatement_2026-03.csv_45,MAR2026,starling,60-83-71 00558156,2026-03-06,-33.46,GBP,Jijo George,2 321 lon repairs,Jijo George 2 321 lon repairs,FASTER PAYMENT,56148.4,,REPAIRS_AND_MAINTENANCE,,REPAIRS_AND_MAINTENANCE,Jijo George 2 321 lon repairs Jijo George 2 321 lon repairs FASTER PAYMENT,,,0,F2321LON,PropertyExpense,,,0.99,prop_rent_F2321LON_72,strong,0,rule
2026-03-07,e0c6a03c06e29421395e9a98d92dcafb01037ba6f45920ed4c10d4b083671962,MAR2026_StarlingStatement_2026-03.csv_46,MAR2026,starling,60-83-71 00558156,2026-03-07,-8.05,GBP,Co-op,CO OPERATIVE FOOD,Co-op CO OPERATIVE FOOD,CONTACTLESS,56140.35,,REPAIRS_AND_MAINTENANCE,,REPAIRS_AND_MAINTENANCE,Co-op CO OPERATIVE FOOD Co-op CO OPERATIVE FOOD CONTACTLESS,,,0,,PersonalExpense,COOP,,0.99,cat_propertyexpense_19,strong,0,rule
2026-03-07,29586727f82c202605d8f4bdce2b96ce72c9d13f2d48ef893d9c95d56bcdb464,MAR2026_StarlingStatement_2026-03.csv_47,MAR2026,starling,60-83-71 00558156,2026-03-07,-14.28,GBP,Co-op,CO OPERATIVE FOOD,Co-op CO OPERATIVE FOOD,CONTACTLESS,56126.07,,REPAIRS_AND_MAINTENANCE,,REPAIRS_AND_MAINTENANCE,Co-op CO OPERATIVE FOOD Co-op CO OPERATIVE FOOD CONTACTLESS,,,0,,PersonalExpense,COOP,,0.99,cat_propertyexpense_19,strong,0,rule
2026-03-07,73eccd33a2c74615e20698a8defebf111cc95d27e2e798012727821dce2e5f30,MAR2026_StarlingStatement_2026-03.csv_48,MAR2026,starling,60-83-71 00558156,2026-03-07,-2.5,GBP,Co-op,CO OPERATIVE FOOD,Co-op CO OPERATIVE FOOD,CONTACTLESS,56123.57,,REPAIRS_AND_MAINTENANCE,,REPAIRS_AND_MAINTENANCE,Co-op CO OPERATIVE FOOD Co-op CO OPERATIVE FOOD CONTACTLESS,,,0,,PersonalExpense,COOP,,0.99,cat_propertyexpense_19,strong,0,rule
2026-03-07,f1bb80605bb2295c5304a317437baf9dafdb59fa1e6a41861c753854485bd163,MAR2026_StarlingStatement_2026-03.csv_49,MAR2026,starling,60-83-71 00558156,2026-03-07,-2.5,GBP,Mk Council,MK COUNCIL - IPS,Mk Council MK COUNCIL - IPS,CONTACTLESS,56121.07,,TRAVEL,,TRAVEL,Mk Council MK COUNCIL - IPS Mk Council MK COUNCIL - IPS CONTACTLESS,,,0,,PersonalExpense,Other,,0.99,override_30,strong,0,rule
2026-03-07,a6dd48a2fcfe46dafdec918e2facf1adf53e2e1373df5108c2f27ad6656299ab,MAR2026_StarlingStatement_2026-03.csv_50,MAR2026,starling,60-83-71 00558156,2026-03-07,-18.5,GBP,Marks & Spencer,MARKS&SPENCER PLC,Marks & Spencer MARKS&SPENCER PLC,CONTACTLESS,56102.57,,FOOD_AND_DRINK,,FOOD_AND_DRINK,Marks & Spencer MARKS&SPENCER PLC Marks & Spencer MARKS&SPENCER PLC CONTACTLESS,,,0,,PersonalExpense,M&S,,0.99,override_2,strong,0,rule
2026-03-07,eef10447fe42d37db9dc8251c3e8f32bb2880a96989b3bf65ccd1d5f63ec1983,MAR2026_StarlingStatement_2026-03.csv_51,MAR2026,starling,60-83-71 00558156,2026-03-07,-2.49,GBP,Google Play,Google One,Google Play Google One,CARD SUBSCRIPTION,56100.08,,ADMIN,,ADMIN,Google Play Google One Google Play Google One CARD SUBSCRIPTION,,,0,,PropertyExpense,,,0.99,cat_propertyexpense_10,strong,1,rule
2026-03-07,a5ef73586ac97b6933950fccad120d84bf381837a44b09973f52b4eebc2f2573,MAR2026_StarlingStatement_2026-03.csv_52,MAR2026,starling,60-83-71 00558156,2026-03-07,-13.0,GBP,IMO Carwash,ANDUFF CAR WASH LIMITE,IMO Carwash ANDUFF CAR WASH LIMITE,CONTACTLESS,56087.08,,VEHICLES,,VEHICLES,IMO Carwash ANDUFF CAR WASH LIMITE IMO Carwash ANDUFF CAR WASH LIMITE CONTACTLESS,,,0,,OtherExpense,,,0.65,cat_otherexpense_35,catch_all,1,rule
2026-03-09,636eda2a30111a1371ee15f0c39773e66c9a3aa9bee9348b4ae135424c9840de,MAR2026_BC_6045_MAR2026.csv_18,MAR2026,barclays,20-74-09 60458872,2026-03-09,-30.0,GBP,,,ROCCO                 TABLETPEN FT,,,0,,Funds Transfer,Funds Transfer,ROCCO                 TABLETPEN FT,,,0,,PersonalExpense,Rocco,,0.99,override_6,strong,0,rule
2026-03-09,8b0aa4c99550982563fae9e29e8a70c791b8345ee86af4a0203ae08cbb176d3a,MAR2026_BC_6045_MAR2026.csv_19,MAR2026,barclays,20-74-09 60458872,2026-03-09,-12.0,GBP,,,ALESSIO               MONEYNANANDBEAN FT,,,0,,Funds Transfer,Funds Transfer,ALESSIO               MONEYNANANDBEAN FT,,,0,,PersonalExpense,Alessio,,0.99,override_7,strong,0,rule
2026-03-09,d951ca7d25bd7b3473b9cc97348b2d994d8b75ef2da8999a86a39a26f5a3a64b,MAR2026_BC_3072_MAR2026.csv_30,MAR2026,barclays,20-53-97 30728691,2026-03-09,-47.02,GBP,,,BHAM MIDSHIRES        6792116703030000 DDR,,,184800,,Direct Debit,Direct Debit,BHAM MIDSHIRES        6792116703030000 DDR,,,0,F3169FAW,Mortgage,,,0.99,prop_mort_F3169FAW_13,strong,0,rule
2026-03-09,6c9a58b23e35ae7f60e6f6792310997c5d91d59b9cfa102e3185f562834ead16,MAR2026_BC_3072_MAR2026.csv_31,MAR2026,barclays,20-53-97 30728691,2026-03-09,-512.53,GBP,,,BHAM MIDSHIRES        6092076502030000 DDR,,,184800,,Direct Debit,Direct Debit,BHAM MIDSHIRES        6092076502030000 DDR,,,0,196BKIN,Mortgage,,,0.99,prop_mort_196BKIN_25,strong,0,rule
2026-03-09,e3a2acce05c1be114432be86dc2fa95c8c633c8195e503aebfde8ad37cd5367c,MAR2026_BC_4040_MAR2026.csv_5,MAR2026,barclays,20-74-09 40406538,2026-03-09,-10.0,GBP,,,ROCCO VALENTINO       QUIZLET FT,,,0,,Funds Transfer,Funds Transfer,ROCCO VALENTINO       QUIZLET FT,,,0,,PersonalExpense,Rocco,,0.99,override_6,strong,0,rule
2026-03-09,9228cc66163a6bb85cc1ef44368239fa300d19dfb17d5542f35bb8800aa1b337,MAR2026_StarlingStatement_2026-03.csv_53,MAR2026,starling,60-83-71 00558156,2026-03-09,825.0,GBP,J BOTTLE,RENT,J BOTTLE RENT,FASTER PAYMENT,56912.08,,REVENUE,,REVENUE,J BOTTLE RENT J BOTTLE RENT FASTER PAYMENT,,,0,F58ALH,OurRent,,,0.99,prop_rent_F58ALH_97,strong,0,rule
2026-03-09,a7268dc4e84545fce224848a666d85485bab6d3e0d38942fe62e4e518310e3f8,MAR2026_StarlingStatement_2026-03.csv_54,MAR2026,starling,60-83-71 00558156,2026-03-09,-9.8,GBP,Amazon Marketplace,AMZNMktplace*M10FA02W5,Amazon Marketplace AMZNMktplace*M10FA02W5,ONLINE PAYMENT,56902.28,,OTHER,,OTHER,Amazon Marketplace AMZNMktplace*M10FA02W5 Amazon Marketplace AMZNMktplace*M10FA02W5 ONLINE PAYMENT,,,0,,OtherExpense,,,0.65,cat_otherexpense_35,catch_all,1,rule
2026-03-10,26187dff43d4056de23e3e995619401e84cfdc5318b7d782daa7b94bab138edc,MAR2026_BC_6045_MAR2026.csv_20,MAR2026,barclays,20-74-09 60458872,2026-03-10,-5.0,GBP,,,ROCCO                 LUNCH FT,,,0,,Funds Transfer,Funds Transfer,ROCCO                 LUNCH FT,,,0,,PersonalExpense,Rocco,,0.99,override_6,strong,0,rule
2026-03-10,f0c95ff03a45b554f05f1fe8cfa7ef121386eee90043e078133fb1acce52083a,MAR2026_BC_3072_MAR2026.csv_32,MAR2026,barclays,20-53-97 30728691,2026-03-10,-352.32,GBP,,,BHAM MIDSHIRES        6092096352060000 DDR,,,184800,,Direct Debit,Direct Debit,BHAM MIDSHIRES        6092096352060000 DDR,,,0,F41214ALH,Mortgage,,,0.99,prop_mort_F41214ALH_43,strong,0,rule
2026-03-10,9cac64094114b0613572ee7335db6f0769c5eca204297ab1da2a929be51af323,MAR2026_BC_4040_MAR2026.csv_6,MAR2026,barclays,20-74-09 40406538,2026-03-10,-26.7,GBP,,,NANDOS.CO.UK          ON 09 MAR BCC,,,0,,Card Purchase,Card Purchase,NANDOS.CO.UK          ON 09 MAR BCC,,,0,,PersonalExpense,EatingOut,,0.99,cat_personalexpense_30,strong,0,rule
2026-03-10,efa7ecaf5287a701888b26f8eba72071979ce84ab181986f0200047567a45409,MAR2026_StarlingStatement_2026-03.csv_55,MAR2026,starling,60-83-71 00558156,2026-03-10,-6.45,GBP,Budgens,BUDGENS,Budgens BUDGENS,CONTACTLESS,56895.83,,FOOD_AND_DRINK,,FOOD_AND_DRINK,Budgens BUDGENS Budgens BUDGENS CONTACTLESS,,,0,,PersonalExpense,Budgens,,0.99,override_35,strong,0,rule
2026-03-10,798b98f0211c3a3f8cb929090f1abc15188cac0648c57404de7a87f59e4e86a0,MAR2026_StarlingStatement_2026-03.csv_56,MAR2026,starling,60-83-71 00558156,2026-03-10,-14.5,GBP,Co-op,CO OPERATIVE FOOD,Co-op CO OPERATIVE FOOD,CONTACTLESS,56881.33,,REPAIRS_AND_MAINTENANCE,,REPAIRS_AND_MAINTENANCE,Co-op CO OPERATIVE FOOD Co-op CO OPERATIVE FOOD CONTACTLESS,,,0,,PersonalExpense,COOP,,0.99,cat_propertyexpense_19,strong,0,rule
2026-03-10,d983a7cb7f6b44c5b41d144902cc4f67bd1e86383f41ee66a0feec8c31fc13b2,MAR2026_StarlingStatement_2026-03.csv_57,MAR2026,starling,60-83-71 00558156,2026-03-10,-5.25,GBP,Co-op,CO OPERATIVE FOOD,Co-op CO OPERATIVE FOOD,CONTACTLESS,56876.08,,REPAIRS_AND_MAINTENANCE,,REPAIRS_AND_MAINTENANCE,Co-op CO OPERATIVE FOOD Co-op CO OPERATIVE FOOD CONTACTLESS,,,0,,PersonalExpense,COOP,,0.99,cat_propertyexpense_19,strong,0,rule
2026-03-11,63b61bdaf59b7396e01fa1bee62db450941fd1ea2542406c06f56628a01093a4,MAR2026_BC_6045_MAR2026.csv_21,MAR2026,barclays,20-74-09 60458872,2026-03-11,-9.99,GBP,,,NOW 4CE60 Entertai    ON 10 MAR BCC,,,0,,Card Purchase,Card Purchase,NOW 4CE60 Entertai    ON 10 MAR BCC,,,0,,PersonalExpense,Amazon,,0.99,cat_personalexpense_30,strong,0,rule
2026-03-11,c85f4548d745e454cfabdc059173d1dc8023ea0c2b8d50005e5ed2e47accf6f0,MAR2026_BC_4040_MAR2026.csv_7,MAR2026,barclays,20-74-09 40406538,2026-03-11,-8.0,GBP,,,ID MOBILE LIMITED     12253154/001 DDR,,,298372,,Direct Debit,Direct Debit,ID MOBILE LIMITED     12253154/001 DDR,,,0,,RegularPayment,,,0.99,cat_regularpayment_27,strong,0,rule
2026-03-11,1f3bf14d24b4c9b7ad2c0f8904ce55677f72cdbc043f725019a566cc62edca47,MAR2026_BC_4040_MAR2026.csv_8,MAR2026,barclays,20-74-09 40406538,2026-03-11,100.0,GBP,,,Rsa Capital Limite    trf BGC,,,0,,Counter Credit,Counter Credit,Rsa Capital Limite    trf BGC,,,0,,Interbank,,,0.99,override_40,strong,0,rule
2026-03-11,10ac90b36b157b05687dcba73688b969c93ced6b605dbf6de2969008bb6880d3,MAR2026_BC_4040_MAR2026.csv_9,MAR2026,barclays,20-74-09 40406538,2026-03-11,-30.0,GBP,,,SOFIA VALENTINO-TU    FOOD FT,,,0,,Funds Transfer,Funds Transfer,SOFIA VALENTINO-TU    FOOD FT,,,0,,PersonalExpense,Sofia,,0.99,override_8,strong,0,rule
2026-03-11,fa8f7e2aaf6099e0f03f23cce7474049a56cc6bae6752af59ed046f4fa4af986,MAR2026_StarlingStatement_2026-03.csv_58,MAR2026,starling,60-83-71 00558156,2026-03-11,900.0,GBP,Brett Ricketts,"8, 8 Alhambra","Brett Ricketts 8, 8 Alhambra",FASTER PAYMENT,57776.08,,REVENUE,,REVENUE,"Brett Ricketts 8, 8 Alhambra Brett Ricketts 8, 8 Alhambra FASTER PAYMENT",,,0,F3163FRA,OurRent,,,0.99,prop_rent_F3163FRA_83,strong,0,rule
2026-03-11,18613cba061851a8774e01b189ccfc67bc53df5fd01a41092969f2b00b473d31,MAR2026_StarlingStatement_2026-03.csv_59,MAR2026,starling,60-83-71 00558156,2026-03-11,-43.44,GBP,Marks & Spencer,MARKS&SPENCER PLC SACA,Marks & Spencer MARKS&SPENCER PLC SACA,CONTACTLESS,57732.64,,FOOD_AND_DRINK,,FOOD_AND_DRINK,Marks & Spencer MARKS&SPENCER PLC SACA Marks & Spencer MARKS&SPENCER PLC SACA CONTACTLESS,,,0,,PersonalExpense,M&S,,0.99,override_2,strong,0,rule
2026-03-11,d453a9c3e28a338b1a472084e2fb14952a395e0473f6f9fb2434f2442c281fc3,MAR2026_StarlingStatement_2026-03.csv_60,MAR2026,starling,60-83-71 00558156,2026-03-11,-100.0,GBP,Ivana  VALENTINO,trf,Ivana  VALENTINO trf,FASTER PAYMENT,57632.64,,FOOD_AND_DRINK,,FOOD_AND_DRINK,Ivana  VALENTINO trf Ivana  VALENTINO trf FASTER PAYMENT,,,0,,PersonalExpense,Ivana,,0.99,override_39,strong,0,rule
2026-03-12,cda4b7b1ec260a49ab5e48f0b0135f47f74b9b70a7a8f4944b785ae87819308f,MAR2026_BC_6045_MAR2026.csv_22,MAR2026,barclays,20-74-09 60458872,2026-03-12,-6.0,GBP,,,NOW 4F3A7 GB Basic    ON 11 MAR BCC,,,0,,Card Purchase,Card Purchase,NOW 4F3A7 GB Basic    ON 11 MAR BCC,,,0,,PersonalExpense,Amazon,,0.99,cat_personalexpense_30,strong,0,rule
2026-03-12,d2452ef810964a696e84850963a7aaf488336217ab68d470e455243d1b77fefc,MAR2026_BC_3072_MAR2026.csv_33,MAR2026,barclays,20-53-97 30728691,2026-03-12,-330.57,GBP,,,BHAM MIDSHIRES        6092021491040000 DDR,,,184800,,Direct Debit,Direct Debit,BHAM MIDSHIRES        6092021491040000 DDR,,,0,F3169FAW,Mortgage,,,0.99,prop_mort_F3169FAW_11,strong,0,rule
2026-03-12,23ff4d074a8528012ae0f13baf9070626ba8e485842ebe0338bd3555172b7f83,MAR2026_BC_3072_MAR2026.csv_34,MAR2026,barclays,20-53-97 30728691,2026-03-12,-37.68,GBP,,,AVIVA LIFE            014033997 DDR,,,990457,,Direct Debit,Direct Debit,AVIVA LIFE            014033997 DDR,,,0,,RegularPayment,,,0.99,cat_regularpayment_27,strong,0,rule
2026-03-12,6fc020d5d9957f5caa2de364aa8318aff97d6e311b2597d29e5d47a2582c7296,MAR2026_StarlingStatement_2026-03.csv_61,MAR2026,starling,60-83-71 00558156,2026-03-12,800.0,GBP,Samuel Kirwin,Rent 5 12-14 SK,Samuel Kirwin Rent 5 12-14 SK,FASTER PAYMENT,58432.64,,REVENUE,,REVENUE,Samuel Kirwin Rent 5 12-14 SK Samuel Kirwin Rent 5 12-14 SK FASTER PAYMENT,,,0,F51214ALH,OurRent,,,0.99,prop_rent_F51214ALH_107,strong,0,rule
2026-03-12,756439cbd4989cae457c48bc7d86ad92b79d1d388fcfd644e47dd7b6a52f3ab8,MAR2026_StarlingStatement_2026-03.csv_62,MAR2026,starling,60-83-71 00558156,2026-03-12,-29.86,GBP,Boots,"BOOTS,MILTON","Boots BOOTS,MILTON",CONTACTLESS,58402.78,,FOOD_AND_DRINK,,FOOD_AND_DRINK,"Boots BOOTS,MILTON Boots BOOTS,MILTON CONTACTLESS",,,0,,PersonalExpense,Pharmacy/Opticians/Dental,,0.99,override_15,strong,0,rule
2026-03-12,a62593d25cedf85a212bd8434c888b69f507b75973454c40c31a1d4d7f96d5e7,MAR2026_StarlingStatement_2026-03.csv_63,MAR2026,starling,60-83-71 00558156,2026-03-12,-13.74,GBP,Superdrug,SUPERDRUG STORES PLC,Superdrug SUPERDRUG STORES PLC,CONTACTLESS,58389.04,,OTHER,,OTHER,Superdrug SUPERDRUG STORES PLC Superdrug SUPERDRUG STORES PLC CONTACTLESS,,,0,,OtherExpense,,,0.65,cat_otherexpense_35,catch_all,1,rule
2026-03-12,09472a01dc7311b54b82b805f74ff52da31ab910b9737b43a5630931a7574758,MAR2026_StarlingStatement_2026-03.csv_64,MAR2026,starling,60-83-71 00558156,2026-03-12,-6.5,GBP,Co-op,CO- OPERATIVE FOOD,Co-op CO- OPERATIVE FOOD,CONTACTLESS,58382.54,,REPAIRS_AND_MAINTENANCE,,REPAIRS_AND_MAINTENANCE,Co-op CO- OPERATIVE FOOD Co-op CO- OPERATIVE FOOD CONTACTLESS,,,0,,PersonalExpense,COOP,,0.99,cat_propertyexpense_19,strong,0,rule
2026-03-12,2baf1c05daf55d4cc4398a3ea4d6cdb1900ec81882a03edb88a68943b013d4f6,MAR2026_StarlingStatement_2026-03.csv_65,MAR2026,starling,60-83-71 00558156,2026-03-12,-2.9,GBP,Co-op,CO- OPERATIVE FOOD,Co-op CO- OPERATIVE FOOD,CONTACTLESS,58379.64,,REPAIRS_AND_MAINTENANCE,,REPAIRS_AND_MAINTENANCE,Co-op CO- OPERATIVE FOOD Co-op CO- OPERATIVE FOOD CONTACTLESS,,,0,,PersonalExpense,COOP,,0.99,cat_propertyexpense_19,strong,0,rule
2026-03-12,26176c6643f9dd66f67fb508ddee835e86b115944a4adec0b297e95ef040b4f1,MAR2026_StarlingStatement_2026-03.csv_66,MAR2026,starling,60-83-71 00558156,2026-03-12,-25.68,GBP,Marks & Spencer,MARKS&SPENCER PLC,Marks & Spencer MARKS&SPENCER PLC,CONTACTLESS,58353.96,,FOOD_AND_DRINK,,FOOD_AND_DRINK,Marks & Spencer MARKS&SPENCER PLC Marks & Spencer MARKS&SPENCER PLC CONTACTLESS,,,0,,PersonalExpense,M&S,,0.99,override_2,strong,0,rule
2026-03-12,62d3a1380143ea88c2a62fb544ab069b92acbaafc51137a181d49fc5497c4615,MAR2026_StarlingStatement_2026-03.csv_67,MAR2026,starling,60-83-71 00558156,2026-03-12,-115.0,GBP,Central Energy South Limited,628 3 12-14 toilet,Central Energy South Limited 628 3 12-14 toilet,FASTER PAYMENT,58238.96,,REPAIRS_AND_MAINTENANCE,,REPAIRS_AND_MAINTENANCE,Central Energy South Limited 628 3 12-14 toilet Central Energy South Limited 628 3 12-14 toilet FASTER PAYMENT,,,0,F31214ALH,PropertyExpense,,,0.99,prop_rent_F31214ALH_105,strong,0,rule
2026-03-12,0150bd6d6e7f969f6efff42fbfd738983c8bedabdd61bc9908e2edaee313ab80,MAR2026_StarlingStatement_2026-03.csv_68,MAR2026,starling,60-83-71 00558156,2026-03-12,-594.0,GBP,Symonds Maintenance Services Ltd,5432  2321 garden,Symonds Maintenance Services Ltd 5432  2321 garden,FASTER PAYMENT,57644.96,,REPAIRS_AND_MAINTENANCE,,REPAIRS_AND_MAINTENANCE,Symonds Maintenance Services Ltd 5432  2321 garden Symonds Maintenance Services Ltd 5432  2321 garden FASTER PAYMENT,,,0,F2321LON,PropertyExpense,,,0.99,prop_rent_F2321LON_72,strong,0,rule
2026-03-12,a6be42ac9555b69fdea7c9ebdc391bc88a46768f1caf29e77204258047e9427d,MAR2026_StarlingStatement_2026-03.csv_69,MAR2026,starling,60-83-71 00558156,2026-03-12,-1823.64,GBP,Ivana Valentino 3072,mortgages,Ivana Valentino 3072 mortgages,FASTER PAYMENT,55821.32,,INTEREST_PAYMENTS,,INTEREST_PAYMENTS,Ivana Valentino 3072 mortgages Ivana Valentino 3072 mortgages FASTER PAYMENT,,,0,,MortgageRefund,Ivana,,0.99,cat_mortgagerefund_15,strong,0,rule
2026-03-13,de6189563c6a5623913a597c0b94b7f831162cf4dafc5121e0c1aaacdcd7ce43,MAR2026_BC_6045_MAR2026.csv_23,MAR2026,barclays,20-74-09 60458872,2026-03-13,-2938.29,GBP,,,THE HARPUR TRUST      BVAL000 71363 FT,,,0,,Funds Transfer,Funds Transfer,THE HARPUR TRUST      BVAL000 71363 FT,,,0,,SchoolFee,,,0.99,cat_schoolfee_20,strong,0,rule
2026-03-13,b063dd6a3060235ce2de3c14a0d7e4fc238733edfb89a7a4320615da362bbca0,MAR2026_BC_6045_MAR2026.csv_24,MAR2026,barclays,20-74-09 60458872,2026-03-13,3369.3,GBP,,,M Tucker              SF BGC,,,0,,Counter Credit,Counter Credit,M Tucker              SF BGC,,,0,,MTPayment,,,0.99,override_41,strong,0,rule
2026-03-13,426fcd780e5a12f4e047812e985c3377876b2227c7c6e88c88b29cd9df53cb51,MAR2026_BC_3072_MAR2026.csv_35,MAR2026,barclays,20-53-97 30728691,2026-03-13,1823.64,GBP,,,Rsa Capital Limite    mortgages BGC,,,0,,Counter Credit,Counter Credit,Rsa Capital Limite    mortgages BGC,,,0,,Interbank,,,0.99,override_40,strong,0,rule
2026-03-13,b787759dafdb268af39e9610184152f6fc87f5e61db91ae734f8b94aed9fc9d5,MAR2026_StarlingStatement_2026-03.csv_70,MAR2026,starling,60-83-71 00558156,2026-03-13,850.0,GBP,Lucinda Francis,"7, 8 Alhambra Road","Lucinda Francis 7, 8 Alhambra Road",FASTER PAYMENT,56671.32,,REVENUE,,REVENUE,"Lucinda Francis 7, 8 Alhambra Road Lucinda Francis 7, 8 Alhambra Road FASTER PAYMENT",,,0,F78ALH,OurRent,,,0.99,prop_rent_F78ALH_99,strong,0,rule
2026-03-13,f85c28e99e4614cb7650f4fedb646ed55f737d27cb51e04896a4d3c30b47cdbe,MAR2026_StarlingStatement_2026-03.csv_71,MAR2026,starling,60-83-71 00558156,2026-03-13,-27.55,GBP,Trainline,TRAINLINE,Trainline TRAINLINE,ONLINE PAYMENT,56643.77,,TRAVEL,,TRAVEL,Trainline TRAINLINE Trainline TRAINLINE ONLINE PAYMENT,,,0,,OtherExpense,,,0.65,cat_otherexpense_35,catch_all,1,rule
2026-03-13,3646bb167691151241d12b4c84dfff4c4efda6aee818dc083a73e39b014752fc,MAR2026_StarlingStatement_2026-03.csv_72,MAR2026,starling,60-83-71 00558156,2026-03-13,-91.37,GBP,New County Service Sta,NEW COUNTY SERVICE STA,New County Service Sta NEW COUNTY SERVICE STA,CHIP & PIN,56552.4,,VEHICLES,,VEHICLES,New County Service Sta NEW COUNTY SERVICE STA New County Service Sta NEW COUNTY SERVICE STA CHIP & PIN,,,0,,PersonalExpense,Garage,,0.99,override_5,strong,0,rule
2026-03-13,ff3fa551273aa7c6835663b0eb6622ed1ea72263055b307ca9472cd216a52b67,MAR2026_StarlingStatement_2026-03.csv_73,MAR2026,starling,60-83-71 00558156,2026-03-13,-42.52,GBP,ALDI,ALDI STORES 776-97,ALDI ALDI STORES 776-97,CONTACTLESS,56509.88,,FOOD_AND_DRINK,,FOOD_AND_DRINK,ALDI ALDI STORES 776-97 ALDI ALDI STORES 776-97 CONTACTLESS,,,0,,PersonalExpense,ALDI,,0.99,override_20,strong,0,rule
2026-03-14,93d394ea28753b9e2b1068f674fe7f1f9533458fe39ca0f00f7ee80560ec19e5,MAR2026_StarlingStatement_2026-03.csv_74,MAR2026,starling,60-83-71 00558156,2026-03-14,900.0,GBP,Lauren Bullock,LBULLOCK-17-Alhamb,Lauren Bullock LBULLOCK-17-Alhamb,FASTER PAYMENT,57409.88,,REVENUE,,REVENUE,Lauren Bullock LBULLOCK-17-Alhamb Lauren Bullock LBULLOCK-17-Alhamb FASTER PAYMENT,,,0,F1746ALH,OurRent,,,0.99,prop_rent_F1746ALH_90,strong,0,rule
2026-03-14,4b76159c393b3b6cd89ee4b01dadb69c0eb471526023a34f85011209e1f9aa8a,MAR2026_StarlingStatement_2026-03.csv_75,MAR2026,starling,60-83-71 00558156,2026-03-14,-20.0,GBP,British Gas,BRITISH GAS,British Gas BRITISH GAS,CARD PAYMENT,57389.88,,WORKPLACE,,WORKPLACE,British Gas BRITISH GAS British Gas BRITISH GAS CARD PAYMENT,,,0,,OtherExpense,,,0.65,cat_otherexpense_35,catch_all,1,rule
2026-03-14,f2125c7e4ac197366aa51207ff11796f8cf3894d82a3e7ed219f4de743fd9906,MAR2026_StarlingStatement_2026-03.csv_76,MAR2026,starling,60-83-71 00558156,2026-03-14,-148.76,GBP,Tesco,TESCO STORES 2547,Tesco TESCO STORES 2547,CHIP & PIN,57241.12,,FOOD_AND_DRINK,,FOOD_AND_DRINK,Tesco TESCO STORES 2547 Tesco TESCO STORES 2547 CHIP & PIN,,,0,,PersonalExpense,Tesco,,0.99,override_9,strong,0,rule
2026-03-14,27f092a35aed9c98f53b5f1d490eaa04c68ea4b596a76db595641bfc7d97a171,MAR2026_StarlingStatement_2026-03.csv_77,MAR2026,starling,60-83-71 00558156,2026-03-14,-3.7,GBP,Co-op,CO OPERATIVE FOOD,Co-op CO OPERATIVE FOOD,CONTACTLESS,57237.42,,REPAIRS_AND_MAINTENANCE,,REPAIRS_AND_MAINTENANCE,Co-op CO OPERATIVE FOOD Co-op CO OPERATIVE FOOD CONTACTLESS,,,0,,PersonalExpense,COOP,,0.99,cat_propertyexpense_19,strong,0,rule
2026-03-14,af9fd0f5c48e2a68fc95509550ebaf41e1afbb86a290db0fd85f1dbc954a9177,MAR2026_StarlingStatement_2026-03.csv_78,MAR2026,starling,60-83-71 00558156,2026-03-14,-15.99,GBP,Peter Taperek,23 3-6 repair,Peter Taperek 23 3-6 repair,FASTER PAYMENT,57221.43,,REPAIRS_AND_MAINTENANCE,,REPAIRS_AND_MAINTENANCE,Peter Taperek 23 3-6 repair Peter Taperek 23 3-6 repair FASTER PAYMENT,,,0,,PropertyExpense,,,0.99,cat_propertyexpense_19,strong,1,rule
2026-03-14,ebf771ba391ae0a9883e3aaa6fa1463aa769fdcbf14f98afcea5c77bdb2f8a2e,MAR2026_StarlingStatement_2026-03.csv_79,MAR2026,starling,60-83-71 00558156,2026-03-14,-30.45,GBP,Peter Taperek,2 321 oven glass,Peter Taperek 2 321 oven glass,FASTER PAYMENT,57190.98,,REPAIRS_AND_MAINTENANCE,,REPAIRS_AND_MAINTENANCE,Peter Taperek 2 321 oven glass Peter Taperek 2 321 oven glass FASTER PAYMENT,,,0,F2321LON,PropertyExpense,,,0.99,prop_rent_F2321LON_72,strong,0,rule
2026-03-14,d0a4dea49990b405800dd6ef6282fef58d1ae8084b94367f67ded4af624bca4f,MAR2026_StarlingStatement_2026-03.csv_80,MAR2026,starling,60-83-71 00558156,2026-03-14,-24.33,GBP,Peter Taperek,23 4-6 foam,Peter Taperek 23 4-6 foam,FASTER PAYMENT,57166.65,,REPAIRS_AND_MAINTENANCE,,REPAIRS_AND_MAINTENANCE,Peter Taperek 23 4-6 foam Peter Taperek 23 4-6 foam FASTER PAYMENT,,,0,F2346ALH,PropertyExpense,,,0.99,prop_rent_F2346ALH_96,strong,0,rule
2026-03-14,aeed9dc8c98764b4490d507c2b9d5950e9085620194891b5ae28c13ca0f8bbb7,MAR2026_StarlingStatement_2026-03.csv_81,MAR2026,starling,60-83-71 00558156,2026-03-14,-23.26,GBP,Peter Taperek,22 4_6 maintenance,Peter Taperek 22 4_6 maintenance,FASTER PAYMENT,57143.39,,REPAIRS_AND_MAINTENANCE,,REPAIRS_AND_MAINTENANCE,Peter Taperek 22 4_6 maintenance Peter Taperek 22 4_6 maintenance FASTER PAYMENT,,,0,,PropertyExpense,,,0.99,cat_propertyexpense_19,strong,1,rule
2026-03-14,e761ad0130abc93cc012f3c0f1259a955d8ac887165836c850ea6824618d34f2,MAR2026_StarlingStatement_2026-03.csv_82,MAR2026,starling,60-83-71 00558156,2026-03-14,-3.3,GBP,BP,BEDFORD SF CONNECT,BP BEDFORD SF CONNECT,CONTACTLESS,57140.09,,VEHICLES,,VEHICLES,BP BEDFORD SF CONNECT BP BEDFORD SF CONNECT CONTACTLESS,,,0,,OtherExpense,,,0.65,cat_otherexpense_35,catch_all,1,rule
2026-03-14,36b9ba965164e4dc22265578aba804521507c42e722fe122fb9caf4c0ef065d8,MAR2026_StarlingStatement_2026-03.csv_83,MAR2026,starling,60-83-71 00558156,2026-03-14,-20.67,GBP,Peter Taperek,234_6 silicone,Peter Taperek 234_6 silicone,FASTER PAYMENT,57119.42,,REPAIRS_AND_MAINTENANCE,,REPAIRS_AND_MAINTENANCE,Peter Taperek 234_6 silicone Peter Taperek 234_6 silicone FASTER PAYMENT,,,0,,PropertyExpense,,,0.99,cat_propertyexpense_19,strong,1,rule
2026-03-14,b6d26c7a84ddf51e2804f7488210435aae88ef5990be99e177aac09809affaa6,MAR2026_StarlingStatement_2026-03.csv_84,MAR2026,starling,60-83-71 00558156,2026-03-14,-12.3,GBP,Peter Taperek,23 5-6,Peter Taperek 23 5-6,FASTER PAYMENT,57107.12,,REPAIRS_AND_MAINTENANCE,,REPAIRS_AND_MAINTENANCE,Peter Taperek 23 5-6 Peter Taperek 23 5-6 FASTER PAYMENT,,,0,,PropertyExpense,,,0.99,cat_propertyexpense_19,strong,1,rule
2026-03-14,96ab6ddfeaf2618e69a76fd5167f80b3749c022e0b6f379392af1834cd60353d,MAR2026_StarlingStatement_2026-03.csv_85,MAR2026,starling,60-83-71 00558156,2026-03-14,-9.99,GBP,Peter Taperek,11618 lights,Peter Taperek 11618 lights,FASTER PAYMENT,57097.13,,REPAIRS_AND_MAINTENANCE,,REPAIRS_AND_MAINTENANCE,Peter Taperek 11618 lights Peter Taperek 11618 lights FASTER PAYMENT,,,0,,PropertyExpense,,,0.99,cat_propertyexpense_19,strong,1,rule
2026-03-15,72bab4396235af9205c551e2555c219bd373f5b6de476e728d1b95bba2d3cfea,MAR2026_StarlingStatement_2026-03.csv_86,MAR2026,starling,60-83-71 00558156,2026-03-15,-29.4,GBP,Marks & Spencer,MARKS&SPENCER PLC SACA,Marks & Spencer MARKS&SPENCER PLC SACA,CONTACTLESS,57067.73,,FOOD_AND_DRINK,,FOOD_AND_DRINK,Marks & Spencer MARKS&SPENCER PLC SACA Marks & Spencer MARKS&SPENCER PLC SACA CONTACTLESS,,,0,,PersonalExpense,M&S,,0.99,override_2,strong,0,rule
2026-03-15,321040e54e1ab897357161000fe07947d2a0eda3cb948f6cd542acd5db3e0041,MAR2026_StarlingStatement_2026-03.csv_87,MAR2026,starling,60-83-71 00558156,2026-03-15,-80.0,GBP,Central Energy South Limited,642 EICR 2321,Central Energy South Limited 642 EICR 2321,FASTER PAYMENT,56987.73,,REPAIRS_AND_MAINTENANCE,,REPAIRS_AND_MAINTENANCE,Central Energy South Limited 642 EICR 2321 Central Energy South Limited 642 EICR 2321 FASTER PAYMENT,,,0,F2321LON,PropertyExpense,,,0.99,prop_rent_F2321LON_72,strong,0,rule
2026-03-16,908dfe126a2d55264412cb6f732ac1c737d59f77fd61a406d2821a94e8f86031,MAR2026_BC_6045_MAR2026.csv_25,MAR2026,barclays,20-74-09 60458872,2026-03-16,-21.99,GBP,,,Spotify Limited       ON 13 MAR BCC,,,0,,Card Purchase,Card Purchase,Spotify Limited       ON 13 MAR BCC,,,0,,RegularPayment,,,0.99,cat_regularpayment_26,strong,0,rule
2026-03-16,a2698b52c9ef0868a374f7f70565625500943f236e144561a98c4dab67982871,MAR2026_BC_6045_MAR2026.csv_26,MAR2026,barclays,20-74-09 60458872,2026-03-16,-4.99,GBP,,,Prime Video Rent /    ON 15 MAR BCC,,,0,,Card Purchase,Card Purchase,Prime Video Rent /    ON 15 MAR BCC,,,0,,PersonalExpense,Other,,0.99,cat_personalexpense_30,strong,0,rule
2026-03-16,b1c3ff8b0f9a5b2215dea53c36fca3309fc7a6f9721c14aac120ce887a8a4742,MAR2026_BC_3072_MAR2026.csv_36,MAR2026,barclays,20-53-97 30728691,2026-03-16,-457.62,GBP,,,TOPAZ FIN JASPER      PRU00010/190778206 DD,,,169547,,Direct Debit,Direct Debit,TOPAZ FIN JASPER      PRU00010/190778206 DD,,,0,F51214ALH,Mortgage,,,0.99,prop_mort_F51214ALH_44,strong,0,rule
2026-03-16,7ff6815d2ec3e46a855eaa2f9fa6d0c9e3f1c15c508facdc6d9e419aa8a18e73,MAR2026_BC_3072_MAR2026.csv_37,MAR2026,barclays,20-53-97 30728691,2026-03-16,-457.7,GBP,,,TOPAZ FIN JASPER      PRU00010/190812705 DD,,,169547,,Direct Debit,Direct Debit,TOPAZ FIN JASPER      PRU00010/190812705 DD,,,0,F31214ALH,Mortgage,,,0.99,prop_mort_F31214ALH_41,strong,0,rule
2026-03-16,40ed31db28fe2d8c7db2debe21c2d081ebbea74270bd1c634a68f1f66721ab8c,MAR2026_BC_3072_MAR2026.csv_38,MAR2026,barclays,20-53-97 30728691,2026-03-16,-457.54,GBP,,,TOPAZ FIN JASPER      PRU00010/190859506 DD,,,169547,,Direct Debit,Direct Debit,TOPAZ FIN JASPER      PRU00010/190859506 DD,,,0,F71618ALH,Mortgage,,,0.99,prop_mort_F71618ALH_53,strong,0,rule
2026-03-16,fff0508dbce2b7ec089041930258174bcc4c180246387121cee5a3ff009ff1c0,MAR2026_BC_3072_MAR2026.csv_39,MAR2026,barclays,20-53-97 30728691,2026-03-16,-457.64,GBP,,,TOPAZ FIN JASPER      PRU00010/190885105 DD,,,169547,,Direct Debit,Direct Debit,TOPAZ FIN JASPER      PRU00010/190885105 DD,,,0,F101214ALH,Mortgage,,,0.99,prop_mort_F101214ALH_47,strong,0,rule
2026-03-16,03390a8d6967300cacebe8a9db391f6ae6369d23a38ecda798fdd0c04afeca0b,MAR2026_BC_3072_MAR2026.csv_40,MAR2026,barclays,20-53-97 30728691,2026-03-16,-473.51,GBP,,,TOPAZ FIN JASPER      PRU00010/190885203 DD,,,169547,,Direct Debit,Direct Debit,TOPAZ FIN JASPER      PRU00010/190885203 DD,,,0,F161214ALH,Mortgage,,,0.99,prop_mort_F161214ALH_49,strong,0,rule
2026-03-16,8a3a4f5586ce82191d6ece882b6715ea9b1e1e74b38545ed2b72d8b2c040e6d2,MAR2026_BC_3072_MAR2026.csv_41,MAR2026,barclays,20-53-97 30728691,2026-03-16,-473.51,GBP,,,TOPAZ FIN JASPER      PRU00010/190892600 DD,,,169547,,Direct Debit,Direct Debit,TOPAZ FIN JASPER      PRU00010/190892600 DD,,,0,F161618ALH,Mortgage,,,0.99,prop_mort_F161618ALH_57,strong,0,rule
2026-03-16,b3bd9487896d97a04927ece6ab1b5327f520680d015e4bb47236680aeba22945,MAR2026_BC_3072_MAR2026.csv_42,MAR2026,barclays,20-53-97 30728691,2026-03-16,-457.54,GBP,,,TOPAZ FIN JASPER      PRU00010/190959705 DD,,,169547,,Direct Debit,Direct Debit,TOPAZ FIN JASPER      PRU00010/190959705 DD,,,0,F121618ALH,Mortgage,,,0.99,prop_mort_F121618ALH_55,strong,0,rule
2026-03-16,a039cda5e407f8953e9bfb18690f6df40829d987a0440e2fc74e0d3d8b8ef5b8,MAR2026_BC_3072_MAR2026.csv_43,MAR2026,barclays,20-53-97 30728691,2026-03-16,-513.03,GBP,,,TOPAZ RE ROSINCA      ROW20004/560471505 DD,,,169548,,Direct Debit,Direct Debit,TOPAZ RE ROSINCA      ROW20004/560471505 DD,,,0,F1946ALH,Mortgage,,,0.99,prop_mort_F1946ALH_63,strong,0,rule
2026-03-16,28c3dcdd5ba8c534f7824de5b1b24a8295fb4dd1a262cd632738d8de092d0209,MAR2026_BC_3072_MAR2026.csv_44,MAR2026,barclays,20-53-97 30728691,2026-03-16,-431.51,GBP,,,TOPAZ RE ROSINCA      ROW20004/560470501 DD,,,169548,,Direct Debit,Direct Debit,TOPAZ RE ROSINCA      ROW20004/560470501 DD,,,0,F68ALH,Mortgage,,,0.99,prop_mort_F68ALH_64,strong,0,rule
2026-03-16,5483f06f53a7470410752cce1f6e0ff69781761a0287f651a804e9ae02030989,MAR2026_BC_3072_MAR2026.csv_45,MAR2026,barclays,20-53-97 30728691,2026-03-16,-431.51,GBP,,,TOPAZ RE ROSINCA      ROW20004/560470610 DD,,,169548,,Direct Debit,Direct Debit,TOPAZ RE ROSINCA      ROW20004/560470610 DD,,,0,F78ALH,Mortgage,,,0.99,prop_mort_F78ALH_62,strong,0,rule
2026-03-16,d590d1e56ecbd665b8c3a55896d506cbc3a762b98d2db084c37c768a489fe0ce,MAR2026_BC_3072_MAR2026.csv_46,MAR2026,barclays,20-53-97 30728691,2026-03-16,-34.18,GBP,,,BHAM MIDSHIRES        6792116720030000 DDR,,,184800,,Direct Debit,Direct Debit,BHAM MIDSHIRES        6792116720030000 DDR,,,0,F2321LON,Mortgage,,,0.99,prop_mort_F2321LON_5,strong,0,rule
2026-03-16,ede4ea35504a13de54c5c79ad7a9a1c39ca2db0134b065712985c144a3864df7,MAR2026_BC_3072_MAR2026.csv_47,MAR2026,barclays,20-53-97 30728691,2026-03-16,-548.18,GBP,,,BHAM MIDSHIRES        6092045443050000 DDR,,,184800,,Direct Debit,Direct Debit,BHAM MIDSHIRES        6092045443050000 DDR,,,0,23BHAM,Mortgage,,,0.99,prop_mort_23BHAM_27,strong,0,rule
2026-03-16,24f5b477f44caeaf349de2ecf8ee78454e32cc3fe97191de3dfebe533aab439f,MAR2026_BC_3072_MAR2026.csv_48,MAR2026,barclays,20-53-97 30728691,2026-03-16,5193.47,GBP,,,Rsa Capital Limite    mortgages BGC,,,0,,Counter Credit,Counter Credit,Rsa Capital Limite    mortgages BGC,,,0,,Interbank,,,0.99,override_40,strong,0,rule
2026-03-16,9e620bee718b093d3b1b6fe002595821afa7a251228d47a82f9d2794c39f7063,MAR2026_StarlingStatement_2026-03.csv_88,MAR2026,starling,60-83-71 00558156,2026-03-16,850.0,GBP,Lucy Morton-Scott,"Flat 11, 12-14","Lucy Morton-Scott Flat 11, 12-14",FASTER PAYMENT,57837.73,,REVENUE,,REVENUE,"Lucy Morton-Scott Flat 11, 12-14 Lucy Morton-Scott Flat 11, 12-14 FASTER PAYMENT",,,0,F111214ALH,OurRent,,,0.99,prop_rent_F111214ALH_102,strong,0,rule
2026-03-16,23635020f2750f929589bab3111923fc4a35d5f6172e689bb212305664b71ebe,MAR2026_StarlingStatement_2026-03.csv_89,MAR2026,starling,60-83-71 00558156,2026-03-16,-5193.47,GBP,Ivana Valentino 3072,mortgages,Ivana Valentino 3072 mortgages,FASTER PAYMENT,52644.26,,INTEREST_PAYMENTS,,INTEREST_PAYMENTS,Ivana Valentino 3072 mortgages Ivana Valentino 3072 mortgages FASTER PAYMENT,,,0,,MortgageRefund,Ivana,,0.99,cat_mortgagerefund_15,strong,0,rule
2026-03-16,a125f55ba3e38dc5e1f5b0ce7439e49238d0937b6d8faf146b28de116f8076bb,MAR2026_StarlingStatement_2026-03.csv_90,MAR2026,starling,60-83-71 00558156,2026-03-16,975.0,GBP,P Saunyama,196B KING,P Saunyama 196B KING,FASTER PAYMENT,53619.26,,REVENUE,,REVENUE,P Saunyama 196B KING P Saunyama 196B KING FASTER PAYMENT,,,0,196AKIN,OurRent,,,0.99,prop_rent_196AKIN_86,strong,0,rule
2026-03-16,b3cb4d86b2d7f987f31e31cb2e77ea740b2d35ab4897eabf519c278ecf146528,MAR2026_StarlingStatement_2026-03.csv_91,MAR2026,starling,60-83-71 00558156,2026-03-16,-5.6,GBP,Co-op,CO OPERATIVE FOOD,Co-op CO OPERATIVE FOOD,CONTACTLESS,53613.66,,REPAIRS_AND_MAINTENANCE,,REPAIRS_AND_MAINTENANCE,Co-op CO OPERATIVE FOOD Co-op CO OPERATIVE FOOD CONTACTLESS,,,0,,PersonalExpense,COOP,,0.99,cat_propertyexpense_19,strong,0,rule
2026-03-16,ab05b4a02ba998b4d24c7a6e9bc4426f8e8fa0fa6c525b59bbde9e99b0778a92,MAR2026_StarlingStatement_2026-03.csv_92,MAR2026,starling,60-83-71 00558156,2026-03-16,1000.0,GBP,UVAROV S,20 4-6 UVAROV,UVAROV S 20 4-6 UVAROV,FASTER PAYMENT,54613.66,,REVENUE,,REVENUE,UVAROV S 20 4-6 UVAROV UVAROV S 20 4-6 UVAROV FASTER PAYMENT,,,0,F2046ALH,OurRent,,,0.99,prop_rent_F2046ALH_93,strong,0,rule
2026-03-16,69effbaaf43a89641adba746a88af0529e36e613239d5a3ae4a2bbded9c8b2e9,MAR2026_StarlingStatement_2026-03.csv_93,MAR2026,starling,60-83-71 00558156,2026-03-16,30.0,GBP,UVAROV S,20 4-6 UVAROV,UVAROV S 20 4-6 UVAROV,FASTER PAYMENT,54643.66,,REVENUE,,REVENUE,UVAROV S 20 4-6 UVAROV UVAROV S 20 4-6 UVAROV FASTER PAYMENT,,,0,F2046ALH,OurRent,,,0.99,prop_rent_F2046ALH_93,strong,0,rule
2026-03-16,3f450a92bddf7a0edb65a00a0e73be211ddce717931558c723579932051ce893,MAR2026_StarlingStatement_2026-03.csv_94,MAR2026,starling,60-83-71 00558156,2026-03-16,775.0,GBP,R Chowdhury,FLAT RENT,R Chowdhury FLAT RENT,FASTER PAYMENT,55418.66,,REVENUE,,REVENUE,R Chowdhury FLAT RENT R Chowdhury FLAT RENT FASTER PAYMENT,,,0,F1321LON,OurRent,,,0.99,prop_rent_F1321LON_71,strong,0,rule
2026-03-17,8c2da8a8244750f90c2dc6c70d3142b0aa7ef5ddad313c424228da61094707f3,MAR2026_StarlingStatement_2026-03.csv_95,MAR2026,starling,60-83-71 00558156,2026-03-17,800.0,GBP,S PERRY,FLAT 3 12-14,S PERRY FLAT 3 12-14,FASTER PAYMENT,56218.66,,REVENUE,,REVENUE,S PERRY FLAT 3 12-14 S PERRY FLAT 3 12-14 FASTER PAYMENT,,,0,F31214ALH,OurRent,,,0.99,prop_rent_F31214ALH_105,strong,0,rule
2026-03-17,e963c67729614bf2447d7a692de0c9df2c6e8965e334bfc84d9acd988cafe852,MAR2026_StarlingStatement_2026-03.csv_96,MAR2026,starling,60-83-71 00558156,2026-03-17,-19.8,GBP,The Highlands Pharmacy,THE HIGHLANDS PHARMACY,The Highlands Pharmacy THE HIGHLANDS PHARMACY,CONTACTLESS,56198.86,,OTHER,,OTHER,The Highlands Pharmacy THE HIGHLANDS PHARMACY The Highlands Pharmacy THE HIGHLANDS PHARMACY CONTACTLESS,,,0,,PersonalExpense,Pharmacy/Opticians/Dental,,0.99,override_22,strong,0,rule
2026-03-17,b9b539798ae39b32085536b33d4859795e51518e13446dd5e9c598afb6a181f5,MAR2026_StarlingStatement_2026-03.csv_97,MAR2026,starling,60-83-71 00558156,2026-03-17,-13.85,GBP,Tesco,TESCO STORES 2547,Tesco TESCO STORES 2547,CONTACTLESS,56185.01,,FOOD_AND_DRINK,,FOOD_AND_DRINK,Tesco TESCO STORES 2547 Tesco TESCO STORES 2547 CONTACTLESS,,,0,,PersonalExpense,Tesco,,0.99,override_9,strong,0,rule
2026-03-17,b1891552087226a3ea798037eacb474c2e7caa3ac0a883af807a17df4acb2bd6,MAR2026_StarlingStatement_2026-03.csv_98,MAR2026,starling,60-83-71 00558156,2026-03-17,-978.0,GBP,Portsmouth City Council,PCC INTERNET PAYMENT,Portsmouth City Council PCC INTERNET PAYMENT hmo license final payment,ONLINE PAYMENT,55207.01,,PROFESSIONAL_SERVICES,,PROFESSIONAL_SERVICES,Portsmouth City Council PCC INTERNET PAYMENT Portsmouth City Council PCC INTERNET PAYMENT hmo license final payment ONLINE PAYMENT,,,0,,OtherExpense,,,0.65,cat_otherexpense_35,catch_all,1,rule
2026-03-17,56e7db5f54b4813e53ca285d60ef50d61342e98bd4ffdb102ad8d339262d976e,MAR2026_StarlingStatement_2026-03.csv_99,MAR2026,starling,60-83-71 00558156,2026-03-17,-8.36,GBP,Budgens,BUDGENS,Budgens BUDGENS,CONTACTLESS,55198.65,,FOOD_AND_DRINK,,FOOD_AND_DRINK,Budgens BUDGENS Budgens BUDGENS CONTACTLESS,,,0,,PersonalExpense,Budgens,,0.99,override_35,strong,0,rule
2026-03-17,7a5ea07b85a9f46e1a5172a49d6dc7d9ff142d70bd1ac21a0c0573d9f496bbf7,MAR2026_StarlingStatement_2026-03.csv_100,MAR2026,starling,60-83-71 00558156,2026-03-17,-12.05,GBP,Co-op,CO OPERATIVE FOOD,Co-op CO OPERATIVE FOOD,CONTACTLESS,55186.6,,REPAIRS_AND_MAINTENANCE,,REPAIRS_AND_MAINTENANCE,Co-op CO OPERATIVE FOOD Co-op CO OPERATIVE FOOD CONTACTLESS,,,0,,PersonalExpense,COOP,,0.99,cat_propertyexpense_19,strong,0,rule
2026-03-17,b49727bdfef68476a145dc4530ff979c48c9fea66a8247d13b3d76ab2b5ce4f4,MAR2026_StarlingStatement_2026-03.csv_101,MAR2026,starling,60-83-71 00558156,2026-03-17,-1000.0,GBP,John Easen,321LondonRd Tucker,John Easen 321LondonRd Tucker,FASTER PAYMENT,54186.6,,REPAIRS_AND_MAINTENANCE,,REPAIRS_AND_MAINTENANCE,John Easen 321LondonRd Tucker John Easen 321LondonRd Tucker FASTER PAYMENT,,,0,,PropertyExpense,,,0.99,cat_propertyexpense_19,strong,1,rule
2026-03-18,f33cf0f1722e4b6eaa851e04d64f55d91149869ac7f9c03cc4874f5f1e2f0a31,MAR2026_BC_6045_MAR2026.csv_27,MAR2026,barclays,20-74-09 60458872,2026-03-18,-18.99,GBP,,,PAYPAL PAYMENT        5CM22229DF5GW DDR,,,679848,,Direct Debit,Direct Debit,PAYPAL PAYMENT        5CM22229DF5GW DDR,,,0,,RegularPayment,,,0.99,cat_regularpayment_27,strong,0,rule
2026-03-18,c8e3fe397c3889004f8fe818ac90c6af11c1c18cdcc39738f39000fad08405a4,MAR2026_BC_6045_MAR2026.csv_28,MAR2026,barclays,20-74-09 60458872,2026-03-18,-10.0,GBP,,,ROCCO                 COOP FT,,,0,,Funds Transfer,Funds Transfer,ROCCO                 COOP FT,,,0,,PersonalExpense,Rocco,,0.99,override_6,strong,0,rule
2026-03-18,73c8ec1178f7ca42b67ee232fa99df755010a62456362ed974cbdcc82c911681,MAR2026_BC_3072_MAR2026.csv_49,MAR2026,barclays,20-53-97 30728691,2026-03-18,-341.79,GBP,,,BHAM MIDSHIRES        6092042862000000 DDR,,,184800,,Direct Debit,Direct Debit,BHAM MIDSHIRES        6092042862000000 DDR,,,0,F2321LON,Mortgage,,,0.99,prop_mort_F2321LON_3,strong,0,rule
2026-03-18,c657c06d887940f6c6189f53219cbe20ff0e9fc02fd4a35bfa502c5f099b6499,MAR2026_StarlingStatement_2026-03.csv_102,MAR2026,starling,60-83-71 00558156,2026-03-18,980.0,GBP,GONGORA OLIVA J,FLAT 22 4-6 ALHAMB,GONGORA OLIVA J FLAT 22 4-6 ALHAMB,FASTER PAYMENT,55166.6,,REVENUE,,REVENUE,GONGORA OLIVA J FLAT 22 4-6 ALHAMB GONGORA OLIVA J FLAT 22 4-6 ALHAMB FASTER PAYMENT,,,0,F2246ALH,OurRent,,,0.99,prop_rent_F2246ALH_95,strong,0,rule
2026-03-18,cc8040644e2456169e400d0fc2df91c833a8154e2529d38aad9545f6bac3faca,MAR2026_StarlingStatement_2026-03.csv_103,MAR2026,starling,60-83-71 00558156,2026-03-18,-13.05,GBP,Tesco,TESCO STORES 2547,Tesco TESCO STORES 2547,CONTACTLESS,55153.55,,FOOD_AND_DRINK,,FOOD_AND_DRINK,Tesco TESCO STORES 2547 Tesco TESCO STORES 2547 CONTACTLESS,,,0,,PersonalExpense,Tesco,,0.99,override_9,strong,0,rule
2026-03-18,d752c33dd2c680d2aa4be15d9f2fe4d6f05cd06fcbe0eedb70d07163a41a7f6e,MAR2026_StarlingStatement_2026-03.csv_104,MAR2026,starling,60-83-71 00558156,2026-03-18,-7.85,GBP,Budgens,BUDGENS,Budgens BUDGENS,CONTACTLESS,55145.7,,FOOD_AND_DRINK,,FOOD_AND_DRINK,Budgens BUDGENS Budgens BUDGENS CONTACTLESS,,,0,,PersonalExpense,Budgens,,0.99,override_35,strong,0,rule
2026-03-18,7789da05b68388315cc8cd450a1d7a99a2f4aedea52f665aef265ce1e20e7819,MAR2026_StarlingStatement_2026-03.csv_105,MAR2026,starling,60-83-71 00558156,2026-03-18,-46.7,GBP,Marks & Spencer,MARKS&SPENCER PLC SACA,Marks & Spencer MARKS&SPENCER PLC SACA,CONTACTLESS,55099.0,,FOOD_AND_DRINK,,FOOD_AND_DRINK,Marks & Spencer MARKS&SPENCER PLC SACA Marks & Spencer MARKS&SPENCER PLC SACA CONTACTLESS,,,0,,PersonalExpense,M&S,,0.99,override_2,strong,0,rule
2026-03-19,537bee61a209a25b94701a29a0c76baae207aa6bd9143c12b407cb1709e9e18e,MAR2026_StarlingStatement_2026-03.csv_106,MAR2026,starling,60-83-71 00558156,2026-03-19,875.0,GBP,Eliesha Pettitt & Ifechukwude Okeleke,Rent,Eliesha Pettitt & Ifechukwude Okeleke Rent,FASTER PAYMENT,55974.0,,REVENUE,,REVENUE,Eliesha Pettitt & Ifechukwude Okeleke Rent Eliesha Pettitt & Ifechukwude Okeleke Rent FASTER PAYMENT,,,0,,OtherIncome,,,0.65,cat_otherincome_34,catch_all,1,rule
2026-03-19,0611e9591789e31487550e06fe7b125177b0a4c6dc895e92d220dc0b8459e135,MAR2026_StarlingStatement_2026-03.csv_107,MAR2026,starling,60-83-71 00558156,2026-03-19,-12.95,GBP,Co-op,CO OPERATIVE FOOD,Co-op CO OPERATIVE FOOD,CONTACTLESS,55961.05,,REPAIRS_AND_MAINTENANCE,,REPAIRS_AND_MAINTENANCE,Co-op CO OPERATIVE FOOD Co-op CO OPERATIVE FOOD CONTACTLESS,,,0,,PersonalExpense,COOP,,0.99,cat_propertyexpense_19,strong,0,rule
2026-03-19,3dce7e003c53fdf38389b6d67065601a90752400283a5f0b4bc44f22d1b18c47,MAR2026_StarlingStatement_2026-03.csv_108,MAR2026,starling,60-83-71 00558156,2026-03-19,-41.3,GBP,Marks & Spencer,MARKS&SPENCER PLC SACA,Marks & Spencer MARKS&SPENCER PLC SACA,CONTACTLESS,55919.75,,FOOD_AND_DRINK,,FOOD_AND_DRINK,Marks & Spencer MARKS&SPENCER PLC SACA Marks & Spencer MARKS&SPENCER PLC SACA CONTACTLESS,,,0,,PersonalExpense,M&S,,0.99,override_2,strong,0,rule
2026-03-19,8c15a1e50847a967697b2c055da748ea6353e8868dd760d6714c73c7219a3839,MAR2026_StarlingStatement_2026-03.csv_109,MAR2026,starling,60-83-71 00558156,2026-03-19,-9.9,GBP,Highlands Surgery,HIGHLANDS SURGERY,Highlands Surgery HIGHLANDS SURGERY,CONTACTLESS,55909.85,,PROFESSIONAL_SERVICES,,PROFESSIONAL_SERVICES,Highlands Surgery HIGHLANDS SURGERY Highlands Surgery HIGHLANDS SURGERY CONTACTLESS,,,0,,OtherExpense,,,0.65,cat_otherexpense_35,catch_all,1,rule
2026-03-19,898dda05ff373ea34af88e11324f2d5fce3454a8ad6fc4a76b0cd24ee3f12cde,MAR2026_StarlingStatement_2026-03.csv_110,MAR2026,starling,60-83-71 00558156,2026-03-19,-8.95,GBP,Amazon Marketplace,AMZNMktplace*ZJ8M050K5,Amazon Marketplace AMZNMktplace*ZJ8M050K5,ONLINE PAYMENT,55900.9,,OTHER,,OTHER,Amazon Marketplace AMZNMktplace*ZJ8M050K5 Amazon Marketplace AMZNMktplace*ZJ8M050K5 ONLINE PAYMENT,,,0,,OtherExpense,,,0.65,cat_otherexpense_35,catch_all,1,rule
2026-03-20,91ff5746575266935693fa3e671d297477dde1cf0ba9364427409068ff09f8c4,MAR2026_BC_3072_MAR2026.csv_50,MAR2026,barclays,20-53-97 30728691,2026-03-20,-10.0,GBP,,,ID MOBILE LIMITED     11245718/001 DDR,,,298372,,Direct Debit,Direct Debit,ID MOBILE LIMITED     11245718/001 DDR,,,0,,RegularPayment,,,0.99,cat_regularpayment_27,strong,0,rule
2026-03-20,e8ad038426426ac6b484abd00235d4320b20707b414c5012a135eb4c7a134392,MAR2026_StarlingStatement_2026-03.csv_111,MAR2026,starling,60-83-71 00558156,2026-03-20,695.0,GBP,Brett,000000003671940882,Brett 000000003671940882,DIRECT CREDIT,56595.9,,REVENUE,,REVENUE,Brett 000000003671940882 Brett 000000003671940882 DIRECT CREDIT,,,0,F3163FRA,OurRent,,,0.99,prop_rent_F3163FRA_83,strong,0,rule
2026-03-20,836c6d8aa2dc9d9014aebb25d26b31d3c455ad84b165bf062c9836e32a6d4573,MAR2026_StarlingStatement_2026-03.csv_112,MAR2026,starling,60-83-71 00558156,2026-03-20,359.99,GBP,Flat 1 171 Fawcett,SEQUENCE  UK  LIMI,Flat 1 171 Fawcett SEQUENCE  UK  LIMI,DIRECT CREDIT,56955.89,,REVENUE,,REVENUE,Flat 1 171 Fawcett SEQUENCE  UK  LIMI Flat 1 171 Fawcett SEQUENCE  UK  LIMI DIRECT CREDIT,,,0,F1171FAW,PropertyExpense,,,0.99,prop_rent_F1171FAW_79,strong,0,rule
2026-03-20,edc6a7c87248ff89adb187e37041ca895f342a50c5303ebaf221fb1507be6196,MAR2026_StarlingStatement_2026-03.csv_113,MAR2026,starling,60-83-71 00558156,2026-03-20,-250.0,GBP,Ivana Valentino,car,Ivana Valentino car,FASTER PAYMENT,56705.89,,VEHICLES,,VEHICLES,Ivana Valentino car Ivana Valentino car FASTER PAYMENT,,,0,,RegularPayment,Ivana,,0.99,override_37,strong,0,rule
2026-03-20,fcdd85c82d8dff010997df04c1759448b366a4d180a245831cf9b4679ef37e67,MAR2026_StarlingStatement_2026-03.csv_114,MAR2026,starling,60-83-71 00558156,2026-03-20,880.0,GBP,Emily Cove,21 4-6 Alhambra,Emily Cove 21 4-6 Alhambra,FASTER PAYMENT,57585.89,,REVENUE,,REVENUE,Emily Cove 21 4-6 Alhambra Emily Cove 21 4-6 Alhambra FASTER PAYMENT,,,0,F2146ALH,OurRent,,,0.99,prop_rent_F2146ALH_94,strong,0,rule
2026-03-20,a94f8607fd94bb736f127c1512303c48b54fd0360d2b014228a5bda96ce6076b,MAR2026_StarlingStatement_2026-03.csv_115,MAR2026,starling,60-83-71 00558156,2026-03-20,-210.6,GBP,Wickes,WICKES BUILDING,Wickes WICKES BUILDING,ONLINE PAYMENT,57375.29,,REPAIRS_AND_MAINTENANCE,,REPAIRS_AND_MAINTENANCE,Wickes WICKES BUILDING Wickes WICKES BUILDING ONLINE PAYMENT,,,0,,PropertyExpense,,,0.99,cat_propertyexpense_19,strong,1,rule
2026-03-20,d944f7299b2dc8ee1faa3e43f2da669fde72f30eb390ee120948b00d95494ef6,MAR2026_StarlingStatement_2026-03.csv_116,MAR2026,starling,60-83-71 00558156,2026-03-20,-349.0,GBP,KINGSTON DOMESTIC APPLIANCES LTD,11375 17 4-6 hob,KINGSTON DOMESTIC APPLIANCES LTD 11375 17 4-6 hob,FASTER PAYMENT,57026.29,,REPAIRS_AND_MAINTENANCE,,REPAIRS_AND_MAINTENANCE,KINGSTON DOMESTIC APPLIANCES LTD 11375 17 4-6 hob KINGSTON DOMESTIC APPLIANCES LTD 11375 17 4-6 hob FASTER PAYMENT,,,0,F1746ALH,PropertyExpense,,,0.99,prop_rent_F1746ALH_65,strong,0,rule
2026-03-20,7c3d2b3f1f7b2d1dfb81064ffe9c76461add8e2ac569cd5d19bc942e037491c5,MAR2026_StarlingStatement_2026-03.csv_117,MAR2026,starling,60-83-71 00558156,2026-03-20,-80.0,GBP,Central Energy South Limited,643 161214 lock,Central Energy South Limited 643 161214 lock,FASTER PAYMENT,56946.29,,REPAIRS_AND_MAINTENANCE,,REPAIRS_AND_MAINTENANCE,Central Energy South Limited 643 161214 lock Central Energy South Limited 643 161214 lock FASTER PAYMENT,,,0,,PropertyExpense,,,0.99,cat_propertyexpense_19,strong,1,rule
2026-03-20,d639c1c16b05e4c7227930dfd65e9b33c6fac64fb1606e1644b4c428ce88577c,MAR2026_StarlingStatement_2026-03.csv_118,MAR2026,starling,60-83-71 00558156,2026-03-20,-120.0,GBP,Central Energy South Limited,629 1171 EICR GS,Central Energy South Limited 629 1171 EICR GS,FASTER PAYMENT,56826.29,,REPAIRS_AND_MAINTENANCE,,REPAIRS_AND_MAINTENANCE,Central Energy South Limited 629 1171 EICR GS Central Energy South Limited 629 1171 EICR GS FASTER PAYMENT,,,0,F1171FAW,PropertyExpense,,,0.99,prop_rent_F1171FAW_79,strong,0,rule
2026-03-20,519ff1ed730b6b0c7173921b10b50fdf185c4ab343ee69be8b41f76dd98603c4,MAR2026_StarlingStatement_2026-03.csv_119,MAR2026,starling,60-83-71 00558156,2026-03-20,-650.0,GBP,Central Energy South Limited,641 161214  eicr,Central Energy South Limited 641 161214  eicr,FASTER PAYMENT,56176.29,,REPAIRS_AND_MAINTENANCE,,REPAIRS_AND_MAINTENANCE,Central Energy South Limited 641 161214  eicr Central Energy South Limited 641 161214  eicr FASTER PAYMENT,,,0,,PropertyExpense,,,0.99,cat_propertyexpense_19,strong,1,rule
2026-03-20,d81b0bc3b0f2f219058f5f6fd6705caeb819c4efdc77d85553b5f25cc146f4ce,MAR2026_StarlingStatement_2026-03.csv_120,MAR2026,starling,60-83-71 00558156,2026-03-20,-20.0,GBP,Abbey FIDGEON,keys 4163,Abbey FIDGEON keys 4163,FASTER PAYMENT,56156.29,,REPAIRS_AND_MAINTENANCE,,REPAIRS_AND_MAINTENANCE,Abbey FIDGEON keys 4163 Abbey FIDGEON keys 4163 FASTER PAYMENT,,,0,F4163FRA,PropertyExpense,,,0.99,prop_rent_F4163FRA_84,strong,0,rule
2026-03-20,3daa2300a93d7453bafc89bcc49cbca6359670734804344ed65dec5c4559e8b2,MAR2026_StarlingStatement_2026-03.csv_121,MAR2026,starling,60-83-71 00558156,2026-03-20,-340.0,GBP,Jijo George,18 1618 repairs,Jijo George 18 1618 repairs,FASTER PAYMENT,55816.29,,REPAIRS_AND_MAINTENANCE,,REPAIRS_AND_MAINTENANCE,Jijo George 18 1618 repairs Jijo George 18 1618 repairs FASTER PAYMENT,,,0,,PropertyExpense,,,0.99,cat_propertyexpense_19,strong,1,rule
2026-03-21,3ff498440287c796904e1e4f1d4d67da85c0fdf628f37fd07a4b60dc96ea137b,MAR2026_StarlingStatement_2026-03.csv_122,MAR2026,starling,60-83-71 00558156,2026-03-21,-15.25,GBP,Co-op,CO OPERATIVE FOOD,Co-op CO OPERATIVE FOOD,CONTACTLESS,55801.04,,REPAIRS_AND_MAINTENANCE,,REPAIRS_AND_MAINTENANCE,Co-op CO OPERATIVE FOOD Co-op CO OPERATIVE FOOD CONTACTLESS,,,0,,PersonalExpense,COOP,,0.99,cat_propertyexpense_19,strong,0,rule
2026-03-21,f64da4ec6837bcc469096a758ed2dcc422fadb6187ba6139f1ba432fa91e397d,MAR2026_StarlingStatement_2026-03.csv_123,MAR2026,starling,60-83-71 00558156,2026-03-21,-9.3,GBP,Co-op,CO OPERATIVE FOOD,Co-op CO OPERATIVE FOOD,CONTACTLESS,55791.74,,REPAIRS_AND_MAINTENANCE,,REPAIRS_AND_MAINTENANCE,Co-op CO OPERATIVE FOOD Co-op CO OPERATIVE FOOD CONTACTLESS,,,0,,PersonalExpense,COOP,,0.99,cat_propertyexpense_19,strong,0,rule
2026-03-21,edb1b6817afd2131c3b88a61aa6bfcedfa87a2ec8bc8408086ff14a99ddac72d,MAR2026_StarlingStatement_2026-03.csv_124,MAR2026,starling,60-83-71 00558156,2026-03-21,-9.05,GBP,Co-op,CO OPERATIVE FOOD,Co-op CO OPERATIVE FOOD,CONTACTLESS,55782.69,,REPAIRS_AND_MAINTENANCE,,REPAIRS_AND_MAINTENANCE,Co-op CO OPERATIVE FOOD Co-op CO OPERATIVE FOOD CONTACTLESS,,,0,,PersonalExpense,COOP,,0.99,cat_propertyexpense_19,strong,0,rule
2026-03-21,1541052c38109f405a43a9f4f141f85a8b72af58e7684d26128ce5564c060b3b,MAR2026_StarlingStatement_2026-03.csv_125,MAR2026,starling,60-83-71 00558156,2026-03-21,-91.37,GBP,Morr Bedford,MORR BEDFORD,Morr Bedford MORR BEDFORD,CHIP & PIN,55691.32,,VEHICLES,,VEHICLES,Morr Bedford MORR BEDFORD Morr Bedford MORR BEDFORD CHIP & PIN,,,0,,OtherExpense,,,0.65,cat_otherexpense_35,catch_all,1,rule
2026-03-21,f0a1e76a0668f1149894cf364058bc5bfe8cf28805fd596c7e4dd180bf1e874e,MAR2026_StarlingStatement_2026-03.csv_126,MAR2026,starling,60-83-71 00558156,2026-03-21,-56.96,GBP,ALDI,ALDI STORES 776-97,ALDI ALDI STORES 776-97,CONTACTLESS,55634.36,,FOOD_AND_DRINK,,FOOD_AND_DRINK,ALDI ALDI STORES 776-97 ALDI ALDI STORES 776-97 CONTACTLESS,,,0,,PersonalExpense,ALDI,,0.99,override_20,strong,0,rule
2026-03-22,49a08963e92a209db05195c59add9c148bac8f0c46a7fd55289bfcc0427719e7,MAR2026_StarlingStatement_2026-03.csv_127,MAR2026,starling,60-83-71 00558156,2026-03-22,-6.4,GBP,Costa Coffee,COSTA COFFEE 43011034,Costa Coffee COSTA COFFEE 43011034,CONTACTLESS,55627.96,,FOOD_AND_DRINK,,FOOD_AND_DRINK,Costa Coffee COSTA COFFEE 43011034 Costa Coffee COSTA COFFEE 43011034 CONTACTLESS,,,0,,PersonalExpense,EatingOut,,0.99,override_33,strong,0,rule
2026-03-22,8f547c8e9b91818fe9f821235bbe258db18f543af1fa92f76b10d569568caab0,MAR2026_StarlingStatement_2026-03.csv_128,MAR2026,starling,60-83-71 00558156,2026-03-22,-3.8,GBP,Co-op,CO OPERATIVE FOOD,Co-op CO OPERATIVE FOOD,CONTACTLESS,55624.16,,REPAIRS_AND_MAINTENANCE,,REPAIRS_AND_MAINTENANCE,Co-op CO OPERATIVE FOOD Co-op CO OPERATIVE FOOD CONTACTLESS,,,0,,PersonalExpense,COOP,,0.99,cat_propertyexpense_19,strong,0,rule
2026-03-22,739c24522f0c883c606d8f712318a1e37f7cecf7a2560263a1fd9b0cfd38e2ba,MAR2026_StarlingStatement_2026-03.csv_129,MAR2026,starling,60-83-71 00558156,2026-03-22,-40.0,GBP,Rocco VALENTINO TUCKER,office stationery,Rocco VALENTINO TUCKER office stationery,FASTER PAYMENT,55584.16,,REPAIRS_AND_MAINTENANCE,,REPAIRS_AND_MAINTENANCE,Rocco VALENTINO TUCKER office stationery Rocco VALENTINO TUCKER office stationery FASTER PAYMENT,,,0,,PersonalExpense,Rocco,,0.99,cat_propertyexpense_19,strong,0,rule
2026-03-23,7305cd1f61abeef0fefefbe12be68be6214d3c7685a33982fee77adf612fffa6,MAR2026_BC_6045_MAR2026.csv_29,MAR2026,barclays,20-74-09 60458872,2026-03-23,-36.16,GBP,,,INTEREST CHARGED      INTEREST CHARGED,,,0,,Credit Payment,Credit Payment,INTEREST CHARGED      INTEREST CHARGED,,,0,,OtherExpense,,,0.99,override_17,strong,0,rule
2026-03-23,7185dfabe2745966775c3d3fc4cb31b436c7ee3cbfcc7d2c48b632861754cb84,MAR2026_BC_3072_MAR2026.csv_51,MAR2026,barclays,20-53-97 30728691,2026-03-23,-18.12,GBP,,,INTEREST CHARGED      INTEREST CHARGED,,,0,,Credit Payment,Credit Payment,INTEREST CHARGED      INTEREST CHARGED,,,0,,OtherExpense,,,0.99,override_17,strong,0,rule
2026-03-23,952fa397a49b5cd1790d379f6ddf229bd56de59221e5449ff8fdd9212bf16ad7,MAR2026_BC_3072_MAR2026.csv_52,MAR2026,barclays,20-53-97 30728691,2026-03-23,-10.0,GBP,,,ID MOBILE LIMITED     11888885/001 DDR,,,298372,,Direct Debit,Direct Debit,ID MOBILE LIMITED     11888885/001 DDR,,,0,,RegularPayment,,,0.99,cat_regularpayment_27,strong,0,rule
2026-03-23,5a5ee2b33a0a90482414cbbee96bb848c01025ab7b8b69c57254869761289536,MAR2026_BC_3072_MAR2026.csv_53,MAR2026,barclays,20-53-97 30728691,2026-03-23,-431.27,GBP,,,BHAM MIDSHIRES        6092076296020000 DDR,,,184800,,Direct Debit,Direct Debit,BHAM MIDSHIRES        6092076296020000 DDR,,,0,196AKIN,Mortgage,,,0.99,prop_mort_196AKIN_23,strong,0,rule
2026-03-23,03d321a50b0a12a345dcf510163599129a0566351b27231443991568f1ec51bf,MAR2026_BC_4040_MAR2026.csv_10,MAR2026,barclays,20-74-09 40406538,2026-03-23,-9.7,GBP,,,INTEREST CHARGED      INTEREST CHARGED,,,0,,Credit Payment,Credit Payment,INTEREST CHARGED      INTEREST CHARGED,,,0,,OtherExpense,,,0.99,override_17,strong,0,rule
2026-03-23,eb6353124ae62fd23877f4b11a58d224e9f48eb2dd7c5c76c603bb0e47234a95,MAR2026_StarlingStatement_2026-03.csv_130,MAR2026,starling,60-83-71 00558156,2026-03-23,234.99,GBP,Flat 2 321 London,SEQUENCE  UK  LIMI,Flat 2 321 London SEQUENCE  UK  LIMI,DIRECT CREDIT,55819.15,,REVENUE,,REVENUE,Flat 2 321 London SEQUENCE  UK  LIMI Flat 2 321 London SEQUENCE  UK  LIMI DIRECT CREDIT,,,0,F2321LON,PropertyExpense,,,0.99,prop_rent_F2321LON_72,strong,0,rule
2026-03-23,ec2e3936a541fd2d6dbdb9ba7a6b01382e520405b8fb566d4e86a8f464ed2ef3,MAR2026_StarlingStatement_2026-03.csv_131,MAR2026,starling,60-83-71 00558156,2026-03-23,750.0,GBP,A JOY,"ANGEL JOY  ,FLAT 7","A JOY ANGEL JOY  ,FLAT 7",FASTER PAYMENT,56569.15,,REVENUE,,REVENUE,"A JOY ANGEL JOY  ,FLAT 7 A JOY ANGEL JOY  ,FLAT 7 FASTER PAYMENT",,,0,F71214ALH,OurRent,,,0.99,prop_rent_F71214ALH_108,strong,0,rule
2026-03-23,0687c6a1ca87d55843a05b33c140033530854f3ab8fc79492e2ffc315983441c,MAR2026_StarlingStatement_2026-03.csv_132,MAR2026,starling,60-83-71 00558156,2026-03-23,-23.56,GBP,Lidl Gb Bedford St Joh,LIDL GB BEDFORD ST JOH,Lidl Gb Bedford St Joh LIDL GB BEDFORD ST JOH,CONTACTLESS,56545.59,,FOOD_AND_DRINK,,FOOD_AND_DRINK,Lidl Gb Bedford St Joh LIDL GB BEDFORD ST JOH Lidl Gb Bedford St Joh LIDL GB BEDFORD ST JOH CONTACTLESS,,,0,,PersonalExpense,LIDL,,0.99,override_11,strong,0,rule
2026-03-23,65bc9255d5d761751f50a7c73a934bf162ace004f5829ed1ef39545ac18fa395,MAR2026_StarlingStatement_2026-03.csv_133,MAR2026,starling,60-83-71 00558156,2026-03-23,750.0,GBP,Michael  Pedace,FLAT2 171FAWCETT,Michael  Pedace FLAT2 171FAWCETT,FASTER PAYMENT,57295.59,,REVENUE,,REVENUE,Michael  Pedace FLAT2 171FAWCETT Michael  Pedace FLAT2 171FAWCETT FASTER PAYMENT,,,0,F2171FAW,OurRent,,,0.99,prop_rent_F2171FAW_80,strong,0,rule
2026-03-23,decdd2b354449748671fe03efaf59ebd958efad8ec0715b5036df45705287286,MAR2026_StarlingStatement_2026-03.csv_134,MAR2026,starling,60-83-71 00558156,2026-03-23,-28.2,GBP,Co-op,CO OPERATIVE FOOD,Co-op CO OPERATIVE FOOD,CONTACTLESS,57267.39,,REPAIRS_AND_MAINTENANCE,,REPAIRS_AND_MAINTENANCE,Co-op CO OPERATIVE FOOD Co-op CO OPERATIVE FOOD CONTACTLESS,,,0,,PersonalExpense,COOP,,0.99,cat_propertyexpense_19,strong,0,rule
2026-03-23,fc875f3044a5d71ee8dd997082ed2f4645ad1fbb047b1349e22e67958be7c5ea,MAR2026_StarlingStatement_2026-03.csv_135,MAR2026,starling,60-83-71 00558156,2026-03-23,-66.62,GBP,Marks & Spencer,MARKS&SPENCER PLC SACA,Marks & Spencer MARKS&SPENCER PLC SACA,CONTACTLESS,57200.77,,FOOD_AND_DRINK,,FOOD_AND_DRINK,Marks & Spencer MARKS&SPENCER PLC SACA Marks & Spencer MARKS&SPENCER PLC SACA CONTACTLESS,,,0,,PersonalExpense,M&S,,0.99,override_2,strong,0,rule
2026-03-24,8cb993b30d22bed65a8002a0491aae52d04735f5599c414985ffdda25e434a79,MAR2026_BC_6045_MAR2026.csv_30,MAR2026,barclays,20-74-09 60458872,2026-03-24,-8.59,GBP,,,AMAZON* FV6K72AN5     ON 22 MAR BCC,,,0,,Card Purchase,Card Purchase,AMAZON* FV6K72AN5     ON 22 MAR BCC,,,0,,PersonalExpense,Amazon,,0.99,cat_personalexpense_30,strong,0,rule
2026-03-24,c2a48571bdf8cf6cb8b0d905527d45bd72ca3c103bb8186256d293cf8ac0738f,MAR2026_BC_4040_MAR2026.csv_11,MAR2026,barclays,20-74-09 40406538,2026-03-24,-50.0,GBP,,,SOFIA VALENTINO-TU    LOVE MUMMY FT,,,0,,Funds Transfer,Funds Transfer,SOFIA VALENTINO-TU    LOVE MUMMY FT,,,0,,PersonalExpense,Sofia,,0.99,override_8,strong,0,rule
2026-03-24,0157648f754e63aae00324170ad83ec099a546be28adb3ee95a4981352ff38a8,MAR2026_StarlingStatement_2026-03.csv_136,MAR2026,starling,60-83-71 00558156,2026-03-24,-8.9,GBP,Budgens,BUDGENS,Budgens BUDGENS,CONTACTLESS,57191.87,,FOOD_AND_DRINK,,FOOD_AND_DRINK,Budgens BUDGENS Budgens BUDGENS CONTACTLESS,,,0,,PersonalExpense,Budgens,,0.99,override_35,strong,0,rule
2026-03-24,9033c7678a1b5c3bb12fbc17c3538336a7700ed7471fed434bca9df6d909d65b,MAR2026_StarlingStatement_2026-03.csv_137,MAR2026,starling,60-83-71 00558156,2026-03-24,-96.0,GBP,Premier Accountancy (UK) Limited,10183 TUCKER,Premier Accountancy (UK) Limited 10183 TUCKER,FASTER PAYMENT,57095.87,,ACCOUNTANCY_FEES,,ACCOUNTANCY_FEES,Premier Accountancy (UK) Limited 10183 TUCKER Premier Accountancy (UK) Limited 10183 TUCKER FASTER PAYMENT,,,0,,OtherExpense,,,0.65,cat_otherexpense_35,catch_all,1,rule
2026-03-24,7c3868a12d7ae1539637d238945b3eca3dd2e90ee9949a8a844e1f86b31a6939,MAR2026_StarlingStatement_2026-03.csv_138,MAR2026,starling,60-83-71 00558156,2026-03-24,-6.19,GBP,Home Bargains,HOME BARGAINS KINGSTON,Home Bargains HOME BARGAINS KINGSTON,CONTACTLESS,57089.68,,EQUIPMENT,,EQUIPMENT,Home Bargains HOME BARGAINS KINGSTON Home Bargains HOME BARGAINS KINGSTON CONTACTLESS,,,0,,PersonalExpense,Household,,0.99,override_12,strong,0,rule
2026-03-24,e004993d421e8a9db17ab3369bcec1646c448e796c8e158516d515fd4049bc7c,MAR2026_StarlingStatement_2026-03.csv_139,MAR2026,starling,60-83-71 00558156,2026-03-24,-8.85,GBP,Marks & Spencer,MARKS&SPENCER PLC SACA,Marks & Spencer MARKS&SPENCER PLC SACA,CONTACTLESS,57080.83,,FOOD_AND_DRINK,,FOOD_AND_DRINK,Marks & Spencer MARKS&SPENCER PLC SACA Marks & Spencer MARKS&SPENCER PLC SACA CONTACTLESS,,,0,,PersonalExpense,M&S,,0.99,override_2,strong,0,rule
2026-03-24,8b6a6ad390fe0e451dba80fadbd5cd87e55e0456a114d171ffdbbc367aca7f00,MAR2026_StarlingStatement_2026-03.csv_140,MAR2026,starling,60-83-71 00558156,2026-03-24,694.6,GBP,CHARTERS ESTATE AGENTS LIMITED,Flat 10 1214 Alham,CHARTERS ESTATE AGENTS LIMITED Flat 10 1214 Alham,FASTER PAYMENT,57775.43,,REVENUE,,REVENUE,CHARTERS ESTATE AGENTS LIMITED Flat 10 1214 Alham CHARTERS ESTATE AGENTS LIMITED Flat 10 1214 Alham FASTER PAYMENT,,,0,F101214ALH,OurRent,,,0.99,prop_rent_F101214ALH_101,strong,0,rule
2026-03-24,9bf314f2e571cebae89aeff23207e9f4c913980483d8470d4f8944d9916eb7b7,MAR2026_StarlingStatement_2026-03.csv_141,MAR2026,starling,60-83-71 00558156,2026-03-24,-900.0,GBP,John Easen,321LondonRd Tucker,John Easen 321LondonRd Tucker painting of external building,FASTER PAYMENT,56875.43,,REPAIRS_AND_MAINTENANCE,,REPAIRS_AND_MAINTENANCE,John Easen 321LondonRd Tucker John Easen 321LondonRd Tucker painting of external building FASTER PAYMENT,,,0,,PropertyExpense,,,0.99,cat_propertyexpense_19,strong,1,rule
2026-03-24,ff19a4dbb81d02d0bd30d78391d5b50ab16a3747a177c4ee05457ba2da3163d3,MAR2026_StarlingStatement_2026-03.csv_142,MAR2026,starling,60-83-71 00558156,2026-03-24,-40.0,GBP,Salvatore Mulara,11618 keys,Salvatore Mulara 11618 keys,FASTER PAYMENT,56835.43,,REPAIRS_AND_MAINTENANCE,,REPAIRS_AND_MAINTENANCE,Salvatore Mulara 11618 keys Salvatore Mulara 11618 keys FASTER PAYMENT,,,0,,PropertyExpense,,,0.99,cat_propertyexpense_19,strong,1,rule
2026-03-25,f5dfd7410f143493db718874d37f1d1b47ed9bb098f4ba567bb2db879c7a7c29,MAR2026_StarlingStatement_2026-03.csv_143,MAR2026,starling,60-83-71 00558156,2026-03-25,452.0,GBP,CHARTERS ESTATE AGENTS LIMITED,Shop 196 Kingston,CHARTERS ESTATE AGENTS LIMITED Shop 196 Kingston,FASTER PAYMENT,57287.43,,REVENUE,,REVENUE,CHARTERS ESTATE AGENTS LIMITED Shop 196 Kingston CHARTERS ESTATE AGENTS LIMITED Shop 196 Kingston FASTER PAYMENT,,,0,SHOP196KIN,OurRent,,,0.99,prop_rent_SHOP196KIN_85,strong,0,rule
2026-03-25,7bd51be99eacb0b9218f88bc757154e715fdd67243429a67dd1349d3992e1d8a,MAR2026_StarlingStatement_2026-03.csv_144,MAR2026,starling,60-83-71 00558156,2026-03-25,-6.75,GBP,Budgens,BUDGENS,Budgens BUDGENS,CONTACTLESS,57280.68,,FOOD_AND_DRINK,,FOOD_AND_DRINK,Budgens BUDGENS Budgens BUDGENS CONTACTLESS,,,0,,PersonalExpense,Budgens,,0.99,override_35,strong,0,rule
2026-03-25,a53e1363b482bdb2ecd16d229492b5debc70bbdde5918157931145aa24a130d7,MAR2026_StarlingStatement_2026-03.csv_145,MAR2026,starling,60-83-71 00558156,2026-03-25,-442.92,GBP,DVLA,DVLA EVL WEB,DVLA DVLA EVL WEB,ONLINE PAYMENT,56837.76,,PROFESSIONAL_SERVICES,,PROFESSIONAL_SERVICES,DVLA DVLA EVL WEB DVLA DVLA EVL WEB ONLINE PAYMENT,,,0,,OtherExpense,,,0.65,cat_otherexpense_35,catch_all,1,rule
2026-03-25,a359b8a9904ef46da812b6879ac84b8e0f0c05038966375ffd400f5564c07e55,MAR2026_StarlingStatement_2026-03.csv_146,MAR2026,starling,60-83-71 00558156,2026-03-25,-31.66,GBP,Marks & Spencer,MARKS&SPENCER PLC SACA,Marks & Spencer MARKS&SPENCER PLC SACA,CHIP & PIN,56806.1,,FOOD_AND_DRINK,,FOOD_AND_DRINK,Marks & Spencer MARKS&SPENCER PLC SACA Marks & Spencer MARKS&SPENCER PLC SACA CHIP & PIN,,,0,,PersonalExpense,M&S,,0.99,override_2,strong,0,rule
2026-03-25,7d14c45a5e3edfeaeb8a1edbe1f89879740d3f2f6e93b08d58faa66151ebf6f0,MAR2026_StarlingStatement_2026-03.csv_147,MAR2026,starling,60-83-71 00558156,2026-03-25,-53.8,GBP,Morr Bedford,MORR BEDFORD,Morr Bedford MORR BEDFORD,CONTACTLESS,56752.3,,VEHICLES,,VEHICLES,Morr Bedford MORR BEDFORD Morr Bedford MORR BEDFORD CONTACTLESS,,,0,,OtherExpense,,,0.65,cat_otherexpense_35,catch_all,1,rule
2026-03-26,1395f770681a9376d8369ff9b78f9460fea6dcbef0ea0e7c68e64c2c7f2198e1,MAR2026_BC_3072_MAR2026.csv_54,MAR2026,barclays,20-53-97 30728691,2026-03-26,-27.42,GBP,,,H3G                   980404269602200099 DD,,,948449,,Direct Debit,Direct Debit,H3G                   980404269602200099 DD,,,0,,RegularPayment,,,0.99,cat_regularpayment_27,strong,0,rule
2026-03-26,f095a433ac9dc08a6659d312efc55e5b8c28ae38606ed03a281e9d1dac42a6c2,MAR2026_BC_4040_MAR2026.csv_12,MAR2026,barclays,20-74-09 40406538,2026-03-26,100.0,GBP,,,Rsa Capital Limite    trf BGC,,,0,,Counter Credit,Counter Credit,Rsa Capital Limite    trf BGC,,,0,,Interbank,,,0.99,override_40,strong,0,rule
2026-03-26,2d2bcfc16870eb5ae64ac061973b1014df9dda2cd5e1642cc339e2e117fd3e56,MAR2026_StarlingStatement_2026-03.csv_148,MAR2026,starling,60-83-71 00558156,2026-03-26,209.99,GBP,Flat 16 Alhambra,SEQUENCE  UK  LIMI,Flat 16 Alhambra SEQUENCE  UK  LIMI,DIRECT CREDIT,56962.29,,REVENUE,,REVENUE,Flat 16 Alhambra SEQUENCE  UK  LIMI Flat 16 Alhambra SEQUENCE  UK  LIMI DIRECT CREDIT,,,0,,PropertyExpense,,,0.99,override_1,strong,1,rule
2026-03-26,6117de31471662017533cb9d7d88d5272e672165d3022a514d9f073db52948ca,MAR2026_StarlingStatement_2026-03.csv_149,MAR2026,starling,60-83-71 00558156,2026-03-26,-100.0,GBP,Ivana  VALENTINO,trf,Ivana  VALENTINO trf,FASTER PAYMENT,56862.29,,OFFICE_AND_POSTAGE_COSTS,,OFFICE_AND_POSTAGE_COSTS,Ivana  VALENTINO trf Ivana  VALENTINO trf FASTER PAYMENT,,,0,,PersonalExpense,Ivana,,0.99,override_39,strong,0,rule
2026-03-26,19b34eb892da095e3c30fc173bd25d81dfa3ab2c32cefc181d61a654fed46461,MAR2026_StarlingStatement_2026-03.csv_150,MAR2026,starling,60-83-71 00558156,2026-03-26,-12.1,GBP,Co-op,CO OPERATIVE FOOD,Co-op CO OPERATIVE FOOD,CONTACTLESS,56850.19,,REPAIRS_AND_MAINTENANCE,,REPAIRS_AND_MAINTENANCE,Co-op CO OPERATIVE FOOD Co-op CO OPERATIVE FOOD CONTACTLESS,,,0,,PersonalExpense,COOP,,0.99,cat_propertyexpense_19,strong,0,rule
2026-03-26,c43df5c2160cf84ec8bbff7b0d5da9869a1c6d8324fea0545146dd826e2ae35f,MAR2026_StarlingStatement_2026-03.csv_151,MAR2026,starling,60-83-71 00558156,2026-03-26,-24.41,GBP,Trainline,TRAINLINE,Trainline TRAINLINE,ONLINE PAYMENT,56825.78,,TRAVEL,,TRAVEL,Trainline TRAINLINE Trainline TRAINLINE ONLINE PAYMENT,,,0,,OtherExpense,,,0.65,cat_otherexpense_35,catch_all,1,rule
2026-03-26,8583d5877bd3ad90f27ca92d6005389e7c0e44ef3d32108832e2a4e0b3e09039,MAR2026_StarlingStatement_2026-03.csv_152,MAR2026,starling,60-83-71 00558156,2026-03-26,-9.2,GBP,Marks & Spencer,MARKS&SPENCER PLC SACA,Marks & Spencer MARKS&SPENCER PLC SACA,CONTACTLESS,56816.58,,FOOD_AND_DRINK,,FOOD_AND_DRINK,Marks & Spencer MARKS&SPENCER PLC SACA Marks & Spencer MARKS&SPENCER PLC SACA CONTACTLESS,,,0,,PersonalExpense,M&S,,0.99,override_2,strong,0,rule
2026-03-26,bba5ff434c312df05d1090e40ea0e9da3c1ca1eb97629b2175b8624dbbca0aa4,MAR2026_StarlingStatement_2026-03.csv_153,MAR2026,starling,60-83-71 00558156,2026-03-26,825.0,GBP,F Kubra,41214,F Kubra 41214,FASTER PAYMENT,57641.58,,REVENUE,,REVENUE,F Kubra 41214 F Kubra 41214 FASTER PAYMENT,,,0,F41214ALH,OurRent,,,0.99,prop_rent_F41214ALH_66,strong,0,rule
2026-03-26,197d1a29689ea72f9d42135a2739c1840e29b6440200027fe42544d59bc1371d,MAR2026_StarlingStatement_2026-03.csv_154,MAR2026,starling,60-83-71 00558156,2026-03-26,-40.0,GBP,Salvatore Mulara,1 1618 latch,Salvatore Mulara 1 1618 latch,FASTER PAYMENT,57601.58,,REPAIRS_AND_MAINTENANCE,,REPAIRS_AND_MAINTENANCE,Salvatore Mulara 1 1618 latch Salvatore Mulara 1 1618 latch FASTER PAYMENT,,,0,F11618ALH,PropertyExpense,,,0.99,prop_rent_F11618ALH_113,strong,0,rule
2026-03-27,14e1836c414e5f8f71446545432e5a09327fc593ffb512414f8137ed01986709,MAR2026_BC_6045_MAR2026.csv_31,MAR2026,barclays,20-74-09 60458872,2026-03-27,-11.41,GBP,,,PAYPAL PAYMENT        5CM22229DF5GW DDR,,,679848,,Direct Debit,Direct Debit,PAYPAL PAYMENT        5CM22229DF5GW DDR,,,0,,RegularPayment,,,0.99,cat_regularpayment_27,strong,0,rule
2026-03-27,c708cec046d00d885404b5255609da0d6e61a72c9689b7bbf31ad976a51d1e40,MAR2026_BC_6045_MAR2026.csv_32,MAR2026,barclays,20-74-09 60458872,2026-03-27,-15.0,GBP,,,SSE SOUTHERN ELECT    6882766014 STO,,,0,,Standing Order,Standing Order,SSE SOUTHERN ELECT    6882766014 STO,,,0,169FAW,PropertyExpense,,,0.99,prop_rent_169FAW_117,strong,0,rule
2026-03-27,11b20fadc6b1cfa7312bf255f3c078bf6fd73e7ed724f9d9257e3a30df1af438,MAR2026_BC_6045_MAR2026.csv_33,MAR2026,barclays,20-74-09 60458872,2026-03-27,15.0,GBP,,,SSE SOUTHERN E        6882766014 REV0001Pa,,,0,,Credit,Credit,SSE SOUTHERN E        6882766014 REV0001Pa,,,0,169FAW,OtherIncome,,,0.99,prop_rent_169FAW_117,strong,0,rule
2026-03-27,76c09a2c642a7e09bc8ba8bbea729891dab1f10afacb35c6a340c15db54b25cc,MAR2026_StarlingStatement_2026-03.csv_155,MAR2026,starling,60-83-71 00558156,2026-03-27,695.0,GBP,Tap,000000003684706846,Tap 000000003684706846,DIRECT CREDIT,58296.58,,REVENUE,,REVENUE,Tap 000000003684706846 Tap 000000003684706846 DIRECT CREDIT,,,0,,OtherIncome,,,0.65,cat_otherincome_34,catch_all,1,rule
2026-03-27,46ca3b954ea361c76ec8ebb51f57bac75dfa999aa3013f9164605e50c9065c6d,MAR2026_StarlingStatement_2026-03.csv_156,MAR2026,starling,60-83-71 00558156,2026-03-27,900.0,GBP,D McGowan,1846,D McGowan 1846,FASTER PAYMENT,59196.58,,REVENUE,,REVENUE,D McGowan 1846 D McGowan 1846 FASTER PAYMENT,,,0,F1846ALH,OurRent,,,0.99,prop_rent_F1846ALH_91,strong,0,rule
2026-03-27,211787b7980c090bb877b8f4974348ae9854c2d827504209fb1d609e6a696582,MAR2026_StarlingStatement_2026-03.csv_157,MAR2026,starling,60-83-71 00558156,2026-03-27,825.0,GBP,William Sait,FLAT 3 169 FAWCET5,William Sait FLAT 3 169 FAWCET5,FASTER PAYMENT,60021.58,,REVENUE,,REVENUE,William Sait FLAT 3 169 FAWCET5 William Sait FLAT 3 169 FAWCET5 FASTER PAYMENT,,,0,F3169FAW,OurRent,,,0.99,prop_rent_F3169FAW_78,strong,0,rule
2026-03-27,ccce56a632f7bb66515ae3f8d47807264be995f1c52a2891b6fca2e19edb1a8a,MAR2026_StarlingStatement_2026-03.csv_158,MAR2026,starling,60-83-71 00558156,2026-03-27,-49.2,GBP,Nando's,NANDOS.CO.UK,Nando's NANDOS.CO.UK,ONLINE PAYMENT,59972.38,,FOOD_AND_DRINK,,FOOD_AND_DRINK,Nando's NANDOS.CO.UK Nando's NANDOS.CO.UK ONLINE PAYMENT,,,0,,OtherExpense,,,0.65,cat_otherexpense_35,catch_all,1,rule
2026-03-27,55f70cbbf3b862bf1ed7c1791012e6e89500c35448c4ae5473f049aad64cb953,MAR2026_StarlingStatement_2026-03.csv_159,MAR2026,starling,60-83-71 00558156,2026-03-27,-8.99,GBP,Amazon Prime,Amazon Prime*WE9IC8GP5,Amazon Prime Amazon Prime*WE9IC8GP5,CARD SUBSCRIPTION,59963.39,,ADMIN,,ADMIN,Amazon Prime Amazon Prime*WE9IC8GP5 Amazon Prime Amazon Prime*WE9IC8GP5 CARD SUBSCRIPTION,,,0,,PropertyExpense,,,0.99,cat_propertyexpense_10,strong,1,rule
2026-03-27,0fb9ef026180540ce1c20bf7ab533db515ed2e08192ea1704c702c7ae4da4529,MAR2026_StarlingStatement_2026-03.csv_160,MAR2026,starling,60-83-71 00558156,2026-03-27,-9.85,GBP,Co-op,CO OPERATIVE FOOD,Co-op CO OPERATIVE FOOD,CONTACTLESS,59953.54,,REPAIRS_AND_MAINTENANCE,,REPAIRS_AND_MAINTENANCE,Co-op CO OPERATIVE FOOD Co-op CO OPERATIVE FOOD CONTACTLESS,,,0,,PersonalExpense,COOP,,0.99,cat_propertyexpense_19,strong,0,rule
2026-03-27,409b40a055fdfebdaa53eec260eb4d085c9ae6c5b99d06f67ff3e7dbce212c93,MAR2026_StarlingStatement_2026-03.csv_161,MAR2026,starling,60-83-71 00558156,2026-03-27,-120.0,GBP,Central Energy South Limited,675 196b leak,Central Energy South Limited 675 196b leak,FASTER PAYMENT,59833.54,,REPAIRS_AND_MAINTENANCE,,REPAIRS_AND_MAINTENANCE,Central Energy South Limited 675 196b leak Central Energy South Limited 675 196b leak FASTER PAYMENT,,,0,196BKIN,PropertyExpense,,,0.99,prop_rent_196BKIN_87,strong,0,rule
2026-03-27,aefcdf44d756e2a1d4b445e9a940235327b84d12496587613b1e6a6690b1debb,MAR2026_StarlingStatement_2026-03.csv_162,MAR2026,starling,60-83-71 00558156,2026-03-27,-240.0,GBP,Central Energy South Limited,676 1171 window,Central Energy South Limited 676 1171 window,FASTER PAYMENT,59593.54,,REPAIRS_AND_MAINTENANCE,,REPAIRS_AND_MAINTENANCE,Central Energy South Limited 676 1171 window Central Energy South Limited 676 1171 window FASTER PAYMENT,,,0,F1171FAW,PropertyExpense,,,0.99,prop_rent_F1171FAW_79,strong,0,rule
2026-03-27,8c786e7a3c2fd343ec697982aa3469ccd4235fb0ebfb5713986bd1840824612b,MAR2026_StarlingStatement_2026-03.csv_163,MAR2026,starling,60-83-71 00558156,2026-03-27,-140.0,GBP,Central Energy South Limited,659 161214 window,Central Energy South Limited 659 161214 window,FASTER PAYMENT,59453.54,,REPAIRS_AND_MAINTENANCE,,REPAIRS_AND_MAINTENANCE,Central Energy South Limited 659 161214 window Central Energy South Limited 659 161214 window FASTER PAYMENT,,,0,,PropertyExpense,,,0.99,cat_propertyexpense_19,strong,1,rule
2026-03-28,279d3a490d1500c6258deaace042bcded7f77a010ee21806308d9e8f4d936225,MAR2026_StarlingStatement_2026-03.csv_164,MAR2026,starling,60-83-71 00558156,2026-03-28,-1020.0,GBP,Kl Scaffolding Qb,KL Scaffolding Ltd QB,Kl Scaffolding Qb KL Scaffolding Ltd QB,ONLINE PAYMENT,58433.54,,REPAIRS_AND_MAINTENANCE,,REPAIRS_AND_MAINTENANCE,Kl Scaffolding Qb KL Scaffolding Ltd QB Kl Scaffolding Qb KL Scaffolding Ltd QB ONLINE PAYMENT,,,0,,PropertyExpense,,,0.99,cat_propertyexpense_19,strong,1,rule
2026-03-28,6e4b78ce9c38377576e28d236751f1ea674aa12d3f3feab871fc6e5432c06977,MAR2026_StarlingStatement_2026-03.csv_165,MAR2026,starling,60-83-71 00558156,2026-03-28,825.0,GBP,K Hudson,"RENT 16,16-18","K Hudson RENT 16,16-18",FASTER PAYMENT,59258.54,,REVENUE,,REVENUE,"K Hudson RENT 16,16-18 K Hudson RENT 16,16-18 FASTER PAYMENT",,,0,F161618ALH,OurRent,,,0.99,prop_rent_F161618ALH_112,strong,0,rule
2026-03-28,70879ebd23898f6f57a63971e9c053047dae4799633e593b575c29977d5a03af,MAR2026_StarlingStatement_2026-03.csv_166,MAR2026,starling,60-83-71 00558156,2026-03-28,-20.25,GBP,Co-op,CO OPERATIVE FOOD,Co-op CO OPERATIVE FOOD,CONTACTLESS,59238.29,,REPAIRS_AND_MAINTENANCE,,REPAIRS_AND_MAINTENANCE,Co-op CO OPERATIVE FOOD Co-op CO OPERATIVE FOOD CONTACTLESS,,,0,,PersonalExpense,COOP,,0.99,cat_propertyexpense_19,strong,0,rule
2026-03-28,1d528e2426d626b824c1ae31935c2bf26e5fbecd69591a3e1d458aa7e3a2b129,MAR2026_StarlingStatement_2026-03.csv_167,MAR2026,starling,60-83-71 00558156,2026-03-28,-12.5,GBP,Co-op,CO OPERATIVE FOOD,Co-op CO OPERATIVE FOOD,CONTACTLESS,59225.79,,REPAIRS_AND_MAINTENANCE,,REPAIRS_AND_MAINTENANCE,Co-op CO OPERATIVE FOOD Co-op CO OPERATIVE FOOD CONTACTLESS,,,0,,PersonalExpense,COOP,,0.99,cat_propertyexpense_19,strong,0,rule
2026-03-28,9ca57365dfec2c51bc52ed145731dcf8b57add28f3972c6f5edce32b78a21193,MAR2026_StarlingStatement_2026-03.csv_168,MAR2026,starling,60-83-71 00558156,2026-03-28,-23.4,GBP,Marks & Spencer,MARKS&SPENCER PLC SACA,Marks & Spencer MARKS&SPENCER PLC SACA,CONTACTLESS,59202.39,,FOOD_AND_DRINK,,FOOD_AND_DRINK,Marks & Spencer MARKS&SPENCER PLC SACA Marks & Spencer MARKS&SPENCER PLC SACA CONTACTLESS,,,0,,PersonalExpense,M&S,,0.99,override_2,strong,0,rule
2026-03-28,7f596c6c18871b9dcc28198df6baf5b2e94e4068b914bcafb505f2d0e442af07,MAR2026_StarlingStatement_2026-03.csv_169,MAR2026,starling,60-83-71 00558156,2026-03-28,-1.99,GBP,Microsoft,MICROSOFT*MICROSOFT 36,Microsoft MICROSOFT*MICROSOFT 36,CARD SUBSCRIPTION,59200.4,,PHONE_AND_INTERNET,,PHONE_AND_INTERNET,Microsoft MICROSOFT*MICROSOFT 36 Microsoft MICROSOFT*MICROSOFT 36 CARD SUBSCRIPTION,,,0,,OtherExpense,,,0.65,cat_otherexpense_35,catch_all,1,rule
2026-03-28,2ecbe775b551290f129cb6faec9ac8b4fe2a056201caf892fd84aa691c6eefad,MAR2026_StarlingStatement_2026-03.csv_170,MAR2026,starling,60-83-71 00558156,2026-03-28,875.0,GBP,Dono Kuriakose,11 16-18- rent,Dono Kuriakose 11 16-18- rent,FASTER PAYMENT,60075.4,,REVENUE,,REVENUE,Dono Kuriakose 11 16-18- rent Dono Kuriakose 11 16-18- rent FASTER PAYMENT,,,0,F111618ALH,OurRent,,,0.99,prop_rent_F111618ALH_109,strong,0,rule
2026-03-28,9ed31d4e5a2d2a5681d22797c06262a2db8f5418038ce5a0c9c2a2b8a56943d7,MAR2026_StarlingStatement_2026-03.csv_171,MAR2026,starling,60-83-71 00558156,2026-03-28,-4.62,GBP,Trainline,Trainline,Trainline Trainline,ONLINE PAYMENT,60070.78,,TRAVEL,,TRAVEL,Trainline Trainline Trainline Trainline ONLINE PAYMENT,,,0,,OtherExpense,,,0.65,cat_otherexpense_35,catch_all,1,rule
2026-03-28,1ace5713b471e9537b09056c6b297d336fe7b3382b1a104aea01e5aa72459b3f,MAR2026_StarlingStatement_2026-03.csv_172,MAR2026,starling,60-83-71 00558156,2026-03-28,-8.99,GBP,Peter Taperek,8 6 leak,Peter Taperek 8 6 leak,FASTER PAYMENT,60061.79,,REPAIRS_AND_MAINTENANCE,,REPAIRS_AND_MAINTENANCE,Peter Taperek 8 6 leak Peter Taperek 8 6 leak FASTER PAYMENT,,,0,,PropertyExpense,,,0.99,cat_propertyexpense_19,strong,1,rule
2026-03-28,f03eebd133d9539bbbb998df766026ea9d16bf912ccb9ca74154a054ee7b4269,MAR2026_StarlingStatement_2026-03.csv_173,MAR2026,starling,60-83-71 00558156,2026-03-28,-9.1,GBP,Jijo George,screws,Jijo George screws,FASTER PAYMENT,60052.69,,REPAIRS_AND_MAINTENANCE,,REPAIRS_AND_MAINTENANCE,Jijo George screws Jijo George screws FASTER PAYMENT,,,0,,PropertyExpense,,,0.99,cat_propertyexpense_19,strong,1,rule
2026-03-29,4499a425201da3f7e2bf124211a5398a02116f529945953afe4737dc1816ec7e,MAR2026_StarlingStatement_2026-03.csv_174,MAR2026,starling,60-83-71 00558156,2026-03-29,-280.0,GBP,Jijo George,19 234_6 rep kitch,Jijo George 19 234_6 rep kitch,FASTER PAYMENT,59772.69,,REPAIRS_AND_MAINTENANCE,,REPAIRS_AND_MAINTENANCE,Jijo George 19 234_6 rep kitch Jijo George 19 234_6 rep kitch FASTER PAYMENT,,,0,,PropertyExpense,,,0.99,cat_propertyexpense_19,strong,1,rule
2026-03-29,8153a9255a4e7a0d048177f7a61d720236480e03e862e4b3e554604e769c48c7,MAR2026_StarlingStatement_2026-03.csv_175,MAR2026,starling,60-83-71 00558156,2026-03-29,-4.62,GBP,Trainline,Trainline,Trainline Trainline,ONLINE PAYMENT,59768.07,,TRAVEL,,TRAVEL,Trainline Trainline Trainline Trainline ONLINE PAYMENT,,,0,,OtherExpense,,,0.65,cat_otherexpense_35,catch_all,1,rule
2026-03-29,85e1cf74acef143bc57ffe82f53437e8620e4fb92d3de1bb87ad777517afc0bd,MAR2026_StarlingStatement_2026-03.csv_176,MAR2026,starling,60-83-71 00558156,2026-03-29,-89.48,GBP,Tesco Petrol,TESCO PAY AT PUMP 3822,Tesco Petrol TESCO PAY AT PUMP 3822,CHIP & PIN,59678.59,,VEHICLES,,VEHICLES,Tesco Petrol TESCO PAY AT PUMP 3822 Tesco Petrol TESCO PAY AT PUMP 3822 CHIP & PIN,,,0,,PersonalExpense,Garage,,0.99,override_9,strong,0,rule
2026-03-29,317e8689ed0c8fc0984df6a17f217064e235f63b5b212b8318208c1a094208f8,MAR2026_StarlingStatement_2026-03.csv_177,MAR2026,starling,60-83-71 00558156,2026-03-29,-19.4,GBP,Co-op,CO OPERATIVE FOOD,Co-op CO OPERATIVE FOOD,CONTACTLESS,59659.19,,REPAIRS_AND_MAINTENANCE,,REPAIRS_AND_MAINTENANCE,Co-op CO OPERATIVE FOOD Co-op CO OPERATIVE FOOD CONTACTLESS,,,0,,PersonalExpense,COOP,,0.99,cat_propertyexpense_19,strong,0,rule
2026-03-29,35c531d6c6115ee258db43b6a2abe3a576893def0c5ee8d6e30fee92d5facbf5,MAR2026_StarlingStatement_2026-03.csv_178,MAR2026,starling,60-83-71 00558156,2026-03-29,-45.02,GBP,ALDI,ALDI STORES,ALDI ALDI STORES,CONTACTLESS,59614.17,,FOOD_AND_DRINK,,FOOD_AND_DRINK,ALDI ALDI STORES ALDI ALDI STORES CONTACTLESS,,,0,,PersonalExpense,ALDI,,0.99,override_20,strong,0,rule
2026-03-30,355c8571044cefb9272176be28c904eb5bdf5db858d40f96a1e4eba1ed3065b7,MAR2026_BC_6045_MAR2026.csv_34,MAR2026,barclays,20-74-09 60458872,2026-03-30,-30.0,GBP,,,ROCCO                 GOINGOUT FT,,,0,,Funds Transfer,Funds Transfer,ROCCO                 GOINGOUT FT,,,0,,PersonalExpense,Rocco,,0.99,override_6,strong,0,rule
2026-03-30,1ea3a81bb8ce8cef7c7ddbdc1c40bae4bacccd38afb43c308409a2f60d0c3eca,MAR2026_BC_3072_MAR2026.csv_55,MAR2026,barclays,20-53-97 30728691,2026-03-30,-38.0,GBP,,,BOOTS OPTICIANS       A45028400000736 DDR,,,760589,,Direct Debit,Direct Debit,BOOTS OPTICIANS       A45028400000736 DDR,,,0,,PersonalExpense,Pharmacy/Opticians/Dental,,0.99,cat_regularpayment_27,strong,0,rule
2026-03-30,badd9e56032222bf84567aec315ad72eb0f2a1f63310908b2574fa408ae4fb17,MAR2026_BC_3072_MAR2026.csv_56,MAR2026,barclays,20-53-97 30728691,2026-03-30,-304.08,GBP,,,BHAM MIDSHIRES        6092036837070000 DDR,,,184800,,Direct Debit,Direct Debit,BHAM MIDSHIRES        6092036837070000 DDR,,,0,F4163FRA,Mortgage,,,0.99,prop_mort_F4163FRA_20,strong,0,rule
2026-03-30,9f33ef758287f5906531f67f899d92bb2729d8f49b9ae00860e6fe0db1a6ca46,MAR2026_BC_3072_MAR2026.csv_57,MAR2026,barclays,20-53-97 30728691,2026-03-30,-482.31,GBP,,,TOGETHER COMMERCIA    10279063 DDR,,,687470,,Direct Debit,Direct Debit,TOGETHER COMMERCIA    10279063 DDR,,,0,,RegularPayment,SFLoan,,0.99,cat_regularpayment_27,strong,0,rule
2026-03-30,133db6ca02611537a135b76a6f6908d5f9c567d9b38871985ed7b823bf47310c,MAR2026_BC_4040_MAR2026.csv_13,MAR2026,barclays,20-74-09 40406538,2026-03-30,-30.0,GBP,,,ROCCO VALENTINO       CROC FT,,,0,,Funds Transfer,Funds Transfer,ROCCO VALENTINO       CROC FT,,,0,,PersonalExpense,Rocco,,0.99,override_6,strong,0,rule
2026-03-30,3a3606ecc757a2e73316466a83b36a951f5dbeed05b18f77285a6d9e26093abe,MAR2026_BC_4040_MAR2026.csv_14,MAR2026,barclays,20-74-09 40406538,2026-03-30,-10.0,GBP,,,ALESSIO VALENTINO-    FROM MUMMY FT,,,0,,Funds Transfer,Funds Transfer,ALESSIO VALENTINO-    FROM MUMMY FT,,,0,,PersonalExpense,Alessio,,0.99,override_7,strong,0,rule
2026-03-30,4c66fa9864ce221b06b6d2cc796fc5afd89bdab52c89017ed70a08c084c28cae,MAR2026_BC_4040_MAR2026.csv_15,MAR2026,barclays,20-74-09 40406538,2026-03-30,-50.46,GBP,,,WAITROSE STORES       ON 28 MAR CLP,,,0,,Contactless Card Purchase,Contactless Card Purchase,WAITROSE STORES       ON 28 MAR CLP,,,0,,PersonalExpense,Waitrose,,0.99,cat_personalexpense_30,strong,0,rule
2026-03-30,0e377264034d9de038b867dd90e97f21cf711cb06603711525594643f9aec0ec,MAR2026_BC_4040_MAR2026.csv_16,MAR2026,barclays,20-74-09 40406538,2026-03-30,-10.0,GBP,,,ALESSIO VALENTINO-    FROM MUMMY FT,,,0,,Funds Transfer,Funds Transfer,ALESSIO VALENTINO-    FROM MUMMY FT,,,0,,PersonalExpense,Alessio,,0.99,override_7,strong,0,rule
2026-03-30,56bdf3fbfa7d5a8144dfb6e77c8bb7cf410da59cb990551f9a3f50787fe1d001,MAR2026_StarlingStatement_2026-03.csv_179,MAR2026,starling,60-83-71 00558156,2026-03-30,850.0,GBP,Matthew  Watts,196A KINGSTON ROAD,Matthew  Watts 196A KINGSTON ROAD,FASTER PAYMENT,60464.17,,REVENUE,,REVENUE,Matthew  Watts 196A KINGSTON ROAD Matthew  Watts 196A KINGSTON ROAD FASTER PAYMENT,,,0,196AKIN,OurRent,,,0.99,prop_rent_196AKIN_86,strong,0,rule
2026-03-30,b3a78a46fb0b98e8581721b5b21e6aae988ba8b6b5ae3eec986185f51ff178df,MAR2026_StarlingStatement_2026-03.csv_180,MAR2026,starling,60-83-71 00558156,2026-03-30,1005.0,GBP,KARUN,19 4-6,KARUN 19 4-6,FASTER PAYMENT,61469.17,,REVENUE,,REVENUE,KARUN 19 4-6 KARUN 19 4-6 FASTER PAYMENT,,,0,F1946ALH,OurRent,,,0.99,prop_rent_F1946ALH_92,strong,0,rule
2026-03-30,35cc01171e971504b2a46609365fd95e11df8ea42c727ab0fcf92f0d11957a3f,MAR2026_StarlingStatement_2026-03.csv_181,MAR2026,starling,60-83-71 00558156,2026-03-30,-39.1,GBP,Marks & Spencer,MARKS&SPENCER PLC,Marks & Spencer MARKS&SPENCER PLC,CONTACTLESS,61430.07,,FOOD_AND_DRINK,,FOOD_AND_DRINK,Marks & Spencer MARKS&SPENCER PLC Marks & Spencer MARKS&SPENCER PLC CONTACTLESS,,,0,,PersonalExpense,M&S,,0.99,override_2,strong,0,rule
2026-03-30,06a883049c8cf7ac01371e94d2b34848d0cb01e3ebeff7efe474e684298f5d64,MAR2026_StarlingStatement_2026-03.csv_182,MAR2026,starling,60-83-71 00558156,2026-03-30,-8.65,GBP,Amazon Marketplace,AMZNMktplace*N290U29Z4,Amazon Marketplace AMZNMktplace*N290U29Z4,ONLINE PAYMENT,61421.42,,OTHER,,OTHER,Amazon Marketplace AMZNMktplace*N290U29Z4 Amazon Marketplace AMZNMktplace*N290U29Z4 ONLINE PAYMENT,,,0,,OtherExpense,,,0.65,cat_otherexpense_35,catch_all,1,rule
2026-03-30,83ff9cc3f3446894c3950c3904cef19e0fe699b98ac62bc4c848af67b19fc7b8,MAR2026_StarlingStatement_2026-03.csv_183,MAR2026,starling,60-83-71 00558156,2026-03-30,905.0,GBP,Kye Elliott-Street,Rsa Capital Limite,Kye Elliott-Street Rsa Capital Limite,FASTER PAYMENT,62326.42,,REVENUE,,REVENUE,Kye Elliott-Street Rsa Capital Limite Kye Elliott-Street Rsa Capital Limite FASTER PAYMENT,,,0,F68ALH,Interbank,,,0.99,prop_rent_F68ALH_98,strong,0,rule
2026-03-31,fa9eda3e4ae81f416c8b1877367718d9e34f462a429f752b68835d89d99c9268,MAR2026_BC_6045_MAR2026.csv_35,MAR2026,barclays,20-74-09 60458872,2026-03-31,-46.76,GBP,,,EE LIMITED            Q13077400710133360 DD,,,941284,,Direct Debit,Direct Debit,EE LIMITED            Q13077400710133360 DD,,,0,,RegularPayment,,,0.99,cat_regularpayment_27,strong,0,rule
2026-03-31,05f64a9fc6e7a8dd19a32fa306e777ae17f9b1e0348d2e6fca532ec07814d81e,MAR2026_BC_6045_MAR2026.csv_36,MAR2026,barclays,20-74-09 60458872,2026-03-31,-32.51,GBP,,,AMAZON* N21LV5UJ4     ON 29 MAR BCC,,,0,,Card Purchase,Card Purchase,AMAZON* N21LV5UJ4     ON 29 MAR BCC,,,0,,PersonalExpense,Amazon,,0.99,cat_personalexpense_30,strong,0,rule
2026-03-31,60921fb8a26fcfe3fec3ab8717b330695e4840625d4007d3b6f17776ad8d98bd,MAR2026_BC_3072_MAR2026.csv_58,MAR2026,barclays,20-53-97 30728691,2026-03-31,-425.9,GBP,,,PARAGON BANK PLC      002186317 10132390 DD,,,295404,,Direct Debit,Direct Debit,PARAGON BANK PLC      002186317 10132390 DD,,,0,F58ALH,Mortgage,,,0.99,prop_mort_F58ALH_29,strong,0,rule
2026-03-31,023a45416ff53fd9447dcfe103a6fbc1789655576abe974c079813e1085efe46,MAR2026_BC_3072_MAR2026.csv_59,MAR2026,barclays,20-53-97 30728691,2026-03-31,-425.9,GBP,,,PARAGON BANK PLC      002186356 10132390 DD,,,295404,,Direct Debit,Direct Debit,PARAGON BANK PLC      002186356 10132390 DD,,,0,F1846ALH,Mortgage,,,0.99,prop_mort_F1846ALH_35,strong,0,rule
2026-03-31,50b6850b33f801933a25b32f7256f167c3f87da2747ce2ce2ead414e28eb4374,MAR2026_BC_3072_MAR2026.csv_60,MAR2026,barclays,20-53-97 30728691,2026-03-31,-425.9,GBP,,,PARAGON BANK PLC      002186357 10132390 DD,,,295404,,Direct Debit,Direct Debit,PARAGON BANK PLC      002186357 10132390 DD,,,0,F1746ALH,Mortgage,,,0.99,prop_mort_F1746ALH_34,strong,0,rule
2026-03-31,04e560ab8f72548e04ef3bb6c89a50c298b615bf465ebbb9dfc14daa48d71a26,MAR2026_BC_3072_MAR2026.csv_61,MAR2026,barclays,20-53-97 30728691,2026-03-31,-437.03,GBP,,,MORTGAGE TRUST        002197389 10132390 DD,,,624461,,Direct Debit,Direct Debit,MORTGAGE TRUST        002197389 10132390 DD,,,0,F71214ALH,Mortgage,,,0.99,prop_mort_F71214ALH_45,strong,0,rule
2026-03-31,58bad771e9437e89468819732feb1824e578047e057e740d1a6d13d8f48d5499,MAR2026_BC_4040_MAR2026.csv_17,MAR2026,barclays,20-74-09 40406538,2026-03-31,100.0,GBP,,,Rsa Capital Limite    food BGC,,,0,,Counter Credit,Counter Credit,Rsa Capital Limite    food BGC,,,0,,Interbank,,,0.99,override_40,strong,0,rule
2026-03-31,b080f9e723b9382ed665fdcdda1bc530aebe1e23b4ed0c8d8111b6b641ea8d57,MAR2026_BC_4040_MAR2026.csv_18,MAR2026,barclays,20-74-09 40406538,2026-03-31,-30.0,GBP,,,SOFIA VALENTINO-TU    LOVE MUMMY FT,,,0,,Funds Transfer,Funds Transfer,SOFIA VALENTINO-TU    LOVE MUMMY FT,,,0,,PersonalExpense,Sofia,,0.99,override_8,strong,0,rule
2026-03-31,7b16ffa251d8a555353296d956644ec04ad4daa3080e33451075be760a9ed93c,MAR2026_BC_4040_MAR2026.csv_19,MAR2026,barclays,20-74-09 40406538,2026-03-31,-30.0,GBP,,,ALESSIO VALENTINO-    FROM MUMMY FT,,,0,,Funds Transfer,Funds Transfer,ALESSIO VALENTINO-    FROM MUMMY FT,,,0,,PersonalExpense,Alessio,,0.99,override_7,strong,0,rule
2026-03-31,ad28b62311b886f72c00830d47ec76bc237d5c24cfe2e14396a4220b37309d1f,MAR2026_StarlingStatement_2026-03.csv_184,MAR2026,starling,60-83-71 00558156,2026-03-31,800.0,GBP,ALDINGTON H,FLAT 4 321LONDONRD,ALDINGTON H FLAT 4 321LONDONRD,FASTER PAYMENT,63126.42,,REVENUE,,REVENUE,ALDINGTON H FLAT 4 321LONDONRD ALDINGTON H FLAT 4 321LONDONRD FASTER PAYMENT,,,0,F4321LON,OurRent,,,0.99,prop_rent_F4321LON_74,strong,0,rule
2026-03-31,e5eee7705e540eff48a68e4e652eebbb62de3949ac712e8bf0618bfd2fa451ee,MAR2026_StarlingStatement_2026-03.csv_185,MAR2026,starling,60-83-71 00558156,2026-03-31,19.05,GBP,Trainline,TRAINLINE,Trainline TRAINLINE,ONLINE PAYMENT,63145.47,,TRAVEL,,TRAVEL,Trainline TRAINLINE Trainline TRAINLINE ONLINE PAYMENT,,,0,,OtherIncome,,,0.65,cat_otherincome_34,catch_all,1,rule
2026-03-31,a362ab16721209fd91c051a0d01314e81122a2573cd01331787a7ec9052fdd3b,MAR2026_StarlingStatement_2026-03.csv_186,MAR2026,starling,60-83-71 00558156,2026-03-31,-5.52,GBP,Tesco,TESCO STORES,Tesco TESCO STORES,CONTACTLESS,63139.95,,FOOD_AND_DRINK,,FOOD_AND_DRINK,Tesco TESCO STORES Tesco TESCO STORES CONTACTLESS,,,0,,PersonalExpense,Tesco,,0.99,override_9,strong,0,rule
2026-03-31,1e624ce66595a2d5fdec1b86f70ca03672f8136e28bdb9812ed8396c90c841ee,MAR2026_StarlingStatement_2026-03.csv_187,MAR2026,starling,60-83-71 00558156,2026-03-31,-1.8,GBP,Harpur Centre Bedford,Harpur Centre Bedford,Harpur Centre Bedford Harpur Centre Bedford,CONTACTLESS,63138.15,,TRAVEL,,TRAVEL,Harpur Centre Bedford Harpur Centre Bedford Harpur Centre Bedford Harpur Centre Bedford CONTACTLESS,,,0,,OtherExpense,,,0.65,cat_otherexpense_35,catch_all,1,rule
2026-03-31,ba58c260881c456314eaddfc8b92e407c325e6b603f73269524f3d9a7dafc086,MAR2026_StarlingStatement_2026-03.csv_188,MAR2026,starling,60-83-71 00558156,2026-03-31,950.0,GBP,K Thu,KAUNG THU FLAT 13,K Thu KAUNG THU FLAT 13,FASTER PAYMENT,64088.15,,REVENUE,,REVENUE,K Thu KAUNG THU FLAT 13 K Thu KAUNG THU FLAT 13 FASTER PAYMENT,,,0,F131618ALH,OurRent,,,0.99,prop_rent_F131618ALH_111,strong,0,rule
2026-03-31,4e15641c06171caf13569319d285af28132e22dfc1c50ca396bf682661d2389f,MAR2026_StarlingStatement_2026-03.csv_189,MAR2026,starling,60-83-71 00558156,2026-03-31,-102.87,GBP,Lidl,LIDL GB KEMPSTON,Lidl LIDL GB KEMPSTON,CHIP & PIN,63985.28,,FOOD_AND_DRINK,,FOOD_AND_DRINK,Lidl LIDL GB KEMPSTON Lidl LIDL GB KEMPSTON CHIP & PIN,,,0,,PersonalExpense,LIDL,,0.99,override_11,strong,0,rule
2026-03-31,7693e482af9380f7520a30238f1d5c19efa1ae9e3f8379dde3ad298dde33ed8b,MAR2026_StarlingStatement_2026-03.csv_190,MAR2026,starling,60-83-71 00558156,2026-03-31,-100.0,GBP,Ivana  VALENTINO,food,Ivana  VALENTINO food,FASTER PAYMENT,63885.28,,DIRECTORS_WAGES,,DIRECTORS_WAGES,Ivana  VALENTINO food Ivana  VALENTINO food FASTER PAYMENT,,,0,,PersonalExpense,Ivana,,0.99,cat_personalexpense_16,strong,0,rule
