Date,tx_id,raw_row_id,import_batch_id,source_bank,source_account,posted_date,amount,currency,counterparty,reference,memo,type,balance,bank_txn_number,bank_category,bank_subcategory,effective_subcategory,match_text,description_x,parent_tx_id,is_superseded,property_code,category,subcategory,description_y,confidence,rule_id,rule_strength,needs_review,source
2025-12-31,c72f93080240af95d7ee6fce5174862ef27d33a17fea146c2043a0bfa51d727a,JAN2026_BC_6045_JAN2026.csv_28,JAN2026,barclays,20-74-09 60458872,2025-12-31,-47.43,GBP,,,EE LIMITED            Q13077400684317500 DD,,,941284,,Direct Debit,Direct Debit,EE LIMITED            Q13077400684317500 DD,,,0,,RegularPayment,,,0.99,cat_regularpayment_27,strong,0,rule
2026-01-01,4bb7c17c604d900cd4b5532596e864d9e34c1bc0b0739c67e1a35501a3a2ba14,JAN2026_StarlingStatement_2026-01.csv_1,JAN2026,starling,60-83-71 00558156,2026-01-01,-315.0,GBP,ALHHAMBRA ROAD,M Tucker SC,ALHHAMBRA ROAD M Tucker SC,FASTER PAYMENT,56678.61,,REPAIRS_AND_MAINTENANCE,,REPAIRS_AND_MAINTENANCE,ALHHAMBRA ROAD M Tucker SC ALHHAMBRA ROAD M Tucker SC FASTER PAYMENT,,,0,,ServiceCharge,,,0.99,cat_servicecharge_11,strong,0,rule
2026-01-01,ac001d37d84963ca2b79aed22e57910e4f22ffeb9d04536943d28aee118bab72,JAN2026_StarlingStatement_2026-01.csv_2,JAN2026,starling,60-83-71 00558156,2026-01-01,-320.0,GBP,Alhambra Road,M Tucker SC,Alhambra Road M Tucker SC,FASTER PAYMENT,56358.61,,REPAIRS_AND_MAINTENANCE,,REPAIRS_AND_MAINTENANCE,Alhambra Road M Tucker SC Alhambra Road M Tucker SC FASTER PAYMENT,,,0,,ServiceCharge,,,0.99,cat_servicecharge_11,strong,0,rule
2026-01-01,0ea09df7f6461107313b6fd60017e82398b2f18729fe72a9eab288c200be87ba,JAN2026_StarlingStatement_2026-01.csv_3,JAN2026,starling,60-83-71 00558156,2026-01-01,-465.0,GBP,Alhambra Road,M Tucker SC,Alhambra Road M Tucker SC,FASTER PAYMENT,55893.61,,REPAIRS_AND_MAINTENANCE,,REPAIRS_AND_MAINTENANCE,Alhambra Road M Tucker SC Alhambra Road M Tucker SC FASTER PAYMENT,,,0,,ServiceCharge,,,0.99,cat_servicecharge_11,strong,0,rule
2026-01-01,4b138265694071fe9629d2a12ab569226608385fd3f5c4443ccec8268510104b,JAN2026_StarlingStatement_2026-01.csv_4,JAN2026,starling,60-83-71 00558156,2026-01-01,825.0,GBP,LOWE L,Latisha Rent,LOWE L Latisha Rent,FASTER PAYMENT,56718.61,,REVENUE,,REVENUE,LOWE L Latisha Rent LOWE L Latisha Rent FASTER PAYMENT,,,0,,OtherIncome,,,0.65,cat_otherincome_34,catch_all,1,rule
2026-01-01,9e59a2981007c125fbd14718f34252c572f55e2a2d94cf013f0661f5ea6063cc,JAN2026_StarlingStatement_2026-01.csv_5,JAN2026,starling,60-83-71 00558156,2026-01-01,925.0,GBP,R Cowie,FLAT 14. PO4 0RF,R Cowie FLAT 14. PO4 0RF,FASTER PAYMENT,57643.61,,REVENUE,,REVENUE,R Cowie FLAT 14. PO4 0RF R Cowie FLAT 14. PO4 0RF FASTER PAYMENT,,,0,F141214ALH,OurRent,,,0.99,prop_rent_F141214ALH_103,strong,0,rule
2026-01-01,3f75f7df9d85e584f6fb018350554a6acf7c32d221916e462f954c8ff0bce5af,JAN2026_StarlingStatement_2026-01.csv_6,JAN2026,starling,60-83-71 00558156,2026-01-01,775.0,GBP,Nicole  Byrne,FL7 ALHAMBRA RD,Nicole  Byrne FL7 ALHAMBRA RD,FASTER PAYMENT,58418.61,,REVENUE,,REVENUE,Nicole  Byrne FL7 ALHAMBRA RD Nicole  Byrne FL7 ALHAMBRA RD FASTER PAYMENT,,,0,F71618ALH,OurRent,,,0.99,prop_rent_F71618ALH_116,strong,0,rule
2026-01-01,d2a869196e1151d07f59aa4588e169fa89bd5278240a5bcf9acde67f1fedfc7d,JAN2026_StarlingStatement_2026-01.csv_7,JAN2026,starling,60-83-71 00558156,2026-01-01,-96.8,GBP,Marks & Spencer,MARKS&SPENCER PLC SACA,Marks & Spencer MARKS&SPENCER PLC SACA,CONTACTLESS,58321.81,,FOOD_AND_DRINK,,FOOD_AND_DRINK,Marks & Spencer MARKS&SPENCER PLC SACA Marks & Spencer MARKS&SPENCER PLC SACA CONTACTLESS,,,0,,PersonalExpense,M&S,,0.99,override_2,strong,0,rule
2026-01-01,3c27b99b9b98114b875f1f86e07bb98b08be711301215ca83083bec2df20b5e6,JAN2026_StarlingStatement_2026-01.csv_8,JAN2026,starling,60-83-71 00558156,2026-01-01,1050.0,GBP,A Ancy Treesa Math,23 C HT  Jan RENT,A Ancy Treesa Math 23 C HT  Jan RENT,FASTER PAYMENT,59371.81,,REVENUE,,REVENUE,A Ancy Treesa Math 23 C HT  Jan RENT A Ancy Treesa Math 23 C HT  Jan RENT FASTER PAYMENT,,,0,23CHAM,OurRent,,,0.99,prop_rent_23CHAM_89,strong,0,rule
2026-01-02,8959de4e1882b68a4b9918eb3b40f24020d695b724b6a15997807818f3ff3af8,JAN2026_BC_6045_JAN2026.csv_22,JAN2026,barclays,20-74-09 60458872,2026-01-02,2800.0,GBP,,,M Tucker              SF BGC,,,0,,Counter Credit,Counter Credit,M Tucker              SF BGC,,,0,,MTPayment,,,0.99,override_41,strong,0,rule
2026-01-02,605693d83326d08f50b8712305362ca1ed8b403d14776cef93f37fe9a2b58efe,JAN2026_BC_6045_JAN2026.csv_23,JAN2026,barclays,20-74-09 60458872,2026-01-02,-50.0,GBP,,,NATIONWIDE            0604/229172770 STO,,,0,,Standing Order,Standing Order,NATIONWIDE            0604/229172770 STO,,,0,,RegularPayment,,,0.99,cat_regularpayment_25,strong,0,rule
2026-01-02,7dad369fd1e3175e78c68e6197dfe12816c8a0c7882dd7ce35dbec77a1d86688,JAN2026_BC_6045_JAN2026.csv_24,JAN2026,barclays,20-74-09 60458872,2026-01-02,-300.0,GBP,,,G & F VALENTINO       M TUCKER STO,,,0,,Standing Order,Standing Order,G & F VALENTINO       M TUCKER STO,,,0,,Hilltop,,,0.99,cat_hilltop_21,strong,0,rule
2026-01-02,9f958a3d9bfdd8548a56cb6c6190169945907a784825b28e91aa649ea239984e,JAN2026_BC_6045_JAN2026.csv_25,JAN2026,barclays,20-74-09 60458872,2026-01-02,15.0,GBP,,,SSE SOUTHERN E        6882766014 REV0001Pa,,,0,,Credit,Credit,SSE SOUTHERN E        6882766014 REV0001Pa,,,0,169FAW,OtherIncome,,,0.99,prop_rent_169FAW_117,strong,0,rule
2026-01-02,4f057cea4f25398d5cbf09d853f9426514907b66706828b8b9d102707890c3d0,JAN2026_BC_6045_JAN2026.csv_26,JAN2026,barclays,20-74-09 60458872,2026-01-02,-15.0,GBP,,,SSE SOUTHERN ELECT    6882766014 STO,,,0,,Standing Order,Standing Order,SSE SOUTHERN ELECT    6882766014 STO,,,0,169FAW,PropertyExpense,,,0.99,prop_rent_169FAW_117,strong,0,rule
2026-01-02,3d3b8d60679e19a72768066d743b24a0f3d4c4cb969a416cdd7ab0239bf63821,JAN2026_BC_6045_JAN2026.csv_27,JAN2026,barclays,20-74-09 60458872,2026-01-02,-119.48,GBP,,,PIC RE ARGOS PET      PETAG934657920001 DDR,,,451019,,Direct Debit,Direct Debit,PIC RE ARGOS PET      PETAG934657920001 DDR,,,0,,RegularPayment,,,0.99,cat_regularpayment_27,strong,0,rule
2026-01-02,2e1cc265ce4606d417171b2425f7050c87034868667e565813dc6c435536e296,JAN2026_BC_3072_JAN2026.csv_48,JAN2026,barclays,20-53-97 30728691,2026-01-02,6497.63,GBP,,,Rsa Capital Limite    mortgages BGC,,,0,,Counter Credit,Counter Credit,Rsa Capital Limite    mortgages BGC,,,0,,Interbank,,,0.99,override_40,strong,0,rule
2026-01-02,dfb4467b4460da9d2a24ed83da786dd72abed2df8142ef67d076ea4499250e47,JAN2026_BC_3072_JAN2026.csv_49,JAN2026,barclays,20-53-97 30728691,2026-01-02,-313.0,GBP,,,JASPER MORTGAGES      JAC00002/390255110 DD,,,457918,,Direct Debit,Direct Debit,JASPER MORTGAGES      JAC00002/390255110 DD,,,0,F2169FAW,Mortgage,,,0.99,prop_mort_F2169FAW_9,strong,0,rule
2026-01-02,4afa6485fc35c01ba3f5ebb6f34a467eca384dec29643f5677bfab042d927556,JAN2026_BC_3072_JAN2026.csv_50,JAN2026,barclays,20-53-97 30728691,2026-01-02,-314.84,GBP,,,JASPER MORTGAGES      JAC00002/390255001 DD,,,457918,,Direct Debit,Direct Debit,JASPER MORTGAGES      JAC00002/390255001 DD,,,0,F3321LON,Mortgage,,,0.99,prop_mort_F3321LON_6,strong,0,rule
2026-01-02,fde543abba152d1144ad4ed8cf6f6ccdd335927fba3b812a7a7cf964f7576ae6,JAN2026_BC_3072_JAN2026.csv_51,JAN2026,barclays,20-53-97 30728691,2026-01-02,-620.94,GBP,,,TOPAZ RE SIBERITE     SIB00001/480016104 DD,,,177794,,Direct Debit,Direct Debit,TOPAZ RE SIBERITE     SIB00001/480016104 DD,,,0,F2146ALH,Mortgage,,,0.99,prop_mort_F2146ALH_38,strong,0,rule
2026-01-02,62012dfa3876135910528dbf665d9e0271a07bdbfad8e0822a952086f9da5636,JAN2026_BC_3072_JAN2026.csv_52,JAN2026,barclays,20-53-97 30728691,2026-01-02,-887.02,GBP,,,HESSONITE MORTGAGE    TND00001/631516204 DD,,,573997,,Direct Debit,Direct Debit,HESSONITE MORTGAGE    TND00001/631516204 DD,,,0,23CHAM,Mortgage,,,0.99,prop_mort_23CHAM_28,strong,0,rule
2026-01-02,e900408cc919baa5706eb734140d24570fa5988a324bc39f395b323272b7074a,JAN2026_BC_3072_JAN2026.csv_53,JAN2026,barclays,20-53-97 30728691,2026-01-02,-490.37,GBP,,,TOPAZ RE ROSINCA      ROW20004/560476808 DD,,,169548,,Direct Debit,Direct Debit,TOPAZ RE ROSINCA      ROW20004/560476808 DD,,,0,F61618ALH,Mortgage,,,0.99,prop_mort_F61618ALH_61,strong,0,rule
2026-01-02,557dbdcfd4aa311707bfdac084973d547fc49c4c17003d58ea8c7b909c1f6dbd,JAN2026_BC_3072_JAN2026.csv_54,JAN2026,barclays,20-53-97 30728691,2026-01-02,-531.22,GBP,,,TOPAZ RE ROSINCA      ROW20004/560471810 DD,,,169548,,Direct Debit,Direct Debit,TOPAZ RE ROSINCA      ROW20004/560471810 DD,,,0,F2246ALH,Mortgage,,,0.99,prop_mort_F2246ALH_58,strong,0,rule
2026-01-02,415202e17be5f045705e197b4155a562bb1f61d2bcbe5272c35dd0cbba12b5eb,JAN2026_BC_3072_JAN2026.csv_55,JAN2026,barclays,20-53-97 30728691,2026-01-02,-532.13,GBP,,,TOPAZ RE ROSINCA      ROW20004/560471701 DD,,,169548,,Direct Debit,Direct Debit,TOPAZ RE ROSINCA      ROW20004/560471701 DD,,,0,F2046ALH,Mortgage,,,0.99,prop_mort_F2046ALH_59,strong,0,rule
2026-01-02,388002c090a6a9fd76a260705059cd2cd51f791512077c1358e808cf8ddaaae2,JAN2026_BC_3072_JAN2026.csv_56,JAN2026,barclays,20-53-97 30728691,2026-01-02,-535.55,GBP,,,TOPAZ RE ROSINCA      ROW20004/560470708 DD,,,169548,,Direct Debit,Direct Debit,TOPAZ RE ROSINCA      ROW20004/560470708 DD,,,0,F2346ALH,Mortgage,,,0.99,prop_mort_F2346ALH_60,strong,0,rule
2026-01-02,47dd9d9037cf21f63f4c66edc4d30072b6a38c03b9e8b83a48dedda8bf36305e,JAN2026_BC_3072_JAN2026.csv_57,JAN2026,barclays,20-53-97 30728691,2026-01-02,-457.65,GBP,,,TOPAZ FIN JASPER      PRU00010/190859005 DD,,,169547,,Direct Debit,Direct Debit,TOPAZ FIN JASPER      PRU00010/190859005 DD,,,0,F31618ALH,Mortgage,,,0.99,prop_mort_F31618ALH_51,strong,0,rule
2026-01-02,2dcb90a76f6d1fb2578eca131a651bb513b2d9e2da5bde9f196ed9224a48c9ef,JAN2026_BC_3072_JAN2026.csv_58,JAN2026,barclays,20-53-97 30728691,2026-01-02,-37.95,GBP,,,L&G INSURANCE MI      0114399215-260102 DDR,,,511148,,Direct Debit,Direct Debit,L&G INSURANCE MI      0114399215-260102 DDR,,,0,,RegularPayment,,,0.99,cat_regularpayment_27,strong,0,rule
2026-01-02,8bc86a28b123394a2664ae7db9738185bed5f039b2b556fdc5710dfcdd64e6ff,JAN2026_BC_4040_JAN2026.csv_43,JAN2026,barclays,20-74-09 40406538,2026-01-02,-2.5,GBP,,,MK COUNCIL - IPS      ON 01 JAN CLP,,,0,,Contactless Card Purchase,Contactless Card Purchase,MK COUNCIL - IPS      ON 01 JAN CLP,,,0,,PersonalExpense,Other,,0.99,cat_personalexpense_30,strong,0,rule
2026-01-02,9643b62a678f578561eddba4406d91dd603e0d3fce85e9095c24ef139cd5694a,JAN2026_StarlingStatement_2026-01.csv_9,JAN2026,starling,60-83-71 00558156,2026-01-02,850.0,GBP,ELLIE BARTON,12  Alhambra Road,ELLIE BARTON 12  Alhambra Road,FASTER PAYMENT,60221.81,,REVENUE,,REVENUE,ELLIE BARTON 12  Alhambra Road ELLIE BARTON 12  Alhambra Road FASTER PAYMENT,,,0,F121618ALH,OurRent,,,0.99,prop_rent_F121618ALH_110,strong,0,rule
2026-01-02,08e038cc5d96313c9bf8bed8c0bd90c6023aeecd30e7bdb49300b8ae7e0bae8e,JAN2026_StarlingStatement_2026-01.csv_10,JAN2026,starling,60-83-71 00558156,2026-01-02,980.0,GBP,Mr A J  FITZGERALD,FLAT 23 4-6 ALHAMB,Mr A J  FITZGERALD FLAT 23 4-6 ALHAMB,FASTER PAYMENT,61201.81,,REVENUE,,REVENUE,Mr A J  FITZGERALD FLAT 23 4-6 ALHAMB Mr A J  FITZGERALD FLAT 23 4-6 ALHAMB FASTER PAYMENT,,,0,F2346ALH,OurRent,,,0.99,prop_rent_F2346ALH_96,strong,0,rule
2026-01-02,04c923f6a493ed9e4a9562965b5ae52a9076b5d3f03028db32f99242f2bd06e7,JAN2026_StarlingStatement_2026-01.csv_11,JAN2026,starling,60-83-71 00558156,2026-01-02,-42.0,GBP,River Island,WWW.RIVERISLAND.COM,River Island WWW.RIVERISLAND.COM,ONLINE PAYMENT,61159.81,,OTHER,,OTHER,River Island WWW.RIVERISLAND.COM River Island WWW.RIVERISLAND.COM ONLINE PAYMENT,,,0,,OtherExpense,,,0.65,cat_otherexpense_35,catch_all,1,rule
2026-01-02,baebe1ae3317937c57c599225b7e7053572d17de946e217d53c279ca3c771b26,JAN2026_StarlingStatement_2026-01.csv_12,JAN2026,starling,60-83-71 00558156,2026-01-02,-6497.63,GBP,Ivana Valentino,mortgages,Ivana Valentino mortgages,FASTER PAYMENT,54662.18,,INTEREST_PAYMENTS,,INTEREST_PAYMENTS,Ivana Valentino mortgages Ivana Valentino mortgages FASTER PAYMENT,,,0,,MortgageRefund,Ivana,,0.99,cat_mortgagerefund_15,strong,0,rule
2026-01-02,4fed7798a81744988f75b7d93666edfdbb98ddce323aec75d0fc94636eff7da2,JAN2026_StarlingStatement_2026-01.csv_13,JAN2026,starling,60-83-71 00558156,2026-01-02,-57.88,GBP,BP,BP MFG CHILDS WAY SERV,BP BP MFG CHILDS WAY SERV,CONTACTLESS,54604.3,,VEHICLES,,VEHICLES,BP BP MFG CHILDS WAY SERV BP BP MFG CHILDS WAY SERV CONTACTLESS,,,0,,PersonalExpense,Garage,,0.99,override_28,strong,0,rule
2026-01-02,cce15bd853c15301b972d24275b64c90fac085ece6840f0ca73260b4b8168807,JAN2026_StarlingStatement_2026-01.csv_14,JAN2026,starling,60-83-71 00558156,2026-01-02,775.0,GBP,Matt GRANIL,Flat 2 PO4 ODH,Matt GRANIL Flat 2 PO4 ODH,FASTER PAYMENT,55379.3,,REVENUE,,REVENUE,Matt GRANIL Flat 2 PO4 ODH Matt GRANIL Flat 2 PO4 ODH FASTER PAYMENT,,,0,F2169FAW,OurRent,,,0.99,prop_rent_F2169FAW_77,strong,0,rule
2026-01-03,c6620fa5c5d3dc91e6e0af7980dce9ddebf4ec8398af6776c15eaee18ec60167,JAN2026_StarlingStatement_2026-01.csv_15,JAN2026,starling,60-83-71 00558156,2026-01-03,-15.36,GBP,ALDI,ALDI STORES,ALDI ALDI STORES,CHIP & PIN,55363.94,,FOOD_AND_DRINK,,FOOD_AND_DRINK,ALDI ALDI STORES ALDI ALDI STORES CHIP & PIN,,,0,,PersonalExpense,ALDI,,0.99,override_20,strong,0,rule
2026-01-03,a49d2758f63d0af4344e006e6000177fe789bf352bb6fabec6a91b5c23365854,JAN2026_StarlingStatement_2026-01.csv_16,JAN2026,starling,60-83-71 00558156,2026-01-03,-16.36,GBP,Home Bargains,HOME BARGAINS KINGSTON,Home Bargains HOME BARGAINS KINGSTON,CONTACTLESS,55347.58,,EQUIPMENT,,EQUIPMENT,Home Bargains HOME BARGAINS KINGSTON Home Bargains HOME BARGAINS KINGSTON CONTACTLESS,,,0,,PersonalExpense,Household,,0.99,override_12,strong,0,rule
2026-01-03,89a9fb7eee7b3520d409e599c2eec3f90e9785aedb4cbb8c3e3993c01748c84a,JAN2026_StarlingStatement_2026-01.csv_17,JAN2026,starling,60-83-71 00558156,2026-01-03,-17.1,GBP,Marks & Spencer,MARKS&SPENCER PLC,Marks & Spencer MARKS&SPENCER PLC,CONTACTLESS,55330.48,,FOOD_AND_DRINK,,FOOD_AND_DRINK,Marks & Spencer MARKS&SPENCER PLC Marks & Spencer MARKS&SPENCER PLC CONTACTLESS,,,0,,PersonalExpense,M&S,,0.99,override_2,strong,0,rule
2026-01-03,a8539fd96bea2326b9f5a58e3ce93054ee22f1a0650d6f7f48947ffbc813adeb,JAN2026_StarlingStatement_2026-01.csv_18,JAN2026,starling,60-83-71 00558156,2026-01-03,-1000.0,GBP,Central Energy South Limited,509  169-171 alarm,Central Energy South Limited 509  169-171 alarm materials for alarm,FASTER PAYMENT,54330.48,,REPAIRS_AND_MAINTENANCE,,REPAIRS_AND_MAINTENANCE,Central Energy South Limited 509  169-171 alarm Central Energy South Limited 509  169-171 alarm materials for alarm FASTER PAYMENT,,,0,169FAW,PropertyExpense,,,0.99,prop_rent_169FAW_75,strong,0,rule
2026-01-03,91892e25978b39994dc39766243df1ea581eaeeb2cfc07a4e840a47d57a0d42a,JAN2026_StarlingStatement_2026-01.csv_19,JAN2026,starling,60-83-71 00558156,2026-01-03,-25.0,GBP,Rocco VALENTINO TUCKER,admin resources,Rocco VALENTINO TUCKER admin resources,FASTER PAYMENT,54305.48,,REPAIRS_AND_MAINTENANCE,,REPAIRS_AND_MAINTENANCE,Rocco VALENTINO TUCKER admin resources Rocco VALENTINO TUCKER admin resources FASTER PAYMENT,,,0,,PersonalExpense,Rocco,,0.99,cat_propertyexpense_19,strong,0,rule
2026-01-04,d661c537193689f38df8a2121320f498250edcbc3aa5af57c1f5d6faa030d388,JAN2026_StarlingStatement_2026-01.csv_20,JAN2026,starling,60-83-71 00558156,2026-01-04,-11.2,GBP,Co-op,CO OPERATIVE FOOD,Co-op CO OPERATIVE FOOD,CONTACTLESS,54294.28,,REPAIRS_AND_MAINTENANCE,,REPAIRS_AND_MAINTENANCE,Co-op CO OPERATIVE FOOD Co-op CO OPERATIVE FOOD CONTACTLESS,,,0,,PersonalExpense,COOP,,0.99,cat_propertyexpense_19,strong,0,rule
2026-01-04,f58d288e17b656b845f2c537d0e259a6a6184eba48a0b740191c2c8fda8443c6,JAN2026_StarlingStatement_2026-01.csv_21,JAN2026,starling,60-83-71 00558156,2026-01-04,1000.0,GBP,S Bijumon,RENT FOR Jan 2026,S Bijumon RENT FOR Jan 2026,FASTER PAYMENT,55294.28,,REVENUE,,REVENUE,S Bijumon RENT FOR Jan 2026 S Bijumon RENT FOR Jan 2026 FASTER PAYMENT,,,0,23BHAM,OurRent,,,0.99,prop_rent_23BHAM_88,strong,0,rule
2026-01-05,33386a4b7c21670e763323102e7a5400bde6024646f02fad6d4c806aa4128020,JAN2026_BC_6045_JAN2026.csv_18,JAN2026,barclays,20-74-09 60458872,2026-01-05,-34.99,GBP,,,NOW E9AE4 Sky Spor    ON 04 JAN BCC,,,0,,Card Purchase,Card Purchase,NOW E9AE4 Sky Spor    ON 04 JAN BCC,,,0,,PersonalExpense,Amazon,,0.99,cat_personalexpense_30,strong,0,rule
2026-01-05,8d22dc7a03945731a2046e8b3d70e9c348f0faa292247825c050930c3bf04fd8,JAN2026_BC_6045_JAN2026.csv_19,JAN2026,barclays,20-74-09 60458872,2026-01-05,-10.0,GBP,,,UNITY MUTUAL KU CT    PL684048A VALENTNO ST,,,0,,Standing Order,Standing Order,UNITY MUTUAL KU CT    PL684048A VALENTNO ST,,,0,,RegularPayment,,,0.99,override_19,strong,0,rule
2026-01-05,863c17a24cd673cc0862d49fef3ccf266ba95da0e862aa6eaa4260f5356f50d1,JAN2026_BC_6045_JAN2026.csv_20,JAN2026,barclays,20-74-09 60458872,2026-01-05,-10.0,GBP,,,SHEPHERDS FRIENDLY    PN026484A DDR,,,672783,,Direct Debit,Direct Debit,SHEPHERDS FRIENDLY    PN026484A DDR,,,0,,RegularPayment,,,0.99,cat_regularpayment_27,strong,0,rule
2026-01-05,0b50001660e50fd79554622060cd4960ca870fe7b08519e24928d5fe1102281b,JAN2026_BC_6045_JAN2026.csv_21,JAN2026,barclays,20-74-09 60458872,2026-01-05,-16.99,GBP,,,AMAZON* ZG4CJ36X4     ON 02 JAN BCC,,,0,,Card Purchase,Card Purchase,AMAZON* ZG4CJ36X4     ON 02 JAN BCC,,,0,,PersonalExpense,Amazon,,0.99,cat_personalexpense_30,strong,0,rule
2026-01-05,0632d0d07ca01e1b20f748ad222c0eeb79378e72a2cbdcf78bbcef990e8f65b7,JAN2026_BC_3072_JAN2026.csv_35,JAN2026,barclays,20-53-97 30728691,2026-01-05,5650.39,GBP,,,Rsa Capital Limite    mortgages BGC,,,0,,Counter Credit,Counter Credit,Rsa Capital Limite    mortgages BGC,,,0,,Interbank,,,0.99,override_40,strong,0,rule
2026-01-05,420adadf51c76f5c2f5f72e3e46496ec27d0a324d0c98bf8b942a0cdb1f6cf79,JAN2026_BC_3072_JAN2026.csv_36,JAN2026,barclays,20-53-97 30728691,2026-01-05,-462.83,GBP,,,TOPAZ FIN ROSINCA     BLA00010/137376104 DD,,,169548,,Direct Debit,Direct Debit,TOPAZ FIN ROSINCA     BLA00010/137376104 DD,,,0,F2171FAW,Mortgage,,,0.99,prop_mort_F2171FAW_15,strong,0,rule
2026-01-05,0607142e410bcf82238a38b136f115943edfe853be71bb4a6668299c670b0bdc,JAN2026_BC_3072_JAN2026.csv_37,JAN2026,barclays,20-53-97 30728691,2026-01-05,-523.18,GBP,,,TOPAZ FIN ROSINCA     BLA00010/137376006 DD,,,169548,,Direct Debit,Direct Debit,TOPAZ FIN ROSINCA     BLA00010/137376006 DD,,,0,F1171FAW,Mortgage,,,0.99,prop_mort_F1171FAW_14,strong,0,rule
2026-01-05,529c8a0a58c962ece2afbd2429f337cc41af6d8d625982fa85bd904c6c85cfb4,JAN2026_BC_3072_JAN2026.csv_38,JAN2026,barclays,20-53-97 30728691,2026-01-05,-577.53,GBP,,,TOPAZ FIN ROSINCA     BLA00010/134467209 DD,,,169548,,Direct Debit,Direct Debit,TOPAZ FIN ROSINCA     BLA00010/134467209 DD,,,0,F141214ALH,Mortgage,,,0.99,prop_mort_F141214ALH_48,strong,0,rule
2026-01-05,ef5f22c7b7cd57f80e6d65449c4288ec86387be47d194723eb7be0d89734fec3,JAN2026_BC_3072_JAN2026.csv_39,JAN2026,barclays,20-53-97 30728691,2026-01-05,-557.53,GBP,,,TOPAZ FIN ROSINCA     BLA00010/134338410 DD,,,169548,,Direct Debit,Direct Debit,TOPAZ FIN ROSINCA     BLA00010/134338410 DD,,,0,F131618ALH,Mortgage,,,0.99,prop_mort_F131618ALH_56,strong,0,rule
2026-01-05,04bcd0df7c8a7f680f2561d3c7462ccf2d48e086f4485cc818015be71df334f8,JAN2026_BC_3072_JAN2026.csv_40,JAN2026,barclays,20-53-97 30728691,2026-01-05,-457.88,GBP,,,TOPAZ FIN ROSINCA     BLA00010/134333009 DD,,,169548,,Direct Debit,Direct Debit,TOPAZ FIN ROSINCA     BLA00010/134333009 DD,,,0,F111618ALH,Mortgage,,,0.99,prop_mort_F111618ALH_54,strong,0,rule
2026-01-05,85beb4477c720612bca3a278251929e1b605eef5b46464c647fef516c9738e74,JAN2026_BC_3072_JAN2026.csv_41,JAN2026,barclays,20-53-97 30728691,2026-01-05,-557.12,GBP,,,TOPAZ FIN ROSINCA     BLA00010/134332909 DD,,,169548,,Direct Debit,Direct Debit,TOPAZ FIN ROSINCA     BLA00010/134332909 DD,,,0,F11618ALH,Mortgage,,,0.99,prop_mort_F11618ALH_50,strong,0,rule
2026-01-05,92a218e51ab4e868e38e25f84da2d2c8f9d8721b947aa2dc211bac2afc1d14ac,JAN2026_BC_3072_JAN2026.csv_42,JAN2026,barclays,20-53-97 30728691,2026-01-05,-457.61,GBP,,,TOPAZ FIN ROSINCA     BLA00010/134121904 DD,,,169548,,Direct Debit,Direct Debit,TOPAZ FIN ROSINCA     BLA00010/134121904 DD,,,0,F111214ALH,Mortgage,,,0.99,prop_mort_F111214ALH_46,strong,0,rule
2026-01-05,fceda16aad5656eb3db359bac19510e89049fe98634bf873266de5de03d3b588,JAN2026_BC_3072_JAN2026.csv_43,JAN2026,barclays,20-53-97 30728691,2026-01-05,-352.97,GBP,,,TOPAZ FIN ROSINCA     BLA00010/132514207 DD,,,169548,,Direct Debit,Direct Debit,TOPAZ FIN ROSINCA     BLA00010/132514207 DD,,,0,F1169FAW,Mortgage,,,0.99,prop_mort_F1169FAW_8,strong,0,rule
2026-01-05,3803c7c450efdde31573f209066b706ac1fe62d7989534b65314c47755022d1b,JAN2026_BC_3072_JAN2026.csv_44,JAN2026,barclays,20-53-97 30728691,2026-01-05,-391.76,GBP,,,TOPAZ FIN ROSINCA     BLA00010/131992707 DD,,,169548,,Direct Debit,Direct Debit,TOPAZ FIN ROSINCA     BLA00010/131992707 DD,,,0,F1321LON,Mortgage,,,0.99,prop_mort_F1321LON_1,strong,0,rule
2026-01-05,0900f220b39ab7633c6660a2140f2174da376403b9159d41037e7958ab38b761,JAN2026_BC_3072_JAN2026.csv_45,JAN2026,barclays,20-53-97 30728691,2026-01-05,-391.84,GBP,,,TOPAZ FIN ROSINCA     BLA00010/131188407 DD,,,169548,,Direct Debit,Direct Debit,TOPAZ FIN ROSINCA     BLA00010/131188407 DD,,,0,F4321LON,Mortgage,,,0.99,prop_mort_F4321LON_7,strong,0,rule
2026-01-05,04b0fa6fabdd61a56256c986e2e98c23023c9ee5cecc1cdb7f191d6c0018dae5,JAN2026_BC_3072_JAN2026.csv_46,JAN2026,barclays,20-53-97 30728691,2026-01-05,-357.62,GBP,,,TOPAZ FIN ROSINCA     BLA00010/130654303 DD,,,169548,,Direct Debit,Direct Debit,TOPAZ FIN ROSINCA     BLA00010/130654303 DD,,,0,F3163FRA,Mortgage,,,0.99,prop_mort_F3163FRA_18,strong,0,rule
2026-01-05,8ea7bec9744276897f9ecc30078e5a1445445ffe55501c66c782f56faad12e2d,JAN2026_BC_3072_JAN2026.csv_47,JAN2026,barclays,20-53-97 30728691,2026-01-05,-562.52,GBP,,,TOPAZ FIN JASPER      PRU00010/191462710 DD,,,169547,,Direct Debit,Direct Debit,TOPAZ FIN JASPER      PRU00010/191462710 DD,,,0,F3171FAW,Mortgage,,,0.99,prop_mort_F3171FAW_16,strong,0,rule
2026-01-05,7381ec4c46a62dabe3827fb574687f8b0a9ef17d491252c0feb5bc7a80b48177,JAN2026_BC_4040_JAN2026.csv_41,JAN2026,barclays,20-74-09 40406538,2026-01-05,-11.85,GBP,,,CO OPERATIVE FOOD     ON 04 JAN BCC,,,0,,Card Purchase,Card Purchase,CO OPERATIVE FOOD     ON 04 JAN BCC,,,0,,PersonalExpense,COOP,,0.99,cat_personalexpense_30,strong,0,rule
2026-01-05,f1d3afd55c1034cca2af9a8d4f42bbd3158392afe1550d7297a90550ae8328ce,JAN2026_BC_4040_JAN2026.csv_42,JAN2026,barclays,20-74-09 40406538,2026-01-05,-2.5,GBP,,,MK COUNCIL - IPS      ON 02 JAN CLP,,,0,,Contactless Card Purchase,Contactless Card Purchase,MK COUNCIL - IPS      ON 02 JAN CLP,,,0,,PersonalExpense,Other,,0.99,cat_personalexpense_30,strong,0,rule
2026-01-05,b58f3ca205ad71acfc30272a16722149f44977440da25b77c92b0308343f3801,JAN2026_StarlingStatement_2026-01.csv_22,JAN2026,starling,60-83-71 00558156,2026-01-05,-21.6,GBP,Co-op,CO OPERATIVE FOOD,Co-op CO OPERATIVE FOOD,CONTACTLESS,55272.68,,REPAIRS_AND_MAINTENANCE,,REPAIRS_AND_MAINTENANCE,Co-op CO OPERATIVE FOOD Co-op CO OPERATIVE FOOD CONTACTLESS,,,0,,PersonalExpense,COOP,,0.99,cat_propertyexpense_19,strong,0,rule
2026-01-05,58fd80de9bdb60cc85c9cc98295b695527bc911268b92c18f28320cfde0953b9,JAN2026_StarlingStatement_2026-01.csv_23,JAN2026,starling,60-83-71 00558156,2026-01-05,-7.9,GBP,Co-op,CO OPERATIVE FOOD,Co-op CO OPERATIVE FOOD,CONTACTLESS,55264.78,,REPAIRS_AND_MAINTENANCE,,REPAIRS_AND_MAINTENANCE,Co-op CO OPERATIVE FOOD Co-op CO OPERATIVE FOOD CONTACTLESS,,,0,,PersonalExpense,COOP,,0.99,cat_propertyexpense_19,strong,0,rule
2026-01-05,5b1bac1307f70e3c86c3a15d4677c29e9ee95e0dc6ecf8cf5f91364b7cc65ae9,JAN2026_StarlingStatement_2026-01.csv_24,JAN2026,starling,60-83-71 00558156,2026-01-05,-148.0,GBP,Mathew Tucker Lloyds,Fyles Warrant Form,Mathew Tucker Lloyds Fyles Warrant Form,FASTER PAYMENT,55116.78,,PROFESSIONAL_SERVICES,,PROFESSIONAL_SERVICES,Mathew Tucker Lloyds Fyles Warrant Form Mathew Tucker Lloyds Fyles Warrant Form FASTER PAYMENT,,,0,F11618ALH,OtherExpense,,,0.99,prop_rent_F11618ALH_113,strong,0,rule
2026-01-05,ff08c6c6c70e7f053d56c7f301e5cda63c6f13fedebd6370c19b2f047002f8c6,JAN2026_StarlingStatement_2026-01.csv_25,JAN2026,starling,60-83-71 00558156,2026-01-05,-5650.39,GBP,Ivana Valentino,mortgages,Ivana Valentino mortgages,FASTER PAYMENT,49466.39,,INTEREST_PAYMENTS,,INTEREST_PAYMENTS,Ivana Valentino mortgages Ivana Valentino mortgages FASTER PAYMENT,,,0,,MortgageRefund,Ivana,,0.99,cat_mortgagerefund_15,strong,0,rule
2026-01-05,9d413cabd493491a2b894825921bc76b85836a0f9e9a8fe3f75f596af73df279,JAN2026_StarlingStatement_2026-01.csv_26,JAN2026,starling,60-83-71 00558156,2026-01-05,-10.81,GBP,BP,BP BEDFORD EXPRESS,BP BP BEDFORD EXPRESS,CONTACTLESS,49455.58,,VEHICLES,,VEHICLES,BP BP BEDFORD EXPRESS BP BP BEDFORD EXPRESS CONTACTLESS,,,0,,PersonalExpense,Garage,,0.99,override_18,strong,0,rule
2026-01-05,344201fb6333473ad3c8911e186333ae64f48d0ecdd7b12b55f13c6f72b3aa4a,JAN2026_StarlingStatement_2026-01.csv_27,JAN2026,starling,60-83-71 00558156,2026-01-05,850.0,GBP,DANIELLE FULKER,Flat3171Fawcett,DANIELLE FULKER Flat3171Fawcett,FASTER PAYMENT,50305.58,,REVENUE,,REVENUE,DANIELLE FULKER Flat3171Fawcett DANIELLE FULKER Flat3171Fawcett FASTER PAYMENT,,,0,F3171FAW,OurRent,,,0.99,prop_rent_F3171FAW_81,strong,0,rule
2026-01-06,f8d9e263601551293c76c95f862b26ec6f1a90f9bf42d8ccfb73d573d218c5a5,JAN2026_BC_6045_JAN2026.csv_16,JAN2026,barclays,20-74-09 60458872,2026-01-06,-14.77,GBP,,,PAYPAL PAYMENT        5CM22229DF5GW DDR,,,679848,,Direct Debit,Direct Debit,PAYPAL PAYMENT        5CM22229DF5GW DDR,,,0,,RegularPayment,,,0.99,cat_regularpayment_27,strong,0,rule
2026-01-06,310c5b79c3531707f422b9e85c9e513e7f66e09b1e7cc92cf00e0886d4b9caf9,JAN2026_BC_6045_JAN2026.csv_17,JAN2026,barclays,20-74-09 60458872,2026-01-06,-2938.3,GBP,,,THE HARPUR TRUST D    BVAL000 DDR,,,765055,,Direct Debit,Direct Debit,THE HARPUR TRUST D    BVAL000 DDR,,,0,,SchoolFee,,,0.99,cat_schoolfee_20,strong,0,rule
2026-01-06,e546b3b0ceb244d1a2034612fca44b5aed80ecc988e0611dd9a336336b256066,JAN2026_BC_3072_JAN2026.csv_34,JAN2026,barclays,20-53-97 30728691,2026-01-06,-496.66,GBP,,,SKIPTON B.S.          SBS00001/165905969 DD,,,995416,,Direct Debit,Direct Debit,SKIPTON B.S.          SBS00001/165905969 DD,,,0,F88ALH,Mortgage,,,0.99,prop_mort_F88ALH_33,strong,0,rule
2026-01-06,f5bbc7e05023c627b9ae714be54712b161ab26a89a30cfa7581ce4d8f720db89,JAN2026_BC_4040_JAN2026.csv_37,JAN2026,barclays,20-74-09 40406538,2026-01-06,34.44,GBP,,,PNET5304976-1         PNET5304976-1 UNP,,,0,,Unpaid,Unpaid,PNET5304976-1         PNET5304976-1 UNP,,,0,,OtherIncome,,,0.65,cat_otherincome_34,catch_all,1,rule
2026-01-06,f6ae9fe03adec6c80995608a97b8efc6378f651571687f81691828836a0eaf78,JAN2026_BC_4040_JAN2026.csv_38,JAN2026,barclays,20-74-09 40406538,2026-01-06,-34.44,GBP,,,PNET5304976-1         PNET5304976-1 DDR,,,948389,,Direct Debit,Direct Debit,PNET5304976-1         PNET5304976-1 DDR,,,0,,RegularPayment,,,0.99,cat_regularpayment_27,strong,0,rule
2026-01-06,aa84f24b91577e608f2a235df56b5208a60f223e2d2a35248f35eac342654023,JAN2026_BC_4040_JAN2026.csv_39,JAN2026,barclays,20-74-09 40406538,2026-01-06,-10.0,GBP,,,ROCCO VALENTINO       TENNIS FT,,,0,,Funds Transfer,Funds Transfer,ROCCO VALENTINO       TENNIS FT,,,0,,PersonalExpense,Rocco,,0.99,override_6,strong,0,rule
2026-01-06,3864a66cc16ae3c406c252da83d52c743bbafc494e6759476d8033c08eb566ec,JAN2026_BC_4040_JAN2026.csv_40,JAN2026,barclays,20-74-09 40406538,2026-01-06,-10.0,GBP,,,ALESSIO VALENTINO-    FROM MUMMY FT,,,0,,Funds Transfer,Funds Transfer,ALESSIO VALENTINO-    FROM MUMMY FT,,,0,,PersonalExpense,Alessio,,0.99,override_7,strong,0,rule
2026-01-06,68ed34e4c9455816d892158f36f10beedda7aafa8e4b16fd2a5624e2c94c236d,JAN2026_StarlingStatement_2026-01.csv_28,JAN2026,starling,60-83-71 00558156,2026-01-06,-74.48,GBP,New County Service Sta,NEW COUNTY SERVICE STA,New County Service Sta NEW COUNTY SERVICE STA,CONTACTLESS,50231.1,,VEHICLES,,VEHICLES,New County Service Sta NEW COUNTY SERVICE STA New County Service Sta NEW COUNTY SERVICE STA CONTACTLESS,,,0,,PersonalExpense,Garage,,0.99,override_5,strong,0,rule
2026-01-06,01c9c19d4a2f9a68e6c73be30125087a510355ee1ffee4aaae97635cdde9cbc8,JAN2026_StarlingStatement_2026-01.csv_29,JAN2026,starling,60-83-71 00558156,2026-01-06,-2.5,GBP,Mk Council,MK COUNCIL - IPS,Mk Council MK COUNCIL - IPS,CONTACTLESS,50228.6,,TRAVEL,,TRAVEL,Mk Council MK COUNCIL - IPS Mk Council MK COUNCIL - IPS CONTACTLESS,,,0,,PersonalExpense,Other,,0.99,override_30,strong,0,rule
2026-01-06,0b82e3dfc0c87ae5b91e5480b843f5e05ab4d2fc142e69bc68c7e8858e2cb6f8,JAN2026_StarlingStatement_2026-01.csv_30,JAN2026,starling,60-83-71 00558156,2026-01-06,-51.35,GBP,Marks & Spencer,MARKS&SPENCER PLC,Marks & Spencer MARKS&SPENCER PLC,CONTACTLESS,50177.25,,FOOD_AND_DRINK,,FOOD_AND_DRINK,Marks & Spencer MARKS&SPENCER PLC Marks & Spencer MARKS&SPENCER PLC CONTACTLESS,,,0,,PersonalExpense,M&S,,0.99,override_2,strong,0,rule
2026-01-06,1ef1ed160464f36d918e4ccb5ddbfe834572f84925ec9d71e1e5a56b03590dcd,JAN2026_StarlingStatement_2026-01.csv_31,JAN2026,starling,60-83-71 00558156,2026-01-06,138.98,GBP,Sp Conzuri,SP CONZURI,Sp Conzuri SP CONZURI,ONLINE PAYMENT,50316.23,,EQUIPMENT,,EQUIPMENT,Sp Conzuri SP CONZURI Sp Conzuri SP CONZURI ONLINE PAYMENT,,,0,,OtherIncome,,,0.65,cat_otherincome_34,catch_all,1,rule
2026-01-07,21deee3457b1fb396992ab3779c6c9a5c8ed90de1006a1e75017e783dfb28ea5,JAN2026_BC_4040_JAN2026.csv_36,JAN2026,barclays,20-74-09 40406538,2026-01-07,-8.0,GBP,,,ID MOBILE LIMITED     12253154/001 DDR,,,298372,,Direct Debit,Direct Debit,ID MOBILE LIMITED     12253154/001 DDR,,,0,,RegularPayment,,,0.99,cat_regularpayment_27,strong,0,rule
2026-01-07,ddffa86a8008c7b0b3f67ac6624ac0be2d4cd0f6fda6cca764ceb3d3cf44d2d4,JAN2026_StarlingStatement_2026-01.csv_32,JAN2026,starling,60-83-71 00558156,2026-01-07,825.0,GBP,J BOTTLE,RENT,J BOTTLE RENT,FASTER PAYMENT,51141.23,,REVENUE,,REVENUE,J BOTTLE RENT J BOTTLE RENT FASTER PAYMENT,,,0,F58ALH,OurRent,,,0.99,prop_rent_F58ALH_97,strong,0,rule
2026-01-07,2e6b8780cf074eae8954029454d1254fcf14af04a321692a55dfb49e6c5eb66c,JAN2026_StarlingStatement_2026-01.csv_33,JAN2026,starling,60-83-71 00558156,2026-01-07,775.0,GBP,T Montgomery,FLAT 2 321 LONDON,T Montgomery FLAT 2 321 LONDON,FASTER PAYMENT,51916.23,,REVENUE,,REVENUE,T Montgomery FLAT 2 321 LONDON T Montgomery FLAT 2 321 LONDON FASTER PAYMENT,,,0,F2321LON,OurRent,,,0.99,prop_rent_F2321LON_72,strong,0,rule
2026-01-07,91e5ac07f7927c02b7aebd0cca8f3bb327268fdb653d9d98d97ddcb463eca0e8,JAN2026_StarlingStatement_2026-01.csv_34,JAN2026,starling,60-83-71 00558156,2026-01-07,-17.6,GBP,Co-op,CO- OPERATIVE FOOD,Co-op CO- OPERATIVE FOOD,CONTACTLESS,51898.63,,REPAIRS_AND_MAINTENANCE,,REPAIRS_AND_MAINTENANCE,Co-op CO- OPERATIVE FOOD Co-op CO- OPERATIVE FOOD CONTACTLESS,,,0,,PersonalExpense,COOP,,0.99,cat_propertyexpense_19,strong,0,rule
2026-01-07,81f87ec04568841c3a64a3a7137c7308bbf2fdefc513f8b6e6503e3a23a3ee56,JAN2026_StarlingStatement_2026-01.csv_35,JAN2026,starling,60-83-71 00558156,2026-01-07,-41.83,GBP,Marks & Spencer,MARKS&SPENCER PLC,Marks & Spencer MARKS&SPENCER PLC,CONTACTLESS,51856.8,,FOOD_AND_DRINK,,FOOD_AND_DRINK,Marks & Spencer MARKS&SPENCER PLC Marks & Spencer MARKS&SPENCER PLC CONTACTLESS,,,0,,PersonalExpense,M&S,,0.99,override_2,strong,0,rule
2026-01-07,51689248f5452311117b8493c3c4c14f9bfae3f3c43add24c9f70d49a2264a20,JAN2026_StarlingStatement_2026-01.csv_36,JAN2026,starling,60-83-71 00558156,2026-01-07,-2.49,GBP,Google Play,Google One,Google Play Google One,CARD SUBSCRIPTION,51854.31,,ADMIN,,ADMIN,Google Play Google One Google Play Google One CARD SUBSCRIPTION,,,0,,PropertyExpense,,,0.99,cat_propertyexpense_10,strong,1,rule
2026-01-08,11ceca758b4b250309d089f60a21eb102aa269d4c1ef8081ad898f58d02a2c07,JAN2026_BC_3072_JAN2026.csv_33,JAN2026,barclays,20-53-97 30728691,2026-01-08,-534.83,GBP,,,BHAM MIDSHIRES        6092076502030000 DDR,,,184800,,Direct Debit,Direct Debit,BHAM MIDSHIRES        6092076502030000 DDR,,,0,196BKIN,Mortgage,,,0.99,prop_mort_196BKIN_25,strong,0,rule
2026-01-08,cb105db723b074ea1ffdb4d7bbc2df1930131b33d56ea7f846b2f370fd84d134,JAN2026_BC_4040_JAN2026.csv_35,JAN2026,barclays,20-74-09 40406538,2026-01-08,-5.67,GBP,,,MCDONALDS 1548        ON 07 JAN CLP,,,0,,Contactless Card Purchase,Contactless Card Purchase,MCDONALDS 1548        ON 07 JAN CLP,,,0,,PersonalExpense,EatingOut,,0.99,cat_personalexpense_30,strong,0,rule
2026-01-08,c928551c85206261f55b3150fc6661e4da24b777a12cf0a8dbb6e1fd983c6255,JAN2026_StarlingStatement_2026-01.csv_37,JAN2026,starling,60-83-71 00558156,2026-01-08,-16.0,GBP,Noodle Stop,Noodle Stop,Noodle Stop Noodle Stop,CONTACTLESS,51838.31,,FOOD_AND_DRINK,,FOOD_AND_DRINK,Noodle Stop Noodle Stop Noodle Stop Noodle Stop CONTACTLESS,,,0,,OtherExpense,,,0.65,cat_otherexpense_35,catch_all,1,rule
2026-01-08,f31dd808aa4164a1d90be1f28cc98909f4860ad662e671122e140aa3e3d82b19,JAN2026_StarlingStatement_2026-01.csv_38,JAN2026,starling,60-83-71 00558156,2026-01-08,-12.99,GBP,Boots,"BOOTS,BEDFORD","Boots BOOTS,BEDFORD",CONTACTLESS,51825.32,,FOOD_AND_DRINK,,FOOD_AND_DRINK,"Boots BOOTS,BEDFORD Boots BOOTS,BEDFORD CONTACTLESS",,,0,,PersonalExpense,Pharmacy/Opticians/Dental,,0.99,override_15,strong,0,rule
2026-01-08,d9380d5c23b4e59bd35d9a84a786bb4c34d2e09ec92b2f5a96742e1e1ccff696,JAN2026_StarlingStatement_2026-01.csv_39,JAN2026,starling,60-83-71 00558156,2026-01-08,-26.65,GBP,Co-op,CO OPERATIVE FOOD,Co-op CO OPERATIVE FOOD,CONTACTLESS,51798.67,,REPAIRS_AND_MAINTENANCE,,REPAIRS_AND_MAINTENANCE,Co-op CO OPERATIVE FOOD Co-op CO OPERATIVE FOOD CONTACTLESS,,,0,,PersonalExpense,COOP,,0.99,cat_propertyexpense_19,strong,0,rule
2026-01-08,2b507699c84570439a901498881594014ddd921e2f7f83f47502e8899c6c1408,JAN2026_StarlingStatement_2026-01.csv_40,JAN2026,starling,60-83-71 00558156,2026-01-08,-16.99,GBP,Sports Direct,SPORTSDIRECT 217,Sports Direct SPORTSDIRECT 217,CONTACTLESS,51781.68,,EQUIPMENT,,EQUIPMENT,Sports Direct SPORTSDIRECT 217 Sports Direct SPORTSDIRECT 217 CONTACTLESS,,,0,,PersonalExpense,Clothing,,0.99,override_14,strong,0,rule
2026-01-08,cdb5a1aeda36691aa56e70f9309b628ba1d02f806a3a98bf7c76f6cd4bb5f756,JAN2026_StarlingStatement_2026-01.csv_41,JAN2026,starling,60-83-71 00558156,2026-01-08,-36.2,GBP,Marks & Spencer,MARKS&SPENCER PLC,Marks & Spencer MARKS&SPENCER PLC,CHIP & PIN,51745.48,,FOOD_AND_DRINK,,FOOD_AND_DRINK,Marks & Spencer MARKS&SPENCER PLC Marks & Spencer MARKS&SPENCER PLC CHIP & PIN,,,0,,PersonalExpense,M&S,,0.99,override_2,strong,0,rule
2026-01-08,3b08bf36364a6dbce6883a5d2f5834fed28b8e336aa347828d1321e485a2bb58,JAN2026_StarlingStatement_2026-01.csv_42,JAN2026,starling,60-83-71 00558156,2026-01-08,-54.13,GBP,Amazon Marketplace,AMZNMktplace*ZC61Z4M94,Amazon Marketplace AMZNMktplace*ZC61Z4M94,ONLINE PAYMENT,51691.35,,OTHER,,OTHER,Amazon Marketplace AMZNMktplace*ZC61Z4M94 Amazon Marketplace AMZNMktplace*ZC61Z4M94 ONLINE PAYMENT,,,0,,OtherExpense,,,0.65,cat_otherexpense_35,catch_all,1,rule
2026-01-09,87936ada9bad4ce6ef957153dfaeddd383eaf7cf342ae390c8dd8d36bcca1591,JAN2026_BC_3072_JAN2026.csv_32,JAN2026,barclays,20-53-97 30728691,2026-01-09,-49.07,GBP,,,BHAM MIDSHIRES        6792116703030000 DDR,,,184800,,Direct Debit,Direct Debit,BHAM MIDSHIRES        6792116703030000 DDR,,,0,F3169FAW,Mortgage,,,0.99,prop_mort_F3169FAW_13,strong,0,rule
2026-01-09,03b68f4cb0430d1b3991a1b05a2c54a6c069296777762ab97adfe6b73898939b,JAN2026_StarlingStatement_2026-01.csv_43,JAN2026,starling,60-83-71 00558156,2026-01-09,-13.96,GBP,Amazon Marketplace,AMZNMktplace*ZC4PD3H64,Amazon Marketplace AMZNMktplace*ZC4PD3H64,ONLINE PAYMENT,51677.39,,OTHER,,OTHER,Amazon Marketplace AMZNMktplace*ZC4PD3H64 Amazon Marketplace AMZNMktplace*ZC4PD3H64 ONLINE PAYMENT,,,0,,OtherExpense,,,0.65,cat_otherexpense_35,catch_all,1,rule
2026-01-09,f81aa3772c314c435ab35a3bb45741137c4e5f1fe0b0177a9b61a20023b6eea2,JAN2026_StarlingStatement_2026-01.csv_44,JAN2026,starling,60-83-71 00558156,2026-01-09,-4.09,GBP,Budgens,BUDGENS,Budgens BUDGENS,CONTACTLESS,51673.3,,FOOD_AND_DRINK,,FOOD_AND_DRINK,Budgens BUDGENS Budgens BUDGENS CONTACTLESS,,,0,,PersonalExpense,Budgens,,0.99,override_35,strong,0,rule
2026-01-09,2fdbe3ba19dc456c7e44ac19405dd73ccd5848a7465c03b66c43dbc63cf7e161,JAN2026_StarlingStatement_2026-01.csv_45,JAN2026,starling,60-83-71 00558156,2026-01-09,-22.05,GBP,BP,BP BEDFORD EXPRESS,BP BP BEDFORD EXPRESS,CONTACTLESS,51651.25,,VEHICLES,,VEHICLES,BP BP BEDFORD EXPRESS BP BP BEDFORD EXPRESS CONTACTLESS,,,0,,PersonalExpense,Garage,,0.99,override_18,strong,0,rule
2026-01-10,af6bae5d0a63381359cbb65cf8c40f17ff8b3257022299f2f73babfe38fa2862,JAN2026_StarlingStatement_2026-01.csv_46,JAN2026,starling,60-83-71 00558156,2026-01-10,-11.45,GBP,Superdrug,SUPERDRUG STORES PLC,Superdrug SUPERDRUG STORES PLC,CONTACTLESS,51639.8,,OTHER,,OTHER,Superdrug SUPERDRUG STORES PLC Superdrug SUPERDRUG STORES PLC CONTACTLESS,,,0,,OtherExpense,,,0.65,cat_otherexpense_35,catch_all,1,rule
2026-01-10,565cec183aed32394eb15471ee52cd2d9743f1cc45d8be425e983213bcce7af9,JAN2026_StarlingStatement_2026-01.csv_47,JAN2026,starling,60-83-71 00558156,2026-01-10,-33.1,GBP,ALDI,ALDI STORES,ALDI ALDI STORES,CONTACTLESS,51606.7,,FOOD_AND_DRINK,,FOOD_AND_DRINK,ALDI ALDI STORES ALDI ALDI STORES CONTACTLESS,,,0,,PersonalExpense,ALDI,,0.99,override_20,strong,0,rule
2026-01-10,ecbde9c30f7adce48d30e0ba2887bb3682c8742a9e93690f9d2d077d95847911,JAN2026_StarlingStatement_2026-01.csv_48,JAN2026,starling,60-83-71 00558156,2026-01-10,-9.8,GBP,Co-op,CO OPERATIVE FOOD,Co-op CO OPERATIVE FOOD,CONTACTLESS,51596.9,,REPAIRS_AND_MAINTENANCE,,REPAIRS_AND_MAINTENANCE,Co-op CO OPERATIVE FOOD Co-op CO OPERATIVE FOOD CONTACTLESS,,,0,,PersonalExpense,COOP,,0.99,cat_propertyexpense_19,strong,0,rule
2026-01-11,3e9794d2d2743e4ec3b015f7a8150325527471fa3303ed3b95edb8e6c5ec24d6,JAN2026_StarlingStatement_2026-01.csv_49,JAN2026,starling,60-83-71 00558156,2026-01-11,-79.21,GBP,New County Service Sta,NEW COUNTY SERVICE STA,New County Service Sta NEW COUNTY SERVICE STA,CONTACTLESS,51517.69,,VEHICLES,,VEHICLES,New County Service Sta NEW COUNTY SERVICE STA New County Service Sta NEW COUNTY SERVICE STA CONTACTLESS,,,0,,PersonalExpense,Garage,,0.99,override_5,strong,0,rule
2026-01-11,821d0147764cf3df55c081c4effe6ed33a477efa51f2378be63d7aab59de71e7,JAN2026_StarlingStatement_2026-01.csv_50,JAN2026,starling,60-83-71 00558156,2026-01-11,-13.89,GBP,Costa Coffee,COSTA COFFEE 43010527,Costa Coffee COSTA COFFEE 43010527,CONTACTLESS,51503.8,,FOOD_AND_DRINK,,FOOD_AND_DRINK,Costa Coffee COSTA COFFEE 43010527 Costa Coffee COSTA COFFEE 43010527 CONTACTLESS,,,0,,PersonalExpense,EatingOut,,0.99,override_33,strong,0,rule
2026-01-11,2b428422ad765b56e32f518606163982e2938741144a4db5e8a6feaaf4cf3cfa,JAN2026_StarlingStatement_2026-01.csv_51,JAN2026,starling,60-83-71 00558156,2026-01-11,900.0,GBP,Brett Ricketts,"8, 8 Alhambra","Brett Ricketts 8, 8 Alhambra",FASTER PAYMENT,52403.8,,REVENUE,,REVENUE,"Brett Ricketts 8, 8 Alhambra Brett Ricketts 8, 8 Alhambra FASTER PAYMENT",,,0,F3163FRA,OurRent,,,0.99,prop_rent_F3163FRA_83,strong,0,rule
2026-01-11,f3d011a00d773806b4bc1fdb4c6ceae5c06454d0ae35d1f5ff411930a100b130,JAN2026_StarlingStatement_2026-01.csv_52,JAN2026,starling,60-83-71 00558156,2026-01-11,-12.55,GBP,Co-op,CO OPERATIVE FOOD,Co-op CO OPERATIVE FOOD,CONTACTLESS,52391.25,,REPAIRS_AND_MAINTENANCE,,REPAIRS_AND_MAINTENANCE,Co-op CO OPERATIVE FOOD Co-op CO OPERATIVE FOOD CONTACTLESS,,,0,,PersonalExpense,COOP,,0.99,cat_propertyexpense_19,strong,0,rule
2026-01-11,0e1a78f3735c91de8a4595ab843f3b9b86a5bd073c13127f994a36c1b2563c81,JAN2026_StarlingStatement_2026-01.csv_53,JAN2026,starling,60-83-71 00558156,2026-01-11,-6.57,GBP,Marks & Spencer,MARKS&SPENCER PLC,Marks & Spencer MARKS&SPENCER PLC,CONTACTLESS,52384.68,,FOOD_AND_DRINK,,FOOD_AND_DRINK,Marks & Spencer MARKS&SPENCER PLC Marks & Spencer MARKS&SPENCER PLC CONTACTLESS,,,0,,PersonalExpense,M&S,,0.99,override_2,strong,0,rule
2026-01-12,2c08b784a8fa43f60755af3951bbe78a17021128efdb9743ceb675deb9779327,JAN2026_BC_6045_JAN2026.csv_11,JAN2026,barclays,20-74-09 60458872,2026-01-12,1000.0,GBP,,,M Tucker              SF BGC,,,0,,Counter Credit,Counter Credit,M Tucker              SF BGC,,,0,,MTPayment,,,0.99,override_41,strong,0,rule
2026-01-12,0096ddb533755fbc1caff2179662e3fe6cd35bda75a991c93143332be9f1572f,JAN2026_BC_6045_JAN2026.csv_12,JAN2026,barclays,20-74-09 60458872,2026-01-12,-10.0,GBP,,,SOFIA                 PARKING FT,,,0,,Funds Transfer,Funds Transfer,SOFIA                 PARKING FT,,,0,,PersonalExpense,Sofia,,0.99,override_8,strong,0,rule
2026-01-12,3ddc751afd296ffff718c58bea55bea0e75d6dd0b7b4a6835120f2a3de3e2ec1,JAN2026_BC_6045_JAN2026.csv_13,JAN2026,barclays,20-74-09 60458872,2026-01-12,-6.0,GBP,,,NOW E0BE0 GB Basic    ON 11 JAN BCC,,,0,,Card Purchase,Card Purchase,NOW E0BE0 GB Basic    ON 11 JAN BCC,,,0,,PersonalExpense,Amazon,,0.99,cat_personalexpense_30,strong,0,rule
2026-01-12,c9352e1671872d44a007f76ebc066a00d5bcfedb70abc20ce22820640a53a379,JAN2026_BC_6045_JAN2026.csv_14,JAN2026,barclays,20-74-09 60458872,2026-01-12,-6.99,GBP,,,NOW BDCFC Entertai    ON 10 JAN BCC,,,0,,Card Purchase,Card Purchase,NOW BDCFC Entertai    ON 10 JAN BCC,,,0,,PersonalExpense,Amazon,,0.99,cat_personalexpense_30,strong,0,rule
2026-01-12,ad7cbfa08211eca11b3edfc68385fe1bb0709e3f35e7b56468c79d2d71d58848,JAN2026_BC_6045_JAN2026.csv_15,JAN2026,barclays,20-74-09 60458872,2026-01-12,-10.0,GBP,,,ROCCO                 DAD IS THE BEST FT,,,0,,Funds Transfer,Funds Transfer,ROCCO                 DAD IS THE BEST FT,,,0,,PersonalExpense,Rocco,,0.99,override_6,strong,0,rule
2026-01-12,3e8f884864e6a174b4169413a0600e6e7106795cc3df801d9054cb4e6401b89a,JAN2026_BC_3072_JAN2026.csv_28,JAN2026,barclays,20-53-97 30728691,2026-01-12,1836.2,GBP,,,Rsa Capital Limite    mortgages BGC,,,0,,Counter Credit,Counter Credit,Rsa Capital Limite    mortgages BGC,,,0,,Interbank,,,0.99,override_40,strong,0,rule
2026-01-12,f5f3eea1720487c5334fe4afda7cd2cdb811060ee4ae9c54ef0c72d5524bac44,JAN2026_BC_3072_JAN2026.csv_29,JAN2026,barclays,20-53-97 30728691,2026-01-12,-372.97,GBP,,,BHAM MIDSHIRES        6092096352060000 DDR,,,184800,,Direct Debit,Direct Debit,BHAM MIDSHIRES        6092096352060000 DDR,,,0,F41214ALH,Mortgage,,,0.99,prop_mort_F41214ALH_43,strong,0,rule
2026-01-12,fc92eb358c57ee621c0e1c8d6734b66209a62a08bcd5d490c04fb25227aba331,JAN2026_BC_3072_JAN2026.csv_30,JAN2026,barclays,20-53-97 30728691,2026-01-12,-344.99,GBP,,,BHAM MIDSHIRES        6092021491040000 DDR,,,184800,,Direct Debit,Direct Debit,BHAM MIDSHIRES        6092021491040000 DDR,,,0,F3169FAW,Mortgage,,,0.99,prop_mort_F3169FAW_11,strong,0,rule
2026-01-12,7cf09aaeb930a7e16b9c39b5ec43cbb2c8a4f1aa9828aac727a0a29e39cc40c8,JAN2026_BC_3072_JAN2026.csv_31,JAN2026,barclays,20-53-97 30728691,2026-01-12,-37.68,GBP,,,AVIVA LIFE            014033997 DDR,,,990457,,Direct Debit,Direct Debit,AVIVA LIFE            014033997 DDR,,,0,,RegularPayment,,,0.99,cat_regularpayment_27,strong,0,rule
2026-01-12,e2be23fe077bde90b65cf3276ce310a9e6bcbff8d942a8e86f24375f61a0253f,JAN2026_BC_4040_JAN2026.csv_33,JAN2026,barclays,20-74-09 40406538,2026-01-12,-30.0,GBP,,,ROCCO VALENTINO       BURGER FT,,,0,,Funds Transfer,Funds Transfer,ROCCO VALENTINO       BURGER FT,,,0,,PersonalExpense,Rocco,,0.99,override_6,strong,0,rule
2026-01-12,6994fedc05b62a9b137b394325867992c54f84624d7224f29c8e3f2292919cfd,JAN2026_BC_4040_JAN2026.csv_34,JAN2026,barclays,20-74-09 40406538,2026-01-12,300.0,GBP,,,M Tucker              M TUCKER BGC,,,0,,Counter Credit,Counter Credit,M Tucker              M TUCKER BGC,,,0,,MTPayment,,,0.99,override_41,strong,0,rule
2026-01-12,b87feabd5d52065430a47e2fa311ca167c92b6f9376cc8c8b47b2763a4fb1a6e,JAN2026_StarlingStatement_2026-01.csv_54,JAN2026,starling,60-83-71 00558156,2026-01-12,800.0,GBP,Samuel Kirwin,Rent 5 12-14 SK,Samuel Kirwin Rent 5 12-14 SK,FASTER PAYMENT,53184.68,,REVENUE,,REVENUE,Samuel Kirwin Rent 5 12-14 SK Samuel Kirwin Rent 5 12-14 SK FASTER PAYMENT,,,0,F51214ALH,OurRent,,,0.99,prop_rent_F51214ALH_107,strong,0,rule
2026-01-12,c6910c06400259f1cef46e3c966f14e2133ce1fb699e3dd2b91c39262fbc29d2,JAN2026_StarlingStatement_2026-01.csv_55,JAN2026,starling,60-83-71 00558156,2026-01-12,-24.16,GBP,Lidl Gb Bedford St Joh,LIDL GB BEDFORD ST JOH,Lidl Gb Bedford St Joh LIDL GB BEDFORD ST JOH,CONTACTLESS,53160.52,,FOOD_AND_DRINK,,FOOD_AND_DRINK,Lidl Gb Bedford St Joh LIDL GB BEDFORD ST JOH Lidl Gb Bedford St Joh LIDL GB BEDFORD ST JOH CONTACTLESS,,,0,,PersonalExpense,LIDL,,0.99,override_11,strong,0,rule
2026-01-12,c8a655da4713da0a2da8b6502b63e5e4da0a6e58e208a5b8717a95baca57520a,JAN2026_StarlingStatement_2026-01.csv_56,JAN2026,starling,60-83-71 00558156,2026-01-12,-84.05,GBP,Halfords,HALFORDS 0887,Halfords HALFORDS 0887,CHIP & PIN,53076.47,,EQUIPMENT,,EQUIPMENT,Halfords HALFORDS 0887 Halfords HALFORDS 0887 CHIP & PIN,,,0,,OtherExpense,,,0.65,cat_otherexpense_35,catch_all,1,rule
2026-01-12,97239602e040d85caf4b6ff160cbb7fb1a10ea75bdef7cba3623804140286484,JAN2026_StarlingStatement_2026-01.csv_57,JAN2026,starling,60-83-71 00558156,2026-01-12,-1836.2,GBP,Ivana Valentino,mortgages,Ivana Valentino mortgages,FASTER PAYMENT,51240.27,,INTEREST_PAYMENTS,,INTEREST_PAYMENTS,Ivana Valentino mortgages Ivana Valentino mortgages FASTER PAYMENT,,,0,,MortgageRefund,Ivana,,0.99,cat_mortgagerefund_15,strong,0,rule
2026-01-12,e12bf00261a95bd6c0881ddc459895ced4915bc8114ea00173e0c5b2811b0f89,JAN2026_StarlingStatement_2026-01.csv_58,JAN2026,starling,60-83-71 00558156,2026-01-12,-27.65,GBP,Co-op,CO OPERATIVE FOOD,Co-op CO OPERATIVE FOOD,CONTACTLESS,51212.62,,REPAIRS_AND_MAINTENANCE,,REPAIRS_AND_MAINTENANCE,Co-op CO OPERATIVE FOOD Co-op CO OPERATIVE FOOD CONTACTLESS,,,0,,PersonalExpense,COOP,,0.99,cat_propertyexpense_19,strong,0,rule
2026-01-12,07f1e038c3878d5188ac1c2227d64b0308058ced4adef519e435f7b7016d4649,JAN2026_StarlingStatement_2026-01.csv_59,JAN2026,starling,60-83-71 00558156,2026-01-12,-15.11,GBP,BP,BP BEDFORD EXPRESS,BP BP BEDFORD EXPRESS,CONTACTLESS,51197.51,,VEHICLES,,VEHICLES,BP BP BEDFORD EXPRESS BP BP BEDFORD EXPRESS CONTACTLESS,,,0,,PersonalExpense,Garage,,0.99,override_18,strong,0,rule
2026-01-13,2f770790a4a532d1aa79485667a267c907620da82fac5df470bcffab470410f1,JAN2026_BC_6045_JAN2026.csv_10,JAN2026,barclays,20-74-09 60458872,2026-01-13,-106.8,GBP,,,PAYPAL PAYMENT        5CM22229DF5GW DDR,,,679848,,Direct Debit,Direct Debit,PAYPAL PAYMENT        5CM22229DF5GW DDR,,,0,,RegularPayment,,,0.99,cat_regularpayment_27,strong,0,rule
2026-01-13,8bcdb459c493a00a5001704066f67e27b150cd4d6a267bd8c2853fd33210e451,JAN2026_BC_4040_JAN2026.csv_32,JAN2026,barclays,20-74-09 40406538,2026-01-13,-73.69,GBP,,,ALDI STORES 776-97    ON 12 JAN CLP,,,0,,Contactless Card Purchase,Contactless Card Purchase,ALDI STORES 776-97    ON 12 JAN CLP,,,0,,PersonalExpense,ALDI,,0.99,cat_personalexpense_30,strong,0,rule
2026-01-13,bc942f2c116b320082d9c45b0e5a0696310baaaedc4b4518dd03db4e69ac3f74,JAN2026_StarlingStatement_2026-01.csv_60,JAN2026,starling,60-83-71 00558156,2026-01-13,180.0,GBP,THE DISPUTE SERVIC,TDSEW31124334,THE DISPUTE SERVIC TDSEW31124334,FASTER PAYMENT,51377.51,,REVENUE,,REVENUE,THE DISPUTE SERVIC TDSEW31124334 THE DISPUTE SERVIC TDSEW31124334 FASTER PAYMENT,,,0,,Deposit,,,0.99,cat_deposit_5,strong,0,rule
2026-01-13,0b83cbf0eb6f28861ee7892ef75eb087a8526f9ddbba23235c34fde489c5bc3d,JAN2026_StarlingStatement_2026-01.csv_61,JAN2026,starling,60-83-71 00558156,2026-01-13,825.0,GBP,SAMRAT M,"16,12-14 Alhambra","SAMRAT M 16,12-14 Alhambra",FASTER PAYMENT,52202.51,,REVENUE,,REVENUE,"SAMRAT M 16,12-14 Alhambra SAMRAT M 16,12-14 Alhambra FASTER PAYMENT",,,0,F161214ALH,OurRent,,,0.99,prop_rent_F161214ALH_104,strong,0,rule
2026-01-13,91c10a13a68de27eb0cac166cd308aebe9202c4900913f9404467b978ce8e0dd,JAN2026_StarlingStatement_2026-01.csv_62,JAN2026,starling,60-83-71 00558156,2026-01-13,-23.98,GBP,ALDI,ALDI STORES 776-97,ALDI ALDI STORES 776-97,CONTACTLESS,52178.53,,FOOD_AND_DRINK,,FOOD_AND_DRINK,ALDI ALDI STORES 776-97 ALDI ALDI STORES 776-97 CONTACTLESS,,,0,,PersonalExpense,ALDI,,0.99,override_20,strong,0,rule
2026-01-13,247cd2b6a33ffb22c39b322db52ae63a54781db34203e2be238b68d5826e6c72,JAN2026_StarlingStatement_2026-01.csv_63,JAN2026,starling,60-83-71 00558156,2026-01-13,-7.0,GBP,Co-op,CO OPERATIVE FOOD,Co-op CO OPERATIVE FOOD,CONTACTLESS,52171.53,,REPAIRS_AND_MAINTENANCE,,REPAIRS_AND_MAINTENANCE,Co-op CO OPERATIVE FOOD Co-op CO OPERATIVE FOOD CONTACTLESS,,,0,,PersonalExpense,COOP,,0.99,cat_propertyexpense_19,strong,0,rule
2026-01-13,1021c6bdf518902fd713bc1299301b5aa9b7a1c47163927f0a8324482405f859,JAN2026_StarlingStatement_2026-01.csv_64,JAN2026,starling,60-83-71 00558156,2026-01-13,850.0,GBP,Lucinda Francis,"7, 8 Alhambra Road","Lucinda Francis 7, 8 Alhambra Road",FASTER PAYMENT,53021.53,,REVENUE,,REVENUE,"Lucinda Francis 7, 8 Alhambra Road Lucinda Francis 7, 8 Alhambra Road FASTER PAYMENT",,,0,F78ALH,OurRent,,,0.99,prop_rent_F78ALH_99,strong,0,rule
2026-01-14,be0e47178360679b85776fe5036c1f4ceed906bb056370837a531cf13abecc59,JAN2026_BC_6045_JAN2026.csv_9,JAN2026,barclays,20-74-09 60458872,2026-01-14,-21.99,GBP,,,Spotify Limited       ON 13 JAN BCC,,,0,,Card Purchase,Card Purchase,Spotify Limited       ON 13 JAN BCC,,,0,,RegularPayment,,,0.99,cat_regularpayment_26,strong,0,rule
2026-01-14,7c5e3fee9d309a86abdbb8270dd78b991b68ee1a771c7d560c2514730c406272,JAN2026_BC_4040_JAN2026.csv_28,JAN2026,barclays,20-74-09 40406538,2026-01-14,-33.92,GBP,,,MARKS&SPENCER PLC     ON 13 JAN CLP,,,0,,Contactless Card Purchase,Contactless Card Purchase,MARKS&SPENCER PLC     ON 13 JAN CLP,,,0,,PersonalExpense,M&S,,0.99,cat_personalexpense_30,strong,0,rule
2026-01-14,184c32c86f74c55156a8aa4df54527f455e66e764574e9a63181eb16f1796257,JAN2026_BC_4040_JAN2026.csv_29,JAN2026,barclays,20-74-09 40406538,2026-01-14,-2.85,GBP,,,COSTA COFFEE 43011    ON 13 JAN CLP,,,0,,Contactless Card Purchase,Contactless Card Purchase,COSTA COFFEE 43011    ON 13 JAN CLP,,,0,,PersonalExpense,EatingOut,,0.99,cat_personalexpense_30,strong,0,rule
2026-01-14,be255f15ace755f4bb84ddd1bfb486b2fb2b66e94bee8c269d57bf4c5ce04268,JAN2026_BC_4040_JAN2026.csv_30,JAN2026,barclays,20-74-09 40406538,2026-01-14,-12.35,GBP,,,CO OPERATIVE FOOD     ON 13 JAN CLP,,,0,,Contactless Card Purchase,Contactless Card Purchase,CO OPERATIVE FOOD     ON 13 JAN CLP,,,0,,PersonalExpense,COOP,,0.99,cat_personalexpense_30,strong,0,rule
2026-01-14,5d2a347d28a8fd02db16f2d30eca750ef7ca9b83cb320aa57891092576e9137b,JAN2026_BC_4040_JAN2026.csv_31,JAN2026,barclays,20-74-09 40406538,2026-01-14,-13.0,GBP,,,ALESSIO VALENTINO-    WELLDONE ATTENDANC FT,,,0,,Funds Transfer,Funds Transfer,ALESSIO VALENTINO-    WELLDONE ATTENDANC FT,,,0,,PersonalExpense,Alessio,,0.99,override_7,strong,0,rule
2026-01-14,6d25446da2fd2948adb441fb7e8e0ecd56fe906868db93c0d300296ccf1ab1a6,JAN2026_StarlingStatement_2026-01.csv_65,JAN2026,starling,60-83-71 00558156,2026-01-14,900.0,GBP,Lauren Bullock,LBULLOCK-17-Alhamb,Lauren Bullock LBULLOCK-17-Alhamb,FASTER PAYMENT,53921.53,,REVENUE,,REVENUE,Lauren Bullock LBULLOCK-17-Alhamb Lauren Bullock LBULLOCK-17-Alhamb FASTER PAYMENT,,,0,F1746ALH,OurRent,,,0.99,prop_rent_F1746ALH_90,strong,0,rule
2026-01-14,25cd32df83aecb2ddccc0973e93188385fa3125b887c040adfe78bcf009ebf9e,JAN2026_StarlingStatement_2026-01.csv_66,JAN2026,starling,60-83-71 00558156,2026-01-14,-70.0,GBP,A Beck Plumbing & Heating LTD,27341  131618 rad,A Beck Plumbing & Heating LTD 27341  131618 rad,FASTER PAYMENT,53851.53,,REPAIRS_AND_MAINTENANCE,,REPAIRS_AND_MAINTENANCE,A Beck Plumbing & Heating LTD 27341  131618 rad A Beck Plumbing & Heating LTD 27341  131618 rad FASTER PAYMENT,,,0,,PropertyExpense,,,0.99,cat_propertyexpense_19,strong,1,rule
2026-01-14,88427e7e4fb5c9c287de013839cd63c850d7d3641ba6ed2aa05c94b5cfc4cf2f,JAN2026_StarlingStatement_2026-01.csv_67,JAN2026,starling,60-83-71 00558156,2026-01-14,-168.0,GBP,A Beck Plumbing & Heating LTD,26481 pipework,A Beck Plumbing & Heating LTD 26481 pipework 22b Hampshire Terrace,FASTER PAYMENT,53683.53,,REPAIRS_AND_MAINTENANCE,,REPAIRS_AND_MAINTENANCE,A Beck Plumbing & Heating LTD 26481 pipework A Beck Plumbing & Heating LTD 26481 pipework 22b Hampshire Terrace FASTER PAYMENT,,,0,,PropertyExpense,,,0.99,cat_propertyexpense_19,strong,1,rule
2026-01-14,e0e9bcd4fb8a259b0e227949fa9c38826a26204a422976800775c2ef0a8054f5,JAN2026_StarlingStatement_2026-01.csv_68,JAN2026,starling,60-83-71 00558156,2026-01-14,-54.0,GBP,A Beck Plumbing & Heating LTD,26314 101214gs,A Beck Plumbing & Heating LTD 26314 101214gs,FASTER PAYMENT,53629.53,,REPAIRS_AND_MAINTENANCE,,REPAIRS_AND_MAINTENANCE,A Beck Plumbing & Heating LTD 26314 101214gs A Beck Plumbing & Heating LTD 26314 101214gs FASTER PAYMENT,,,0,F101214ALH,PropertyExpense,,,0.99,prop_rent_F101214ALH_101,strong,0,rule
2026-01-14,1ad75688116f3cf25c78246bf987b2892ed8eac2a6189798cf4f5effc7a451e2,JAN2026_StarlingStatement_2026-01.csv_69,JAN2026,starling,60-83-71 00558156,2026-01-14,-66.0,GBP,A Beck Plumbing & Heating LTD,26223 23c gs,A Beck Plumbing & Heating LTD 26223 23c gs,FASTER PAYMENT,53563.53,,REPAIRS_AND_MAINTENANCE,,REPAIRS_AND_MAINTENANCE,A Beck Plumbing & Heating LTD 26223 23c gs A Beck Plumbing & Heating LTD 26223 23c gs FASTER PAYMENT,,,0,23CHAM,PropertyExpense,,,0.99,prop_rent_23CHAM_89,strong,0,rule
2026-01-15,f1e3e6457efd5a15316ef3556eb751f2ef33f56970b7b8086b5f628380e07c08,JAN2026_BC_3072_JAN2026.csv_18,JAN2026,barclays,20-53-97 30728691,2026-01-15,-534.76,GBP,,,TOPAZ RE ROSINCA      ROW20004/560471505 DD,,,169548,,Direct Debit,Direct Debit,TOPAZ RE ROSINCA      ROW20004/560471505 DD,,,0,F1946ALH,Mortgage,,,0.99,prop_mort_F1946ALH_63,strong,0,rule
2026-01-15,a9b0758683e02ea867501ebee6f87cb8b48891cd0260eddacc9b7785f59a0c33,JAN2026_BC_3072_JAN2026.csv_19,JAN2026,barclays,20-53-97 30728691,2026-01-15,-449.77,GBP,,,TOPAZ RE ROSINCA      ROW20004/560470501 DD,,,169548,,Direct Debit,Direct Debit,TOPAZ RE ROSINCA      ROW20004/560470501 DD,,,0,F68ALH,Mortgage,,,0.99,prop_mort_F68ALH_64,strong,0,rule
2026-01-15,2b389b73157fb2109316cf1233762b6bc7a30ec4cacd929911ff2ea83d661309,JAN2026_BC_3072_JAN2026.csv_20,JAN2026,barclays,20-53-97 30728691,2026-01-15,-449.77,GBP,,,TOPAZ RE ROSINCA      ROW20004/560470610 DD,,,169548,,Direct Debit,Direct Debit,TOPAZ RE ROSINCA      ROW20004/560470610 DD,,,0,F78ALH,Mortgage,,,0.99,prop_mort_F78ALH_62,strong,0,rule
2026-01-15,74ee191946c9239c51299b95bb74590c3543b368bb3c9081ca49b97c36dfe912,JAN2026_BC_3072_JAN2026.csv_21,JAN2026,barclays,20-53-97 30728691,2026-01-15,-457.54,GBP,,,TOPAZ FIN JASPER      PRU00010/190959705 DD,,,169547,,Direct Debit,Direct Debit,TOPAZ FIN JASPER      PRU00010/190959705 DD,,,0,F121618ALH,Mortgage,,,0.99,prop_mort_F121618ALH_55,strong,0,rule
2026-01-15,e80d495865e77ecd5ff20082a0e36e2dc77022b52a83b7fc7b64f9e16f9e3696,JAN2026_BC_3072_JAN2026.csv_22,JAN2026,barclays,20-53-97 30728691,2026-01-15,-473.51,GBP,,,TOPAZ FIN JASPER      PRU00010/190892600 DD,,,169547,,Direct Debit,Direct Debit,TOPAZ FIN JASPER      PRU00010/190892600 DD,,,0,F161618ALH,Mortgage,,,0.99,prop_mort_F161618ALH_57,strong,0,rule
2026-01-15,5264b02d5c866bf7611952229ff9d868f8f7705b5662a59e04e04b64c70d6ae7,JAN2026_BC_3072_JAN2026.csv_23,JAN2026,barclays,20-53-97 30728691,2026-01-15,-473.51,GBP,,,TOPAZ FIN JASPER      PRU00010/190885203 DD,,,169547,,Direct Debit,Direct Debit,TOPAZ FIN JASPER      PRU00010/190885203 DD,,,0,F161214ALH,Mortgage,,,0.99,prop_mort_F161214ALH_49,strong,0,rule
2026-01-15,b716b97c34d56a1d8ef6aac923065529e32bb1e92f4323504894f6ba14e26ed9,JAN2026_BC_3072_JAN2026.csv_24,JAN2026,barclays,20-53-97 30728691,2026-01-15,-457.64,GBP,,,TOPAZ FIN JASPER      PRU00010/190885105 DD,,,169547,,Direct Debit,Direct Debit,TOPAZ FIN JASPER      PRU00010/190885105 DD,,,0,F101214ALH,Mortgage,,,0.99,prop_mort_F101214ALH_47,strong,0,rule
2026-01-15,a56632b992169b1d787344230947cf39fdca5c672fe234752a92236e6a1afa2d,JAN2026_BC_3072_JAN2026.csv_25,JAN2026,barclays,20-53-97 30728691,2026-01-15,-457.54,GBP,,,TOPAZ FIN JASPER      PRU00010/190859506 DD,,,169547,,Direct Debit,Direct Debit,TOPAZ FIN JASPER      PRU00010/190859506 DD,,,0,F71618ALH,Mortgage,,,0.99,prop_mort_F71618ALH_53,strong,0,rule
2026-01-15,2766d9832b4eeeb52451d38d82fc84a9c95af4f4bc878395b659e8b71d1b75fe,JAN2026_BC_3072_JAN2026.csv_26,JAN2026,barclays,20-53-97 30728691,2026-01-15,-457.7,GBP,,,TOPAZ FIN JASPER      PRU00010/190812705 DD,,,169547,,Direct Debit,Direct Debit,TOPAZ FIN JASPER      PRU00010/190812705 DD,,,0,F31214ALH,Mortgage,,,0.99,prop_mort_F31214ALH_41,strong,0,rule
2026-01-15,d9fd59a7fe2ac7fef78a3c4a297df637e1a952e2a9fcaca6ab4f8b2f4e4275c0,JAN2026_BC_3072_JAN2026.csv_27,JAN2026,barclays,20-53-97 30728691,2026-01-15,-457.62,GBP,,,TOPAZ FIN JASPER      PRU00010/190778206 DD,,,169547,,Direct Debit,Direct Debit,TOPAZ FIN JASPER      PRU00010/190778206 DD,,,0,F51214ALH,Mortgage,,,0.99,prop_mort_F51214ALH_44,strong,0,rule
2026-01-15,4797714f9efe0515e5baf4a05c073c646d51540c1ddedc00bb84bf185cf441b5,JAN2026_BC_4040_JAN2026.csv_23,JAN2026,barclays,20-74-09 40406538,2026-01-15,-12.85,GBP,,,CO- OPERATIVE FOOD    ON 14 JAN CLP,,,0,,Contactless Card Purchase,Contactless Card Purchase,CO- OPERATIVE FOOD    ON 14 JAN CLP,,,0,,PersonalExpense,COOP,,0.99,cat_personalexpense_30,strong,0,rule
2026-01-15,b10459ca123981237c152d2625218afa3cff1e27d428d8e8137685a07ac24ba1,JAN2026_BC_4040_JAN2026.csv_24,JAN2026,barclays,20-74-09 40406538,2026-01-15,-8.65,GBP,,,CO OPERATIVE FOOD     ON 14 JAN CLP,,,0,,Contactless Card Purchase,Contactless Card Purchase,CO OPERATIVE FOOD     ON 14 JAN CLP,,,0,,PersonalExpense,COOP,,0.99,cat_personalexpense_30,strong,0,rule
2026-01-15,97602040e6f0fea835eb0371ba99ae5b990efcd013f28132ad69d66bc211a6fa,JAN2026_BC_4040_JAN2026.csv_25,JAN2026,barclays,20-74-09 40406538,2026-01-15,-6.0,GBP,,,CO OPERATIVE FOOD     ON 14 JAN CLP,,,0,,Contactless Card Purchase,Contactless Card Purchase,CO OPERATIVE FOOD     ON 14 JAN CLP,,,0,,PersonalExpense,COOP,,0.99,cat_personalexpense_30,strong,0,rule
2026-01-15,045bbe66fc906b80b7605deb26237e5603949883cf91e7fa84017cac9871b18d,JAN2026_BC_4040_JAN2026.csv_26,JAN2026,barclays,20-74-09 40406538,2026-01-15,-6.48,GBP,,,BUDGENS               ON 14 JAN CLP,,,0,,Contactless Card Purchase,Contactless Card Purchase,BUDGENS               ON 14 JAN CLP,,,0,,PersonalExpense,Budgens,,0.99,cat_personalexpense_30,strong,0,rule
2026-01-15,f1b0dac0c0ac13a73a1a23aaa7e8573ab0c91840cfc3bc265e99ef9806fa051c,JAN2026_BC_4040_JAN2026.csv_27,JAN2026,barclays,20-74-09 40406538,2026-01-15,-17.8,GBP,,,MY MEALS ONLINE       ON 14 JAN BCC,,,0,,Card Purchase,Card Purchase,MY MEALS ONLINE       ON 14 JAN BCC,,,0,,PersonalExpense,Other,,0.99,cat_personalexpense_30,strong,0,rule
2026-01-15,ac3671047fb87f1c94549ae334f9e88be51b7344d74106599c1e26c9ab727704,JAN2026_StarlingStatement_2026-01.csv_70,JAN2026,starling,60-83-71 00558156,2026-01-15,-66.0,GBP,A Beck Plumbing & Heating LTD,26097 3171 gs,A Beck Plumbing & Heating LTD 26097 3171 gs,FASTER PAYMENT,53497.53,,REPAIRS_AND_MAINTENANCE,,REPAIRS_AND_MAINTENANCE,A Beck Plumbing & Heating LTD 26097 3171 gs A Beck Plumbing & Heating LTD 26097 3171 gs FASTER PAYMENT,,,0,F3171FAW,PropertyExpense,,,0.99,prop_rent_F3171FAW_81,strong,0,rule
2026-01-15,b599155c4a38b9dc46c2ae4b59aa71fe70089180996cacc2f6f9a84b98b5f754,JAN2026_StarlingStatement_2026-01.csv_71,JAN2026,starling,60-83-71 00558156,2026-01-15,775.0,GBP,R Chowdhury,FLAT RENT,R Chowdhury FLAT RENT,FASTER PAYMENT,54272.53,,REVENUE,,REVENUE,R Chowdhury FLAT RENT R Chowdhury FLAT RENT FASTER PAYMENT,,,0,F1321LON,OurRent,,,0.99,prop_rent_F1321LON_71,strong,0,rule
2026-01-16,1e904b04fc67754c4e9a008a66764a0b74ee4bcd20cc313a6ef6f899d6291ab4,JAN2026_BC_6045_JAN2026.csv_8,JAN2026,barclays,20-74-09 60458872,2026-01-16,-18.99,GBP,,,PAYPAL PAYMENT        5CM22229DF5GW DDR,,,679848,,Direct Debit,Direct Debit,PAYPAL PAYMENT        5CM22229DF5GW DDR,,,0,,RegularPayment,,,0.99,cat_regularpayment_27,strong,0,rule
2026-01-16,9eac3cb12227344fda674d951165b26960b3a734e3f14a4202010697b35e15ec,JAN2026_BC_3072_JAN2026.csv_16,JAN2026,barclays,20-53-97 30728691,2026-01-16,-575.43,GBP,,,BHAM MIDSHIRES        6092045443050000 DDR,,,184800,,Direct Debit,Direct Debit,BHAM MIDSHIRES        6092045443050000 DDR,,,0,23BHAM,Mortgage,,,0.99,prop_mort_23BHAM_27,strong,0,rule
2026-01-16,973b4c1c86cac33d2998347855723bf0d8caaa0f538923984d983c2412524d33,JAN2026_BC_3072_JAN2026.csv_17,JAN2026,barclays,20-53-97 30728691,2026-01-16,-35.68,GBP,,,BHAM MIDSHIRES        6792116720030000 DDR,,,184800,,Direct Debit,Direct Debit,BHAM MIDSHIRES        6792116720030000 DDR,,,0,F2321LON,Mortgage,,,0.99,prop_mort_F2321LON_5,strong,0,rule
2026-01-16,bba5536abdb67d54ca10e220c0af1d59b4557bb1fb899e1d64753dd52980a32c,JAN2026_BC_4040_JAN2026.csv_21,JAN2026,barclays,20-74-09 40406538,2026-01-16,-40.75,GBP,,,MARKS&SPENCER PLC     ON 15 JAN CLP,,,0,,Contactless Card Purchase,Contactless Card Purchase,MARKS&SPENCER PLC     ON 15 JAN CLP,,,0,,PersonalExpense,M&S,,0.99,cat_personalexpense_30,strong,0,rule
2026-01-16,d6dbbbc324aab5405146faf8ec2ecc72ae08c317a135527e9568b87a92ac2363,JAN2026_BC_4040_JAN2026.csv_22,JAN2026,barclays,20-74-09 40406538,2026-01-16,-7.67,GBP,,,BUDGENS               ON 15 JAN CLP,,,0,,Contactless Card Purchase,Contactless Card Purchase,BUDGENS               ON 15 JAN CLP,,,0,,PersonalExpense,Budgens,,0.99,cat_personalexpense_30,strong,0,rule
2026-01-16,dcb62b631d7d321b668beb20ff13eff5fbfd5ebac0edbb89d2d847cd056bb66f,JAN2026_StarlingStatement_2026-01.csv_72,JAN2026,starling,60-83-71 00558156,2026-01-16,975.0,GBP,P Saunyama,196B KING,P Saunyama 196B KING,FASTER PAYMENT,55247.53,,REVENUE,,REVENUE,P Saunyama 196B KING P Saunyama 196B KING FASTER PAYMENT,,,0,196AKIN,OurRent,,,0.99,prop_rent_196AKIN_86,strong,0,rule
2026-01-16,9b0fb049ff7a695aea04cf7872b1e4a772ffd199b05ffaa6579f6ad1639dad28,JAN2026_StarlingStatement_2026-01.csv_73,JAN2026,starling,60-83-71 00558156,2026-01-16,-5280.47,GBP,Ivana Valentino,mortgages,Ivana Valentino mortgages,FASTER PAYMENT,49967.06,,INTEREST_PAYMENTS,,INTEREST_PAYMENTS,Ivana Valentino mortgages Ivana Valentino mortgages FASTER PAYMENT,,,0,,MortgageRefund,Ivana,,0.99,cat_mortgagerefund_15,strong,0,rule
2026-01-17,7bb5b97662f9c6ab0a012e4191d26bf6adb4da565115854d4014fad24ac5f3c1,JAN2026_StarlingStatement_2026-01.csv_74,JAN2026,starling,60-83-71 00558156,2026-01-17,-81.0,GBP,Letisha Lowe,leak,Letisha Lowe leak,FASTER PAYMENT,49886.06,,REPAIRS_AND_MAINTENANCE,,REPAIRS_AND_MAINTENANCE,Letisha Lowe leak Letisha Lowe leak FASTER PAYMENT,,,0,,PropertyExpense,,,0.99,cat_propertyexpense_19,strong,1,rule
2026-01-17,8a17923a5593b731b0e9b3847f8ed6d748262b67a0becc0d33896dc86049ca69,JAN2026_StarlingStatement_2026-01.csv_75,JAN2026,starling,60-83-71 00558156,2026-01-17,1000.0,GBP,UVAROV S,20 4-6 UVAROV,UVAROV S 20 4-6 UVAROV,FASTER PAYMENT,50886.06,,REVENUE,,REVENUE,UVAROV S 20 4-6 UVAROV UVAROV S 20 4-6 UVAROV FASTER PAYMENT,,,0,F2046ALH,OurRent,,,0.99,prop_rent_F2046ALH_93,strong,0,rule
2026-01-17,837c741ee5d3df3436fbfdcf878e7a759e5be49ea3cef7caabd99d55d7722b65,JAN2026_StarlingStatement_2026-01.csv_76,JAN2026,starling,60-83-71 00558156,2026-01-17,30.0,GBP,UVAROV S,20 4-6 UVAROV,UVAROV S 20 4-6 UVAROV,FASTER PAYMENT,50916.06,,REVENUE,,REVENUE,UVAROV S 20 4-6 UVAROV UVAROV S 20 4-6 UVAROV FASTER PAYMENT,,,0,F2046ALH,OurRent,,,0.99,prop_rent_F2046ALH_93,strong,0,rule
2026-01-17,48fa18286918bf9007ad21ce5b1f38ea6e4d094e0dafc91ff793817b9fdd53d0,JAN2026_StarlingStatement_2026-01.csv_77,JAN2026,starling,60-83-71 00558156,2026-01-17,-60.0,GBP,James Smith,31618 gas electric,James Smith 31618 gas electric,FASTER PAYMENT,50856.06,,REPAIRS_AND_MAINTENANCE,,REPAIRS_AND_MAINTENANCE,James Smith 31618 gas electric James Smith 31618 gas electric FASTER PAYMENT,,,0,,PropertyExpense,,,0.99,cat_propertyexpense_19,strong,1,rule
2026-01-17,2c9a915613f84c1156024ef945ce06527038dd6dee175d6093ee5e49cf5174a2,JAN2026_StarlingStatement_2026-01.csv_78,JAN2026,starling,60-83-71 00558156,2026-01-17,-6.45,GBP,Co-op,CO OPERATIVE FOOD,Co-op CO OPERATIVE FOOD,CONTACTLESS,50849.61,,REPAIRS_AND_MAINTENANCE,,REPAIRS_AND_MAINTENANCE,Co-op CO OPERATIVE FOOD Co-op CO OPERATIVE FOOD CONTACTLESS,,,0,,PersonalExpense,COOP,,0.99,cat_propertyexpense_19,strong,0,rule
2026-01-17,da0c7c69d36098751a3ac4b472b8f826268b1ca8a4eba47eea62897d0bd3dff3,JAN2026_StarlingStatement_2026-01.csv_79,JAN2026,starling,60-83-71 00558156,2026-01-17,-32.95,GBP,Marks & Spencer,MARKS&SPENCER PLC,Marks & Spencer MARKS&SPENCER PLC,CONTACTLESS,50816.66,,FOOD_AND_DRINK,,FOOD_AND_DRINK,Marks & Spencer MARKS&SPENCER PLC Marks & Spencer MARKS&SPENCER PLC CONTACTLESS,,,0,,PersonalExpense,M&S,,0.99,override_2,strong,0,rule
2026-01-17,3f06d6a1d5b3ff369d7d6f60cdfe951c9706bee9f46b1196e1aa9cabc8558341,JAN2026_StarlingStatement_2026-01.csv_80,JAN2026,starling,60-83-71 00558156,2026-01-17,-4.28,GBP,Amazon,AMAZON UK* 917E02JU5,Amazon AMAZON UK* 917E02JU5,ONLINE PAYMENT,50812.38,,REPAIRS_AND_MAINTENANCE,,REPAIRS_AND_MAINTENANCE,Amazon AMAZON UK* 917E02JU5 Amazon AMAZON UK* 917E02JU5 ONLINE PAYMENT,,,0,,PropertyExpense,,,0.99,cat_propertyexpense_19,strong,1,rule
2026-01-17,a451d3411869bb6f73c6824272d775d79ccf6cf69dcc6e2571b868d71e951a68,JAN2026_StarlingStatement_2026-01.csv_81,JAN2026,starling,60-83-71 00558156,2026-01-17,-14.7,GBP,Amazon,AMAZON* 6X1D42HQ5,Amazon AMAZON* 6X1D42HQ5,ONLINE PAYMENT,50797.68,,REPAIRS_AND_MAINTENANCE,,REPAIRS_AND_MAINTENANCE,Amazon AMAZON* 6X1D42HQ5 Amazon AMAZON* 6X1D42HQ5 ONLINE PAYMENT,,,0,,PropertyExpense,,,0.99,cat_propertyexpense_19,strong,1,rule
2026-01-17,74539655e44b6705c9615545f22d1fffbd2c4c3e521e491f77eaaea737345272,JAN2026_StarlingStatement_2026-01.csv_82,JAN2026,starling,60-83-71 00558156,2026-01-17,-7.99,GBP,Amazon Marketplace,AMZNMktplace*FV3E07GU5,Amazon Marketplace AMZNMktplace*FV3E07GU5,ONLINE PAYMENT,50789.69,,OTHER,,OTHER,Amazon Marketplace AMZNMktplace*FV3E07GU5 Amazon Marketplace AMZNMktplace*FV3E07GU5 ONLINE PAYMENT,,,0,,OtherExpense,,,0.65,cat_otherexpense_35,catch_all,1,rule
2026-01-17,edbed6e64863532fcad24a301f4baf6ee853afae4907bf26197e863af1c518c5,JAN2026_StarlingStatement_2026-01.csv_83,JAN2026,starling,60-83-71 00558156,2026-01-17,-7.12,GBP,Amazon Marketplace,AMZNMktplace*M93JH1CI5,Amazon Marketplace AMZNMktplace*M93JH1CI5,ONLINE PAYMENT,50782.57,,OTHER,,OTHER,Amazon Marketplace AMZNMktplace*M93JH1CI5 Amazon Marketplace AMZNMktplace*M93JH1CI5 ONLINE PAYMENT,,,0,,OtherExpense,,,0.65,cat_otherexpense_35,catch_all,1,rule
2026-01-17,be5247dc05fce124cf00c70a0a049db026bd5f574950199f4e7ead9b6ad7d5b2,JAN2026_StarlingStatement_2026-01.csv_84,JAN2026,starling,60-83-71 00558156,2026-01-17,-13.98,GBP,Amazon Marketplace,AMZNMktplace*U38K47B55,Amazon Marketplace AMZNMktplace*U38K47B55,ONLINE PAYMENT,50768.59,,OTHER,,OTHER,Amazon Marketplace AMZNMktplace*U38K47B55 Amazon Marketplace AMZNMktplace*U38K47B55 ONLINE PAYMENT,,,0,,OtherExpense,,,0.65,cat_otherexpense_35,catch_all,1,rule
2026-01-17,93cc60a9aa748ab1d9d0db8e396bd94c03627031abe3834828c66e681f15afe6,JAN2026_StarlingStatement_2026-01.csv_85,JAN2026,starling,60-83-71 00558156,2026-01-17,-59.98,GBP,Amazon Marketplace,AMZNMktplace*2301M7OB5,Amazon Marketplace AMZNMktplace*2301M7OB5,ONLINE PAYMENT,50708.61,,OTHER,,OTHER,Amazon Marketplace AMZNMktplace*2301M7OB5 Amazon Marketplace AMZNMktplace*2301M7OB5 ONLINE PAYMENT,,,0,,OtherExpense,,,0.65,cat_otherexpense_35,catch_all,1,rule
2026-01-17,565a4ea98962be08960884877d77ac7304e8e7c31bb85ea532d3a79e6460f373,JAN2026_StarlingStatement_2026-01.csv_86,JAN2026,starling,60-83-71 00558156,2026-01-17,-10.8,GBP,Amazon Marketplace,AMZNMktplace*8R5PU72G5,Amazon Marketplace AMZNMktplace*8R5PU72G5,ONLINE PAYMENT,50697.81,,OTHER,,OTHER,Amazon Marketplace AMZNMktplace*8R5PU72G5 Amazon Marketplace AMZNMktplace*8R5PU72G5 ONLINE PAYMENT,,,0,,OtherExpense,,,0.65,cat_otherexpense_35,catch_all,1,rule
2026-01-17,8b71301fcbe8adc0e83ec2324f82322c39d48f9af898285ba3a7d3872b597863,JAN2026_StarlingStatement_2026-01.csv_87,JAN2026,starling,60-83-71 00558156,2026-01-17,-6.0,GBP,BP,BP NEWHAM AVENUE CONVE,BP BP NEWHAM AVENUE CONVE,CONTACTLESS,50691.81,,VEHICLES,,VEHICLES,BP BP NEWHAM AVENUE CONVE BP BP NEWHAM AVENUE CONVE CONTACTLESS,,,0,,PersonalExpense,Garage,,0.99,override_28,strong,0,rule
2026-01-17,dcf2b3565608b3417b96bdb761a8ff8b1cd3ab13e1096a7dfe7cc280fa029930,JAN2026_StarlingStatement_2026-01.csv_88,JAN2026,starling,60-83-71 00558156,2026-01-17,-6.35,GBP,Amazon Marketplace,AMZNMktplace*TF81B1QN5,Amazon Marketplace AMZNMktplace*TF81B1QN5,ONLINE PAYMENT,50685.46,,OTHER,,OTHER,Amazon Marketplace AMZNMktplace*TF81B1QN5 Amazon Marketplace AMZNMktplace*TF81B1QN5 ONLINE PAYMENT,,,0,,OtherExpense,,,0.65,cat_otherexpense_35,catch_all,1,rule
2026-01-17,591cb7d6f9e24910d48922bdb71c53509761b5863aa86f2efa5badf22770abf7,JAN2026_StarlingStatement_2026-01.csv_89,JAN2026,starling,60-83-71 00558156,2026-01-17,-12.4,GBP,Amazon Marketplace,AMZNMktplace*UU02438L5,Amazon Marketplace AMZNMktplace*UU02438L5,ONLINE PAYMENT,50673.06,,OTHER,,OTHER,Amazon Marketplace AMZNMktplace*UU02438L5 Amazon Marketplace AMZNMktplace*UU02438L5 ONLINE PAYMENT,,,0,,OtherExpense,,,0.65,cat_otherexpense_35,catch_all,1,rule
2026-01-17,43bb5ab221f988595a46b77d563d556ba7a75254d076689130472977658b4545,JAN2026_StarlingStatement_2026-01.csv_90,JAN2026,starling,60-83-71 00558156,2026-01-17,81.0,GBP,Letisha Lowe,Leak,Letisha Lowe Leak,FASTER PAYMENT,50754.06,,REVENUE,,REVENUE,Letisha Lowe Leak Letisha Lowe Leak FASTER PAYMENT,,,0,,OtherIncome,,,0.65,cat_otherincome_34,catch_all,1,rule
2026-01-18,0baa7482922ef43b48d1ad8a21909f79978ce3a397109d0745473bd9bb71dd6e,JAN2026_StarlingStatement_2026-01.csv_91,JAN2026,starling,60-83-71 00558156,2026-01-18,-37.76,GBP,Amazon,Amazon.co.uk*0M6BO31B5,Amazon Amazon.co.uk*0M6BO31B5,ONLINE PAYMENT,50716.3,,REPAIRS_AND_MAINTENANCE,,REPAIRS_AND_MAINTENANCE,Amazon Amazon.co.uk*0M6BO31B5 Amazon Amazon.co.uk*0M6BO31B5 ONLINE PAYMENT,,,0,,PropertyExpense,,,0.99,cat_propertyexpense_19,strong,1,rule
2026-01-18,f7cb26399fd7585469f660172d67b61da05fa75fbde34ff157df6873b89a73d6,JAN2026_StarlingStatement_2026-01.csv_92,JAN2026,starling,60-83-71 00558156,2026-01-18,-369.87,GBP,Amazon Marketplace,AMZNMktplace*PW7BF0UA5,Amazon Marketplace AMZNMktplace*PW7BF0UA5,ONLINE PAYMENT,50346.43,,OTHER,,OTHER,Amazon Marketplace AMZNMktplace*PW7BF0UA5 Amazon Marketplace AMZNMktplace*PW7BF0UA5 ONLINE PAYMENT,,,0,,OtherExpense,,,0.65,cat_otherexpense_35,catch_all,1,rule
2026-01-18,7904a7e1245415a7b024f11db67bece475bf0ec87a4e5e460f53068120115920,JAN2026_StarlingStatement_2026-01.csv_93,JAN2026,starling,60-83-71 00558156,2026-01-18,-15.45,GBP,Amazon Marketplace,AMZNMktplace*RO59W3NQ5,Amazon Marketplace AMZNMktplace*RO59W3NQ5,ONLINE PAYMENT,50330.98,,OTHER,,OTHER,Amazon Marketplace AMZNMktplace*RO59W3NQ5 Amazon Marketplace AMZNMktplace*RO59W3NQ5 ONLINE PAYMENT,,,0,,OtherExpense,,,0.65,cat_otherexpense_35,catch_all,1,rule
2026-01-18,c1674f9fd8a0522e2024e44e65ba79c14ca0a4588e9991360ce8c2d0923cd599,JAN2026_StarlingStatement_2026-01.csv_94,JAN2026,starling,60-83-71 00558156,2026-01-18,-45.43,GBP,Home Bargains,HOME BARGAINS,Home Bargains HOME BARGAINS,CONTACTLESS,50285.55,,EQUIPMENT,,EQUIPMENT,Home Bargains HOME BARGAINS Home Bargains HOME BARGAINS CONTACTLESS,,,0,,PersonalExpense,Household,,0.99,override_12,strong,0,rule
2026-01-18,b47b2b8452053dfcd845e165542eb641a27857e60ded8d83826c941260199d66,JAN2026_StarlingStatement_2026-01.csv_95,JAN2026,starling,60-83-71 00558156,2026-01-18,-99.63,GBP,ALDI,ALDI STORES 776-97,ALDI ALDI STORES 776-97,CONTACTLESS,50185.92,,FOOD_AND_DRINK,,FOOD_AND_DRINK,ALDI ALDI STORES 776-97 ALDI ALDI STORES 776-97 CONTACTLESS,,,0,,PersonalExpense,ALDI,,0.99,override_20,strong,0,rule
2026-01-18,e6caca0e11f22b3cf7679ae7996f9f2c7219fb37358c666c43258c4d801afa25,JAN2026_StarlingStatement_2026-01.csv_96,JAN2026,starling,60-83-71 00558156,2026-01-18,-5.7,GBP,Co-op,CO OPERATIVE FOOD,Co-op CO OPERATIVE FOOD,CONTACTLESS,50180.22,,REPAIRS_AND_MAINTENANCE,,REPAIRS_AND_MAINTENANCE,Co-op CO OPERATIVE FOOD Co-op CO OPERATIVE FOOD CONTACTLESS,,,0,,PersonalExpense,COOP,,0.99,cat_propertyexpense_19,strong,0,rule
2026-01-18,6cbd9a3fe5e1bd55c93053338ab6ba7f5a2e0a2a8658e69f35341641fd67e5da,JAN2026_StarlingStatement_2026-01.csv_97,JAN2026,starling,60-83-71 00558156,2026-01-18,-14.7,GBP,Amazon Marketplace,AMZNMktplace*TK80A0EY5,Amazon Marketplace AMZNMktplace*TK80A0EY5,ONLINE PAYMENT,50165.52,,OTHER,,OTHER,Amazon Marketplace AMZNMktplace*TK80A0EY5 Amazon Marketplace AMZNMktplace*TK80A0EY5 ONLINE PAYMENT,,,0,,OtherExpense,,,0.65,cat_otherexpense_35,catch_all,1,rule
2026-01-18,e8a8254e6725589b72ab596c5a7be31cf34d11a1cf8ed6728487c84062c6cf3c,JAN2026_StarlingStatement_2026-01.csv_98,JAN2026,starling,60-83-71 00558156,2026-01-18,-100.0,GBP,Ivana  VALENTINO,food,Ivana  VALENTINO food,FASTER PAYMENT,50065.52,,REPAIRS_AND_MAINTENANCE,,REPAIRS_AND_MAINTENANCE,Ivana  VALENTINO food Ivana  VALENTINO food FASTER PAYMENT,,,0,,PersonalExpense,Ivana,,0.99,cat_propertyexpense_19,strong,0,rule
2026-01-19,701a1a137ae3a17d546f97cd21b94d4fd68c85efcea68de83e413449e9f130e7,JAN2026_BC_3072_JAN2026.csv_14,JAN2026,barclays,20-53-97 30728691,2026-01-19,-356.67,GBP,,,BHAM MIDSHIRES        6092042862000000 DDR,,,184800,,Direct Debit,Direct Debit,BHAM MIDSHIRES        6092042862000000 DDR,,,0,F2321LON,Mortgage,,,0.99,prop_mort_F2321LON_3,strong,0,rule
2026-01-19,746ed52224876ac7fe102c1b6773108d1e37c58a779d3b8f56457cfd3babe4cd,JAN2026_BC_3072_JAN2026.csv_15,JAN2026,barclays,20-53-97 30728691,2026-01-19,5280.47,GBP,,,Rsa Capital Limite    mortgages BGC,,,0,,Counter Credit,Counter Credit,Rsa Capital Limite    mortgages BGC,,,0,,Interbank,,,0.99,override_40,strong,0,rule
2026-01-19,e98a20f32aab629cae2abbe3442efe614ea11365500589d2a06782ee699931b8,JAN2026_BC_4040_JAN2026.csv_18,JAN2026,barclays,20-74-09 40406538,2026-01-19,-45.0,GBP,,,ROCCO VALENTINO       CREATINE FT,,,0,,Funds Transfer,Funds Transfer,ROCCO VALENTINO       CREATINE FT,,,0,,PersonalExpense,Rocco,,0.99,override_6,strong,0,rule
2026-01-19,691d0a20f09ad4a65008d97694f1a0a89fee54c7638381ce791769888b6fcdd2,JAN2026_BC_4040_JAN2026.csv_19,JAN2026,barclays,20-74-09 40406538,2026-01-19,100.0,GBP,,,Rsa Capital Limite    food BGC,,,0,,Counter Credit,Counter Credit,Rsa Capital Limite    food BGC,,,0,,Interbank,,,0.99,override_40,strong,0,rule
2026-01-19,621c2e8513e0cec95fa69d4f6fff0eb86248ddc266426a5034a7f8eb2f9e98a5,JAN2026_BC_4040_JAN2026.csv_20,JAN2026,barclays,20-74-09 40406538,2026-01-19,-3.4,GBP,,,COSTA COFFEE 43011    ON 17 JAN CLP,,,0,,Contactless Card Purchase,Contactless Card Purchase,COSTA COFFEE 43011    ON 17 JAN CLP,,,0,,PersonalExpense,EatingOut,,0.99,cat_personalexpense_30,strong,0,rule
2026-01-19,3c281389be0a278dc7f2ce6a26089302e465c04516adc9e22a63540137561cff,JAN2026_StarlingStatement_2026-01.csv_99,JAN2026,starling,60-83-71 00558156,2026-01-19,-20.0,GBP,Peter Taperek,41214 gas,Peter Taperek 41214 gas,FASTER PAYMENT,50045.52,,REPAIRS_AND_MAINTENANCE,,REPAIRS_AND_MAINTENANCE,Peter Taperek 41214 gas Peter Taperek 41214 gas FASTER PAYMENT,,,0,F41214ALH,PropertyExpense,,,0.99,prop_rent_F41214ALH_66,strong,0,rule
2026-01-19,8aad3db7984b8c44e9c2cfbd3ec287cc0f62224b4ce0d197d7ca01c3bf8a2ce6,JAN2026_StarlingStatement_2026-01.csv_100,JAN2026,starling,60-83-71 00558156,2026-01-19,980.0,GBP,GONGORA OLIVA J,FLAT 22 4-6 ALHAMB,GONGORA OLIVA J FLAT 22 4-6 ALHAMB,FASTER PAYMENT,51025.52,,REVENUE,,REVENUE,GONGORA OLIVA J FLAT 22 4-6 ALHAMB GONGORA OLIVA J FLAT 22 4-6 ALHAMB FASTER PAYMENT,,,0,F2246ALH,OurRent,,,0.99,prop_rent_F2246ALH_95,strong,0,rule
2026-01-19,fa96cdb9d02895083051ba82453327dc8b0f7c510bc5886fdcdddcb77a882922,JAN2026_StarlingStatement_2026-01.csv_101,JAN2026,starling,60-83-71 00558156,2026-01-19,-83.59,GBP,Elstow Service Station,ELSTOW SERVICE STATION,Elstow Service Station ELSTOW SERVICE STATION,CHIP & PIN,50941.93,,VEHICLES,,VEHICLES,Elstow Service Station ELSTOW SERVICE STATION Elstow Service Station ELSTOW SERVICE STATION CHIP & PIN,,,0,,OtherExpense,,,0.65,cat_otherexpense_35,catch_all,1,rule
2026-01-19,9441bf78fb31384ffae85369bfee2fed98d2a148b6dbc8b443c71cb1cbc9734f,JAN2026_StarlingStatement_2026-01.csv_102,JAN2026,starling,60-83-71 00558156,2026-01-19,-26.26,GBP,Waitrose,WAITROSE STORES,Waitrose WAITROSE STORES,CONTACTLESS,50915.67,,FOOD_AND_DRINK,,FOOD_AND_DRINK,Waitrose WAITROSE STORES Waitrose WAITROSE STORES CONTACTLESS,,,0,,PersonalExpense,Waitrose,,0.99,override_34,strong,0,rule
2026-01-19,36e78c2757d56af8c2c8ca216c9072607d9681c063dfafeffb7d370ef34e498f,JAN2026_StarlingStatement_2026-01.csv_103,JAN2026,starling,60-83-71 00558156,2026-01-19,-243.69,GBP,OVO ENERGY LTD,PWBT1768827441349,OVO ENERGY LTD PWBT1768827441349 321 London Road landlord supply not paid since Jan 2025.,FASTER PAYMENT,50671.98,,NONE,,NONE,OVO ENERGY LTD PWBT1768827441349 OVO ENERGY LTD PWBT1768827441349 321 London Road landlord supply not paid since Jan 2025. FASTER PAYMENT,,,0,321LON,OtherExpense,,,0.99,prop_rent_321LON_119,strong,0,rule
2026-01-20,4dc8ba56d26e46d625c94c7fbfa2a30fc93c000ed06f76086eda1238f3f626f9,JAN2026_BC_4040_JAN2026.csv_16,JAN2026,barclays,20-74-09 40406538,2026-01-20,-150.0,GBP,,,SOFIA VALENTINO-TU    PASSPORT FT,,,0,,Funds Transfer,Funds Transfer,SOFIA VALENTINO-TU    PASSPORT FT,,,0,,PersonalExpense,Sofia,,0.99,override_8,strong,0,rule
2026-01-20,f2ec734d3ea1c5a99862c2fe155ae636bb57451d0f3e28eeb6033ef46241ac38,JAN2026_BC_4040_JAN2026.csv_17,JAN2026,barclays,20-74-09 40406538,2026-01-20,150.0,GBP,,,Rsa Capital Limite    pport BGC,,,0,,Counter Credit,Counter Credit,Rsa Capital Limite    pport BGC,,,0,,Interbank,,,0.99,override_40,strong,0,rule
2026-01-20,7611a08798f41f572984b020b243e7ffb3d6578c86f9161ad8ac2cf04c1fa7e9,JAN2026_StarlingStatement_2026-01.csv_104,JAN2026,starling,60-83-71 00558156,2026-01-20,-250.0,GBP,Ivana Valentino,car,Ivana Valentino car,FASTER PAYMENT,50421.98,,VEHICLES,,VEHICLES,Ivana Valentino car Ivana Valentino car FASTER PAYMENT,,,0,,RegularPayment,Ivana,,0.99,override_37,strong,0,rule
2026-01-20,9923af8b02875034f5fc71791f7aadfd58644eadc8f39a1f6270ce8ee32ccc31,JAN2026_StarlingStatement_2026-01.csv_105,JAN2026,starling,60-83-71 00558156,2026-01-20,-4.98,GBP,Jijo George,flat 1 171,Jijo George flat 1 171,FASTER PAYMENT,50417.0,,REPAIRS_AND_MAINTENANCE,,REPAIRS_AND_MAINTENANCE,Jijo George flat 1 171 Jijo George flat 1 171 FASTER PAYMENT,,,0,F1171FAW,PropertyExpense,,,0.99,prop_rent_F1171FAW_79,strong,0,rule
2026-01-20,de58012d21a4703d377886387dbe44ec34e9c00c84cce3f47876f0a303f9e778,JAN2026_StarlingStatement_2026-01.csv_106,JAN2026,starling,60-83-71 00558156,2026-01-20,-16.75,GBP,Peter Taperek,31618 lock,Peter Taperek 31618 lock,FASTER PAYMENT,50400.25,,REPAIRS_AND_MAINTENANCE,,REPAIRS_AND_MAINTENANCE,Peter Taperek 31618 lock Peter Taperek 31618 lock FASTER PAYMENT,,,0,,PropertyExpense,,,0.99,cat_propertyexpense_19,strong,1,rule
2026-01-20,b437931a3a242a6f20a6e3e6df6689221468c09ecc60e9cbc823e11274e64ffa,JAN2026_StarlingStatement_2026-01.csv_107,JAN2026,starling,60-83-71 00558156,2026-01-20,880.0,GBP,Emily Cove,21 4-6 Alhambra,Emily Cove 21 4-6 Alhambra,FASTER PAYMENT,51280.25,,REVENUE,,REVENUE,Emily Cove 21 4-6 Alhambra Emily Cove 21 4-6 Alhambra FASTER PAYMENT,,,0,F2146ALH,OurRent,,,0.99,prop_rent_F2146ALH_94,strong,0,rule
2026-01-20,f6a749335dbc9772e08c9e8bc2fb27b21e2454cbe0e4a868a265be2fb39cadb1,JAN2026_StarlingStatement_2026-01.csv_108,JAN2026,starling,60-83-71 00558156,2026-01-20,694.6,GBP,CHARTERS ESTATE AGENTS LIMITED,Flat 10 1214 Alham,CHARTERS ESTATE AGENTS LIMITED Flat 10 1214 Alham,FASTER PAYMENT,51974.85,,REVENUE,,REVENUE,CHARTERS ESTATE AGENTS LIMITED Flat 10 1214 Alham CHARTERS ESTATE AGENTS LIMITED Flat 10 1214 Alham FASTER PAYMENT,,,0,F101214ALH,OurRent,,,0.99,prop_rent_F101214ALH_101,strong,0,rule
2026-01-20,1d30b37135706ab63b7611ca146221fb89c0817071cad396e9eea555e64c3c1c,JAN2026_StarlingStatement_2026-01.csv_109,JAN2026,starling,60-83-71 00558156,2026-01-20,-21.65,GBP,Tesco,TESCO STORES 2547,Tesco TESCO STORES 2547,CONTACTLESS,51953.2,,FOOD_AND_DRINK,,FOOD_AND_DRINK,Tesco TESCO STORES 2547 Tesco TESCO STORES 2547 CONTACTLESS,,,0,,PersonalExpense,Tesco,,0.99,override_9,strong,0,rule
2026-01-20,10ead844749df974fcf2a164f08029ce590030a072e83cfe181db932060e5273,JAN2026_StarlingStatement_2026-01.csv_110,JAN2026,starling,60-83-71 00558156,2026-01-20,-1560.0,GBP,A Beck Plumbing & Heating LTD,26238 131618 boile,A Beck Plumbing & Heating LTD 26238 131618 boile,FASTER PAYMENT,50393.2,,REPAIRS_AND_MAINTENANCE,,REPAIRS_AND_MAINTENANCE,A Beck Plumbing & Heating LTD 26238 131618 boile A Beck Plumbing & Heating LTD 26238 131618 boile FASTER PAYMENT,,,0,,PropertyExpense,,,0.99,cat_propertyexpense_19,strong,1,rule
2026-01-20,96f3fbfd5079b217286b83fd882eee06de321fc3ac159796a9ceba1fb954f687,JAN2026_StarlingStatement_2026-01.csv_111,JAN2026,starling,60-83-71 00558156,2026-01-20,-30.0,GBP,OVO Energy,HTTPS://OVOENERGYPAYME,OVO Energy HTTPS://OVOENERGYPAYME,ONLINE PAYMENT,50363.2,,WORKPLACE,,WORKPLACE,OVO Energy HTTPS://OVOENERGYPAYME OVO Energy HTTPS://OVOENERGYPAYME ONLINE PAYMENT,,,0,,PropertyExpense,,,0.99,cat_propertyexpense_9,strong,1,rule
2026-01-20,cee363365235a7d056e855f69f10b2765d5718d791e2bf01119b8fe3d16c399f,JAN2026_StarlingStatement_2026-01.csv_112,JAN2026,starling,60-83-71 00558156,2026-01-20,-11.98,GBP,Amazon Marketplace,AMZNMktplace*JI6X24BN5,Amazon Marketplace AMZNMktplace*JI6X24BN5,ONLINE PAYMENT,50351.22,,OTHER,,OTHER,Amazon Marketplace AMZNMktplace*JI6X24BN5 Amazon Marketplace AMZNMktplace*JI6X24BN5 ONLINE PAYMENT,,,0,,OtherExpense,,,0.65,cat_otherexpense_35,catch_all,1,rule
2026-01-20,256d9a78c1c9530c5ebf0276e8eecd36abef797ff15ee104a77a908355d19581,JAN2026_StarlingStatement_2026-01.csv_113,JAN2026,starling,60-83-71 00558156,2026-01-20,-150.0,GBP,Ivana  VALENTINO,pport,Ivana  VALENTINO pport,FASTER PAYMENT,50201.22,,REPAIRS_AND_MAINTENANCE,,REPAIRS_AND_MAINTENANCE,Ivana  VALENTINO pport Ivana  VALENTINO pport FASTER PAYMENT,,,0,,PropertyExpense,,,0.99,cat_propertyexpense_19,strong,1,rule
2026-01-20,abb63285881a853f47a7ebf8a811b9febc70949c8de239d8d6edf1677bf94fc7,JAN2026_StarlingStatement_2026-01.csv_114,JAN2026,starling,60-83-71 00558156,2026-01-20,-11.89,GBP,Peter Taperek,31618 light bulbs,Peter Taperek 31618 light bulbs,FASTER PAYMENT,50189.33,,REPAIRS_AND_MAINTENANCE,,REPAIRS_AND_MAINTENANCE,Peter Taperek 31618 light bulbs Peter Taperek 31618 light bulbs FASTER PAYMENT,,,0,,PropertyExpense,,,0.99,cat_propertyexpense_19,strong,1,rule
2026-01-20,e24ab098d6341d449d56fc1902f356562ad099c5848cfa95ac315f191deedefd,JAN2026_StarlingStatement_2026-01.csv_115,JAN2026,starling,60-83-71 00558156,2026-01-20,-12.99,GBP,Peter Taperek,31618 lights,Peter Taperek 31618 lights,FASTER PAYMENT,50176.34,,REPAIRS_AND_MAINTENANCE,,REPAIRS_AND_MAINTENANCE,Peter Taperek 31618 lights Peter Taperek 31618 lights FASTER PAYMENT,,,0,,PropertyExpense,,,0.99,cat_propertyexpense_19,strong,1,rule
2026-01-21,6274c94040630619b6a920190269d550302e70ad9c55b673b044bff6d0cb2221,JAN2026_BC_6045_JAN2026.csv_6,JAN2026,barclays,20-74-09 60458872,2026-01-21,-9.99,GBP,,,AMZNMktplace*6C3E8    ON 20 JAN BCC,,,0,,Card Purchase,Card Purchase,AMZNMktplace*6C3E8    ON 20 JAN BCC,,,0,,PersonalExpense,Amazon,,0.99,cat_personalexpense_30,strong,0,rule
2026-01-21,23f4c0cc890fe3d3745e84961e3d34764d43f0b0e497dd5d67f2fd1f17f21fcd,JAN2026_BC_6045_JAN2026.csv_7,JAN2026,barclays,20-74-09 60458872,2026-01-21,-27.71,GBP,,,INTEREST CHARGED      INTEREST CHARGED,,,0,,Credit Payment,Credit Payment,INTEREST CHARGED      INTEREST CHARGED,,,0,,OtherExpense,,,0.99,override_17,strong,0,rule
2026-01-21,b84701ab0ecb89bc85ed7a2e12d6d504ba04d999831a5f4077f58e56de0ede74,JAN2026_BC_3072_JAN2026.csv_12,JAN2026,barclays,20-53-97 30728691,2026-01-21,-10.0,GBP,,,ID MOBILE LIMITED     11245718/001 DDR,,,298372,,Direct Debit,Direct Debit,ID MOBILE LIMITED     11245718/001 DDR,,,0,,RegularPayment,,,0.99,cat_regularpayment_27,strong,0,rule
2026-01-21,d25cffe89ee5cccdc462c9e8c10a2c9ecdbb5406968a51320d8c8ba79f6076ee,JAN2026_BC_3072_JAN2026.csv_13,JAN2026,barclays,20-53-97 30728691,2026-01-21,-10.0,GBP,,,ID MOBILE LIMITED     11888885/001 DDR,,,298372,,Direct Debit,Direct Debit,ID MOBILE LIMITED     11888885/001 DDR,,,0,,RegularPayment,,,0.99,cat_regularpayment_27,strong,0,rule
2026-01-21,0b522642a9e88aaa9cbfbbdc1377fb71c40cf4e5fc24ef5bbfc4038b18687814,JAN2026_BC_4040_JAN2026.csv_15,JAN2026,barclays,20-74-09 40406538,2026-01-21,-7.15,GBP,,,CO OPERATIVE FOOD     ON 20 JAN CLP,,,0,,Contactless Card Purchase,Contactless Card Purchase,CO OPERATIVE FOOD     ON 20 JAN CLP,,,0,,PersonalExpense,COOP,,0.99,cat_personalexpense_30,strong,0,rule
2026-01-21,ea36bd7590155e2984d098061da75f1ecf84833b7e3c657d225500dee30ae7fb,JAN2026_StarlingStatement_2026-01.csv_116,JAN2026,starling,60-83-71 00558156,2026-01-21,695.0,GBP,Brett,000000003568389310,Brett 000000003568389310,DIRECT CREDIT,50871.34,,REVENUE,,REVENUE,Brett 000000003568389310 Brett 000000003568389310 DIRECT CREDIT,,,0,F3163FRA,OurRent,,,0.99,prop_rent_F3163FRA_83,strong,0,rule
2026-01-21,76d7abeb809af30092122004f4189d67bb490384ac15aca98d5da6db27e93a00,JAN2026_StarlingStatement_2026-01.csv_117,JAN2026,starling,60-83-71 00558156,2026-01-21,-10.0,GBP,Peter Taperek,keys 3 1618,Peter Taperek keys 3 1618,FASTER PAYMENT,50861.34,,REPAIRS_AND_MAINTENANCE,,REPAIRS_AND_MAINTENANCE,Peter Taperek keys 3 1618 Peter Taperek keys 3 1618 FASTER PAYMENT,,,0,F31618ALH,PropertyExpense,,,0.99,prop_rent_F31618ALH_114,strong,0,rule
2026-01-21,c8e1652bed34f78c2db19002fdd30c8a76f9d1413a1eb0a8168f225e167ed9fe,JAN2026_StarlingStatement_2026-01.csv_118,JAN2026,starling,60-83-71 00558156,2026-01-21,-35.65,GBP,Marks & Spencer,MARKS&SPENCER PLC SACA,Marks & Spencer MARKS&SPENCER PLC SACA,CONTACTLESS,50825.69,,FOOD_AND_DRINK,,FOOD_AND_DRINK,Marks & Spencer MARKS&SPENCER PLC SACA Marks & Spencer MARKS&SPENCER PLC SACA CONTACTLESS,,,0,,PersonalExpense,M&S,,0.99,override_2,strong,0,rule
2026-01-21,deac81b82e85ecf14a87a07fc8f2f084edf6b59599470de92fc09bb1a3cd3f6f,JAN2026_StarlingStatement_2026-01.csv_119,JAN2026,starling,60-83-71 00558156,2026-01-21,-125.0,GBP,Albany Carpet and Upholstery,4249 169 carpet,Albany Carpet and Upholstery 4249 169 carpet,FASTER PAYMENT,50700.69,,PROFESSIONAL_SERVICES,,PROFESSIONAL_SERVICES,Albany Carpet and Upholstery 4249 169 carpet Albany Carpet and Upholstery 4249 169 carpet FASTER PAYMENT,,,0,,OtherExpense,,,0.65,cat_otherexpense_35,catch_all,1,rule
2026-01-21,5eefe0c9a4bd0e175c2453564e9ff3f20d7db8212bc3b14dc006bc488a9f2e77,JAN2026_StarlingStatement_2026-01.csv_120,JAN2026,starling,60-83-71 00558156,2026-01-21,-25.33,GBP,Peter Taperek,111214 sink,Peter Taperek 111214 sink,FASTER PAYMENT,50675.36,,REPAIRS_AND_MAINTENANCE,,REPAIRS_AND_MAINTENANCE,Peter Taperek 111214 sink Peter Taperek 111214 sink FASTER PAYMENT,,,0,F111214ALH,PropertyExpense,,,0.99,prop_rent_F111214ALH_102,strong,0,rule
2026-01-22,4589b099dc01871568a60c37d1d3696c8e1e96c71b41ab930d23820416dfc3e7,JAN2026_BC_6045_JAN2026.csv_5,JAN2026,barclays,20-74-09 60458872,2026-01-22,-30.0,GBP,,,SOFIA                 PETROLPARKING FT,,,0,,Funds Transfer,Funds Transfer,SOFIA                 PETROLPARKING FT,,,0,,PersonalExpense,Sofia,,0.99,override_8,strong,0,rule
2026-01-22,b95f1132c9ea867d57217b16e5e5a5409e79d95789dae9a69eeccbd5afe294aa,JAN2026_BC_3072_JAN2026.csv_10,JAN2026,barclays,20-53-97 30728691,2026-01-22,-26.25,GBP,,,INTEREST CHARGED      INTEREST CHARGED,,,0,,Credit Payment,Credit Payment,INTEREST CHARGED      INTEREST CHARGED,,,0,,OtherExpense,,,0.99,override_17,strong,0,rule
2026-01-22,52ff3062552ea4d68aa11d291052735cf8a4ca67c55d577a2791bf50cc2dd9e7,JAN2026_BC_3072_JAN2026.csv_11,JAN2026,barclays,20-53-97 30728691,2026-01-22,-450.05,GBP,,,BHAM MIDSHIRES        6092076296020000 DDR,,,184800,,Direct Debit,Direct Debit,BHAM MIDSHIRES        6092076296020000 DDR,,,0,196AKIN,Mortgage,,,0.99,prop_mort_196AKIN_23,strong,0,rule
2026-01-22,b1f6101420148243d7a829941d8dd656ebdf9279acab024fc13850cb1f53da8c,JAN2026_BC_4040_JAN2026.csv_12,JAN2026,barclays,20-74-09 40406538,2026-01-22,-6.49,GBP,,,COSTA COFFEE 43011    ON 21 JAN CLP,,,0,,Contactless Card Purchase,Contactless Card Purchase,COSTA COFFEE 43011    ON 21 JAN CLP,,,0,,PersonalExpense,EatingOut,,0.99,cat_personalexpense_30,strong,0,rule
2026-01-22,c88171e307c28ed585f42d0a3775e0aa80aa2f8129b7d540c92177e5cf66339e,JAN2026_BC_4040_JAN2026.csv_13,JAN2026,barclays,20-74-09 40406538,2026-01-22,-10.15,GBP,,,CO- OPERATIVE FOOD    ON 21 JAN CLP,,,0,,Contactless Card Purchase,Contactless Card Purchase,CO- OPERATIVE FOOD    ON 21 JAN CLP,,,0,,PersonalExpense,COOP,,0.99,cat_personalexpense_30,strong,0,rule
2026-01-22,fa9754794eebaa196da34fa89ea08cf5cc9fbf74b93947021b97d67b0ba01d24,JAN2026_BC_4040_JAN2026.csv_14,JAN2026,barclays,20-74-09 40406538,2026-01-22,-12.64,GBP,,,INTEREST CHARGED      INTEREST CHARGED,,,0,,Credit Payment,Credit Payment,INTEREST CHARGED      INTEREST CHARGED,,,0,,OtherExpense,,,0.99,override_17,strong,0,rule
2026-01-22,b18b94036c0318ee57d35248a0207063d27c8395bcee789adebf14271fbbec71,JAN2026_StarlingStatement_2026-01.csv_121,JAN2026,starling,60-83-71 00558156,2026-01-22,-15.49,GBP,Amazon Marketplace,AMZNMktplace*CW03T4345,Amazon Marketplace AMZNMktplace*CW03T4345 ubend flat 4 12-14,ONLINE PAYMENT,50659.87,,OTHER,,OTHER,Amazon Marketplace AMZNMktplace*CW03T4345 Amazon Marketplace AMZNMktplace*CW03T4345 ubend flat 4 12-14 ONLINE PAYMENT,,,0,F41214ALH,OtherExpense,,,0.99,prop_rent_F41214ALH_106,strong,0,rule
2026-01-22,09935decd385420bcc703f27247f902f13ebaf2fc6449dc689030d2c51f346bf,JAN2026_StarlingStatement_2026-01.csv_122,JAN2026,starling,60-83-71 00558156,2026-01-22,-13.5,GBP,BP,BP NEWHAM AVENUE CONVE,BP BP NEWHAM AVENUE CONVE,CONTACTLESS,50646.37,,VEHICLES,,VEHICLES,BP BP NEWHAM AVENUE CONVE BP BP NEWHAM AVENUE CONVE CONTACTLESS,,,0,,PersonalExpense,Garage,,0.99,override_28,strong,0,rule
2026-01-22,8365d899665c61c828be1eb1f8d03012146664963ca89c2e2cac09619c95c417,JAN2026_StarlingStatement_2026-01.csv_123,JAN2026,starling,60-83-71 00558156,2026-01-22,-852.97,GBP,Ivana Valentino,mortgages,Ivana Valentino mortgages,FASTER PAYMENT,49793.4,,INTEREST_PAYMENTS,,INTEREST_PAYMENTS,Ivana Valentino mortgages Ivana Valentino mortgages FASTER PAYMENT,,,0,,MortgageRefund,Ivana,,0.99,cat_mortgagerefund_15,strong,0,rule
2026-01-22,4fa57ed13ef4bec7d57dadee1bdc0586b6b34525006cddc8ac4f76d0d541178f,JAN2026_StarlingStatement_2026-01.csv_124,JAN2026,starling,60-83-71 00558156,2026-01-22,-100.0,GBP,Ivana  VALENTINO,food,Ivana  VALENTINO food,FASTER PAYMENT,49693.4,,FOOD_AND_DRINK,,FOOD_AND_DRINK,Ivana  VALENTINO food Ivana  VALENTINO food FASTER PAYMENT,,,0,,PersonalExpense,Ivana,,0.99,override_39,strong,0,rule
2026-01-23,85a6288cc5c9033c71884d6929ce9eccae3aaec5fddc58ef9e715a16790b6299,JAN2026_BC_3072_JAN2026.csv_9,JAN2026,barclays,20-53-97 30728691,2026-01-23,852.97,GBP,,,Rsa Capital Limite    mortgages BGC,,,0,,Counter Credit,Counter Credit,Rsa Capital Limite    mortgages BGC,,,0,,Interbank,,,0.99,override_40,strong,0,rule
2026-01-23,31ff52d4d9c1292711232441a12aea08ffce53c4bd893c92b48b2e293410aaab,JAN2026_BC_4040_JAN2026.csv_8,JAN2026,barclays,20-74-09 40406538,2026-01-23,-8.7,GBP,,,CO OPERATIVE FOOD     ON 22 JAN CLP,,,0,,Contactless Card Purchase,Contactless Card Purchase,CO OPERATIVE FOOD     ON 22 JAN CLP,,,0,,PersonalExpense,COOP,,0.99,cat_personalexpense_30,strong,0,rule
2026-01-23,e28d2ea1dac3e87b90ce272b07663d4da383a3a6b032e0f2ae7a0b4e0e4bdb34,JAN2026_BC_4040_JAN2026.csv_9,JAN2026,barclays,20-74-09 40406538,2026-01-23,-8.1,GBP,,,CO OPERATIVE FOOD     ON 22 JAN CLP,,,0,,Contactless Card Purchase,Contactless Card Purchase,CO OPERATIVE FOOD     ON 22 JAN CLP,,,0,,PersonalExpense,COOP,,0.99,cat_personalexpense_30,strong,0,rule
2026-01-23,5620a58b18763327e87d7cd650c055678e2e34e4867d5e435a823c98cd83720b,JAN2026_BC_4040_JAN2026.csv_10,JAN2026,barclays,20-74-09 40406538,2026-01-23,-60.0,GBP,,,SOFIA VALENTINO-TU    FOOD PETROL FT,,,0,,Funds Transfer,Funds Transfer,SOFIA VALENTINO-TU    FOOD PETROL FT,,,0,,PersonalExpense,Sofia,,0.99,override_8,strong,0,rule
2026-01-23,842b337920ed191de06d9ae56669442039e78b31411f7a5c605b964df43157e1,JAN2026_BC_4040_JAN2026.csv_11,JAN2026,barclays,20-74-09 40406538,2026-01-23,100.0,GBP,,,Rsa Capital Limite    food BGC,,,0,,Counter Credit,Counter Credit,Rsa Capital Limite    food BGC,,,0,,Interbank,,,0.99,override_40,strong,0,rule
2026-01-23,a2be4660abb654fe4579093f2e30f47ea4d513460503f5abc2f7332bf7d2fa37,JAN2026_StarlingStatement_2026-01.csv_125,JAN2026,starling,60-83-71 00558156,2026-01-23,750.0,GBP,A JOY,"ANGEL JOY  ,FLAT 7","A JOY ANGEL JOY  ,FLAT 7",FASTER PAYMENT,50443.4,,REVENUE,,REVENUE,"A JOY ANGEL JOY  ,FLAT 7 A JOY ANGEL JOY  ,FLAT 7 FASTER PAYMENT",,,0,F71214ALH,OurRent,,,0.99,prop_rent_F71214ALH_108,strong,0,rule
2026-01-23,24b4608cd4234cbe66c1e0d09c235b44a4deecff1c4e823e304a88a1d2ac8ac6,JAN2026_StarlingStatement_2026-01.csv_126,JAN2026,starling,60-83-71 00558156,2026-01-23,750.0,GBP,MOORE J W,F3 12-14,MOORE J W F3 12-14,FASTER PAYMENT,51193.4,,REVENUE,,REVENUE,MOORE J W F3 12-14 MOORE J W F3 12-14 FASTER PAYMENT,,,0,F31214ALH,OurRent,,,0.99,prop_rent_F31214ALH_105,strong,0,rule
2026-01-23,b077a453a55837f5aee6440b32eed6987352150bfa0d8e483fbb655f65823e35,JAN2026_StarlingStatement_2026-01.csv_127,JAN2026,starling,60-83-71 00558156,2026-01-23,750.0,GBP,Michael  Pedace,FLAT2 171FAWCETT,Michael  Pedace FLAT2 171FAWCETT,FASTER PAYMENT,51943.4,,REVENUE,,REVENUE,Michael  Pedace FLAT2 171FAWCETT Michael  Pedace FLAT2 171FAWCETT FASTER PAYMENT,,,0,F2171FAW,OurRent,,,0.99,prop_rent_F2171FAW_80,strong,0,rule
2026-01-23,db6fc7b68e9e491403b1f76c44dfd0b6d54a312818ace506b0ff186189a2f117,JAN2026_StarlingStatement_2026-01.csv_128,JAN2026,starling,60-83-71 00558156,2026-01-23,-35.58,GBP,ALDI,ALDI STORES 776-97,ALDI ALDI STORES 776-97,CONTACTLESS,51907.82,,FOOD_AND_DRINK,,FOOD_AND_DRINK,ALDI ALDI STORES 776-97 ALDI ALDI STORES 776-97 CONTACTLESS,,,0,,PersonalExpense,ALDI,,0.99,override_20,strong,0,rule
2026-01-24,705100db0ca3a77d3002bddda2ffa462590892c69b3504f5894fd95bddfe9a63,JAN2026_StarlingStatement_2026-01.csv_129,JAN2026,starling,60-83-71 00558156,2026-01-24,-10.74,GBP,Co-op,CO OPERATIVE FOOD,Co-op CO OPERATIVE FOOD,CONTACTLESS,51897.08,,REPAIRS_AND_MAINTENANCE,,REPAIRS_AND_MAINTENANCE,Co-op CO OPERATIVE FOOD Co-op CO OPERATIVE FOOD CONTACTLESS,,,0,,PersonalExpense,COOP,,0.99,cat_propertyexpense_19,strong,0,rule
2026-01-24,8db1d1b4313b6ab8ac62bc1cb92133e8df215827b453cd1413632dfc76f96855,JAN2026_StarlingStatement_2026-01.csv_130,JAN2026,starling,60-83-71 00558156,2026-01-24,-0.65,GBP,Co-op,CO OPERATIVE FOOD,Co-op CO OPERATIVE FOOD,CONTACTLESS,51896.43,,REPAIRS_AND_MAINTENANCE,,REPAIRS_AND_MAINTENANCE,Co-op CO OPERATIVE FOOD Co-op CO OPERATIVE FOOD CONTACTLESS,,,0,,PersonalExpense,COOP,,0.99,cat_propertyexpense_19,strong,0,rule
2026-01-25,e1d7459acfd50346f0dbff445968f347bc843b5dc317385ed49144a1105e8a6a,JAN2026_StarlingStatement_2026-01.csv_131,JAN2026,starling,60-83-71 00558156,2026-01-25,-680.0,GBP,Central Energy South Limited,548 rcd EICR 41214,Central Energy South Limited 548 rcd EICR 41214,FASTER PAYMENT,51216.43,,REPAIRS_AND_MAINTENANCE,,REPAIRS_AND_MAINTENANCE,Central Energy South Limited 548 rcd EICR 41214 Central Energy South Limited 548 rcd EICR 41214 FASTER PAYMENT,,,0,F41214ALH,PropertyExpense,,,0.99,prop_rent_F41214ALH_66,strong,0,rule
2026-01-25,c12856b518fdf37da14fd76a38802932af1ae57bcbdae4495fd8a7ec9fad97b9,JAN2026_StarlingStatement_2026-01.csv_132,JAN2026,starling,60-83-71 00558156,2026-01-25,-25.0,GBP,Milton-Keynes,WWW.MILTON-KEYNES.GOV.,Milton-Keynes WWW.MILTON-KEYNES.GOV.,ONLINE PAYMENT,51191.43,,PROFESSIONAL_SERVICES,,PROFESSIONAL_SERVICES,Milton-Keynes WWW.MILTON-KEYNES.GOV. Milton-Keynes WWW.MILTON-KEYNES.GOV. ONLINE PAYMENT,,,0,,OtherExpense,,,0.65,cat_otherexpense_35,catch_all,1,rule
2026-01-25,d54a09d7a5a4c109f6c152e03a908a448e67a588ee0ade521a8fa8f5fe396298,JAN2026_StarlingStatement_2026-01.csv_133,JAN2026,starling,60-83-71 00558156,2026-01-25,-49.1,GBP,Taipan,TAIPAN,Taipan TAIPAN,CONTACTLESS,51142.33,,FOOD_AND_DRINK,,FOOD_AND_DRINK,Taipan TAIPAN Taipan TAIPAN CONTACTLESS,,,0,,OtherExpense,,,0.65,cat_otherexpense_35,catch_all,1,rule
2026-01-25,db87250facda9e2d589258e0715a1dfac14724885b0e1f8604b05cf51631eb17,JAN2026_StarlingStatement_2026-01.csv_134,JAN2026,starling,60-83-71 00558156,2026-01-25,-14.5,GBP,Taipan,TAIPAN,Taipan TAIPAN,CONTACTLESS,51127.83,,FOOD_AND_DRINK,,FOOD_AND_DRINK,Taipan TAIPAN Taipan TAIPAN CONTACTLESS,,,0,,OtherExpense,,,0.65,cat_otherexpense_35,catch_all,1,rule
2026-01-25,c2d2f76d4c7b8beb396e255eaf1657bf526c79d8c42ec9d8cd58863f18b813ee,JAN2026_StarlingStatement_2026-01.csv_135,JAN2026,starling,60-83-71 00558156,2026-01-25,-22.85,GBP,Co-op,CO OPERATIVE FOOD,Co-op CO OPERATIVE FOOD,CHIP & PIN,51104.98,,REPAIRS_AND_MAINTENANCE,,REPAIRS_AND_MAINTENANCE,Co-op CO OPERATIVE FOOD Co-op CO OPERATIVE FOOD CHIP & PIN,,,0,,PersonalExpense,COOP,,0.99,cat_propertyexpense_19,strong,0,rule
2026-01-26,d70c7da53dc8034164f52d3a81d2fee42c6eb849551ca5770a0eea7273f3fd87,JAN2026_BC_6045_JAN2026.csv_4,JAN2026,barclays,20-74-09 60458872,2026-01-26,-5.0,GBP,,,PAYPAL PAYMENT        5CM22229DF5GW DDR,,,679848,,Direct Debit,Direct Debit,PAYPAL PAYMENT        5CM22229DF5GW DDR,,,0,,RegularPayment,,,0.99,cat_regularpayment_27,strong,0,rule
2026-01-26,8f355b9e1cda99aa6702e49f623774c59937c46f0541cdb88f63acc2bacae557,JAN2026_BC_3072_JAN2026.csv_8,JAN2026,barclays,20-53-97 30728691,2026-01-26,-27.42,GBP,,,H3G                   980404269602200097 DD,,,948449,,Direct Debit,Direct Debit,H3G                   980404269602200097 DD,,,0,,RegularPayment,,,0.99,cat_regularpayment_27,strong,0,rule
2026-01-26,66afbcc0f7c30723a66e73c5531fce94c9335f956cc4905649e44ee9d3ca5b0b,JAN2026_BC_4040_JAN2026.csv_5,JAN2026,barclays,20-74-09 40406538,2026-01-26,-16.55,GBP,,,THE DENMARK ST FIS    ON 23 JAN CLP,,,0,,Contactless Card Purchase,Contactless Card Purchase,THE DENMARK ST FIS    ON 23 JAN CLP,,,0,,PersonalExpense,Other,,0.99,cat_personalexpense_30,strong,0,rule
2026-01-26,5785d80820a9f2eab5d695fa1b08e569a9d0ab8844f9b8fd71cefdfd197a0f9f,JAN2026_BC_4040_JAN2026.csv_6,JAN2026,barclays,20-74-09 40406538,2026-01-26,-4.65,GBP,,,LIDL GB BEDFORD ST    ON 23 JAN CLP,,,0,,Contactless Card Purchase,Contactless Card Purchase,LIDL GB BEDFORD ST    ON 23 JAN CLP,,,0,,PersonalExpense,LIDL,,0.99,cat_personalexpense_30,strong,0,rule
2026-01-26,a39da135e0db8622146d98d1f798bb6652866b04e4b79cddf72d5971f2b2ae66,JAN2026_BC_4040_JAN2026.csv_7,JAN2026,barclays,20-74-09 40406538,2026-01-26,-14.2,GBP,,,CO OPERATIVE FOOD     ON 23 JAN CLP,,,0,,Contactless Card Purchase,Contactless Card Purchase,CO OPERATIVE FOOD     ON 23 JAN CLP,,,0,,PersonalExpense,COOP,,0.99,cat_personalexpense_30,strong,0,rule
2026-01-26,376b4d636539453e350bbb05573801d500f2d97bb5248686358f6e5ce5e30987,JAN2026_StarlingStatement_2026-01.csv_136,JAN2026,starling,60-83-71 00558156,2026-01-26,-34.95,GBP,Amazon Marketplace,AMZNMktplace*AU5ZQ5G85,Amazon Marketplace AMZNMktplace*AU5ZQ5G85,ONLINE PAYMENT,51070.03,,OTHER,,OTHER,Amazon Marketplace AMZNMktplace*AU5ZQ5G85 Amazon Marketplace AMZNMktplace*AU5ZQ5G85 ONLINE PAYMENT,,,0,,OtherExpense,,,0.65,cat_otherexpense_35,catch_all,1,rule
2026-01-26,908fffa7264654d438a7d7c0f2b15bf048b0244bc74a499f6392ce161252af04,JAN2026_StarlingStatement_2026-01.csv_137,JAN2026,starling,60-83-71 00558156,2026-01-26,-13.99,GBP,Amazon Marketplace,AMZNMktplace*C65SW93M5,Amazon Marketplace AMZNMktplace*C65SW93M5,ONLINE PAYMENT,51056.04,,OTHER,,OTHER,Amazon Marketplace AMZNMktplace*C65SW93M5 Amazon Marketplace AMZNMktplace*C65SW93M5 ONLINE PAYMENT,,,0,,OtherExpense,,,0.65,cat_otherexpense_35,catch_all,1,rule
2026-01-26,bb8095bfecbd3be252f60728b430c1fe9ddfabfb48a08a099240c2f49270432c,JAN2026_StarlingStatement_2026-01.csv_138,JAN2026,starling,60-83-71 00558156,2026-01-26,-17.99,GBP,Amazon Marketplace,AMZNMktplace*EY5OO0P45,Amazon Marketplace AMZNMktplace*EY5OO0P45,ONLINE PAYMENT,51038.05,,OTHER,,OTHER,Amazon Marketplace AMZNMktplace*EY5OO0P45 Amazon Marketplace AMZNMktplace*EY5OO0P45 ONLINE PAYMENT,,,0,,OtherExpense,,,0.65,cat_otherexpense_35,catch_all,1,rule
2026-01-26,08b1b280fbce599dda5c92906ed7a7e971cdde0016d68c89bd80b17da39f22b3,JAN2026_StarlingStatement_2026-01.csv_139,JAN2026,starling,60-83-71 00558156,2026-01-26,-9.99,GBP,Amazon Marketplace,AMZNMktplace*JG9HD3VD5,Amazon Marketplace AMZNMktplace*JG9HD3VD5,ONLINE PAYMENT,51028.06,,OTHER,,OTHER,Amazon Marketplace AMZNMktplace*JG9HD3VD5 Amazon Marketplace AMZNMktplace*JG9HD3VD5 ONLINE PAYMENT,,,0,,OtherExpense,,,0.65,cat_otherexpense_35,catch_all,1,rule
2026-01-26,4c42988159a9d25db00f52aefab7992a0eb2a12c829db64a569ab34fc2b76bd0,JAN2026_StarlingStatement_2026-01.csv_140,JAN2026,starling,60-83-71 00558156,2026-01-26,-75.2,GBP,New County Service Sta,NEW COUNTY SERVICE STA,New County Service Sta NEW COUNTY SERVICE STA,CONTACTLESS,50952.86,,VEHICLES,,VEHICLES,New County Service Sta NEW COUNTY SERVICE STA New County Service Sta NEW COUNTY SERVICE STA CONTACTLESS,,,0,,PersonalExpense,Garage,,0.99,override_5,strong,0,rule
2026-01-26,94883de5264b63e649940bc805a78d83e72712917d940a0eb23a33ebd0761f47,JAN2026_StarlingStatement_2026-01.csv_141,JAN2026,starling,60-83-71 00558156,2026-01-26,-20.35,GBP,Co-op,CO OPERATIVE FOOD,Co-op CO OPERATIVE FOOD,CONTACTLESS,50932.51,,REPAIRS_AND_MAINTENANCE,,REPAIRS_AND_MAINTENANCE,Co-op CO OPERATIVE FOOD Co-op CO OPERATIVE FOOD CONTACTLESS,,,0,,PersonalExpense,COOP,,0.99,cat_propertyexpense_19,strong,0,rule
2026-01-26,df0dca4954e9c4b5e83ea62c701eed80de688da14283bc5bf2256e7c9d69f7cc,JAN2026_StarlingStatement_2026-01.csv_142,JAN2026,starling,60-83-71 00558156,2026-01-26,-1000.0,GBP,Rocco VALENTINO TUCKER,salary P10,Rocco VALENTINO TUCKER salary P10,FASTER PAYMENT,49932.51,,DIRECTORS_WAGES,,DIRECTORS_WAGES,Rocco VALENTINO TUCKER salary P10 Rocco VALENTINO TUCKER salary P10 FASTER PAYMENT,,,0,,PersonalExpense,Rocco,,0.99,cat_personalexpense_16,strong,0,rule
2026-01-26,24c68ea4e99bc1ac57ec87d4981fdf5097a543b7dd297e41fc747f597858d1fb,JAN2026_StarlingStatement_2026-01.csv_143,JAN2026,starling,60-83-71 00558156,2026-01-26,-9.15,GBP,Starbucks,Starbucks 12167,Starbucks Starbucks 12167,CONTACTLESS,49923.36,,FOOD_AND_DRINK,,FOOD_AND_DRINK,Starbucks Starbucks 12167 Starbucks Starbucks 12167 CONTACTLESS,,,0,,OtherExpense,,,0.65,cat_otherexpense_35,catch_all,1,rule
2026-01-27,1f2f10d3d1094497b04b841f8a575a0e2ccd4bbbc8a40de7ef5b3628d4aedb47,JAN2026_BC_4040_JAN2026.csv_4,JAN2026,barclays,20-74-09 40406538,2026-01-27,-20.0,GBP,,,SOFIA VALENTINO-TU    LOVE MUMMY FT,,,0,,Funds Transfer,Funds Transfer,SOFIA VALENTINO-TU    LOVE MUMMY FT,,,0,,PersonalExpense,Sofia,,0.99,override_8,strong,0,rule
2026-01-27,c265202031a5d4365a8bf283e7b8f27bf2ed94673a665e3f601e332e6974fcb5,JAN2026_StarlingStatement_2026-01.csv_144,JAN2026,starling,60-83-71 00558156,2026-01-27,695.0,GBP,Tap,000000003579118740,Tap 000000003579118740,DIRECT CREDIT,50618.36,,REVENUE,,REVENUE,Tap 000000003579118740 Tap 000000003579118740 DIRECT CREDIT,,,0,,OtherIncome,,,0.65,cat_otherincome_34,catch_all,1,rule
2026-01-27,9c1b688348e91cc368515d0e019b5b296d32d088c499ca48df092c59833386e0,JAN2026_StarlingStatement_2026-01.csv_145,JAN2026,starling,60-83-71 00558156,2026-01-27,900.0,GBP,D McGowan,1846,D McGowan 1846,FASTER PAYMENT,51518.36,,REVENUE,,REVENUE,D McGowan 1846 D McGowan 1846 FASTER PAYMENT,,,0,F1846ALH,OurRent,,,0.99,prop_rent_F1846ALH_91,strong,0,rule
2026-01-27,658bebc6a9c4e70bb94e63db05d29cb6e269f8949c35802d79e951dfd7f07789,JAN2026_StarlingStatement_2026-01.csv_146,JAN2026,starling,60-83-71 00558156,2026-01-27,-416.17,GBP,OVO Energy,OVO Energy Ltd,OVO Energy OVO Energy Ltd fawcet Road 1 year bill,CARD PAYMENT,51102.19,,WORKPLACE,,WORKPLACE,OVO Energy OVO Energy Ltd OVO Energy OVO Energy Ltd fawcet Road 1 year bill CARD PAYMENT,,,0,,PropertyExpense,,,0.99,cat_propertyexpense_9,strong,1,rule
2026-01-27,0a1f56355c4e149026338c929b4d7fbf28553bc4ecb3e52614d8d526b58d31fd,JAN2026_StarlingStatement_2026-01.csv_147,JAN2026,starling,60-83-71 00558156,2026-01-27,-8.99,GBP,Amazon Prime,Amazon Prime*JW6FX7YQ5,Amazon Prime Amazon Prime*JW6FX7YQ5,CARD SUBSCRIPTION,51093.2,,ADMIN,,ADMIN,Amazon Prime Amazon Prime*JW6FX7YQ5 Amazon Prime Amazon Prime*JW6FX7YQ5 CARD SUBSCRIPTION,,,0,,PropertyExpense,,,0.99,cat_propertyexpense_10,strong,1,rule
2026-01-27,4cf5b048474372f156185fd273ef76e6c42bfedb129324e35e702488303fdffd,JAN2026_StarlingStatement_2026-01.csv_148,JAN2026,starling,60-83-71 00558156,2026-01-27,-6.48,GBP,Budgens,BUDGENS,Budgens BUDGENS,CHIP & PIN,51086.72,,FOOD_AND_DRINK,,FOOD_AND_DRINK,Budgens BUDGENS Budgens BUDGENS CHIP & PIN,,,0,,PersonalExpense,Budgens,,0.99,override_35,strong,0,rule
2026-01-27,433f1974f17d7549f8aa1a417d7e688fa418a636608987a3387ba87d404c958b,JAN2026_StarlingStatement_2026-01.csv_149,JAN2026,starling,60-83-71 00558156,2026-01-27,-18.55,GBP,Co-op,CO OPERATIVE FOOD,Co-op CO OPERATIVE FOOD,CONTACTLESS,51068.17,,REPAIRS_AND_MAINTENANCE,,REPAIRS_AND_MAINTENANCE,Co-op CO OPERATIVE FOOD Co-op CO OPERATIVE FOOD CONTACTLESS,,,0,,PersonalExpense,COOP,,0.99,cat_propertyexpense_19,strong,0,rule
2026-01-27,058a05f24962a1bc6d01650637c5fb89fefd647bf7f98e95a9ee6f92768964af,JAN2026_StarlingStatement_2026-01.csv_150,JAN2026,starling,60-83-71 00558156,2026-01-27,-2.5,GBP,Mk Council,MK COUNCIL - IPS,Mk Council MK COUNCIL - IPS,CONTACTLESS,51065.67,,TRAVEL,,TRAVEL,Mk Council MK COUNCIL - IPS Mk Council MK COUNCIL - IPS CONTACTLESS,,,0,,PersonalExpense,Other,,0.99,override_30,strong,0,rule
2026-01-27,0fabc13286a5e672666072e5330356bcb3f6518090fd3c2d1256656441e44e33,JAN2026_StarlingStatement_2026-01.csv_151,JAN2026,starling,60-83-71 00558156,2026-01-27,-31.75,GBP,Marks & Spencer,MARKS&SPENCER PLC,Marks & Spencer MARKS&SPENCER PLC,CONTACTLESS,51033.92,,FOOD_AND_DRINK,,FOOD_AND_DRINK,Marks & Spencer MARKS&SPENCER PLC Marks & Spencer MARKS&SPENCER PLC CONTACTLESS,,,0,,PersonalExpense,M&S,,0.99,override_2,strong,0,rule
2026-01-27,23d441f13c91ef717dadb4ac198887759ff023428e545deaefcad8ed4c614f42,JAN2026_StarlingStatement_2026-01.csv_152,JAN2026,starling,60-83-71 00558156,2026-01-27,825.0,GBP,William Sait,W SAIT RENT,William Sait W SAIT RENT,FASTER PAYMENT,51858.92,,REVENUE,,REVENUE,William Sait W SAIT RENT William Sait W SAIT RENT FASTER PAYMENT,,,0,F3169FAW,OurRent,,,0.99,prop_rent_F3169FAW_78,strong,0,rule
2026-01-27,8c2225a110594cc006bf71409e2df4f9c221b067b41aa1d45325ca1431352251,JAN2026_StarlingStatement_2026-01.csv_153,JAN2026,starling,60-83-71 00558156,2026-01-27,-39.25,GBP,BP,BP BEDFORD EXPRESS,BP BP BEDFORD EXPRESS,CONTACTLESS,51819.67,,VEHICLES,,VEHICLES,BP BP BEDFORD EXPRESS BP BP BEDFORD EXPRESS CONTACTLESS,,,0,,PersonalExpense,Garage,,0.99,override_18,strong,0,rule
2026-01-27,55fe5609ec34a894c2ff5a017c0bdd0dd54343d0662bcbaec25c817e57a5526f,JAN2026_StarlingStatement_2026-01.csv_154,JAN2026,starling,60-83-71 00558156,2026-01-27,-17.09,GBP,Peter Taperek,31618 sink tap,Peter Taperek 31618 sink tap,FASTER PAYMENT,51802.58,,REPAIRS_AND_MAINTENANCE,,REPAIRS_AND_MAINTENANCE,Peter Taperek 31618 sink tap Peter Taperek 31618 sink tap FASTER PAYMENT,,,0,,PropertyExpense,,,0.99,cat_propertyexpense_19,strong,1,rule
2026-01-28,1e9e3442341458b81dd11c5661cfbb1c4e9273ed8f120810d7181eed57e00d54,JAN2026_BC_3072_JAN2026.csv_6,JAN2026,barclays,20-53-97 30728691,2026-01-28,-489.87,GBP,,,TOGETHER COMMERCIA    10279063 DDR,,,687470,,Direct Debit,Direct Debit,TOGETHER COMMERCIA    10279063 DDR,,,0,,RegularPayment,SFLoan,,0.99,cat_regularpayment_27,strong,0,rule
2026-01-28,bc8893b0c81215e8f25e3ffc69803971990e995739ee49a96f7019400b1df3e3,JAN2026_BC_3072_JAN2026.csv_7,JAN2026,barclays,20-53-97 30728691,2026-01-28,-38.0,GBP,,,BOOTS OPTICIANS       A45028400000736 DDR,,,760589,,Direct Debit,Direct Debit,BOOTS OPTICIANS       A45028400000736 DDR,,,0,,PersonalExpense,Pharmacy/Opticians/Dental,,0.99,cat_regularpayment_27,strong,0,rule
2026-01-28,39f49247287b7dd6d56c362cdfa06b7fe3ec04394149da50755e156a3a3e9b75,JAN2026_StarlingStatement_2026-01.csv_155,JAN2026,starling,60-83-71 00558156,2026-01-28,850.0,GBP,Matthew  Watts,196A KINGSTON ROAD,Matthew  Watts 196A KINGSTON ROAD,FASTER PAYMENT,52652.58,,REVENUE,,REVENUE,Matthew  Watts 196A KINGSTON ROAD Matthew  Watts 196A KINGSTON ROAD FASTER PAYMENT,,,0,196AKIN,OurRent,,,0.99,prop_rent_196AKIN_86,strong,0,rule
2026-01-28,3552152a389d563ad7c14388a5905fcea601762432d8358d9076c31e547a4d88,JAN2026_StarlingStatement_2026-01.csv_156,JAN2026,starling,60-83-71 00558156,2026-01-28,-27.15,GBP,Primark,PRIMARK 434,Primark PRIMARK 434,CONTACTLESS,52625.43,,OTHER,,OTHER,Primark PRIMARK 434 Primark PRIMARK 434 CONTACTLESS,,,0,,PersonalExpense,Clothing,,0.99,override_29,strong,0,rule
2026-01-28,1bf2aa66d4f53fbf6da57549423c60fcd850c365f2a4d1246ae364a949f05417,JAN2026_StarlingStatement_2026-01.csv_157,JAN2026,starling,60-83-71 00558156,2026-01-28,452.0,GBP,CHARTERS ESTATE AGENTS LIMITED,Shop 196 Kingston,CHARTERS ESTATE AGENTS LIMITED Shop 196 Kingston,FASTER PAYMENT,53077.43,,REVENUE,,REVENUE,CHARTERS ESTATE AGENTS LIMITED Shop 196 Kingston CHARTERS ESTATE AGENTS LIMITED Shop 196 Kingston FASTER PAYMENT,,,0,SHOP196KIN,OurRent,,,0.99,prop_rent_SHOP196KIN_85,strong,0,rule
2026-01-28,0b4e827bf563f82934fb6f90c7b8b255ff8a1dca269e71568f3d71f10b809bb0,JAN2026_StarlingStatement_2026-01.csv_158,JAN2026,starling,60-83-71 00558156,2026-01-28,825.0,GBP,K Hudson,"RENT 16,16-18","K Hudson RENT 16,16-18",FASTER PAYMENT,53902.43,,REVENUE,,REVENUE,"K Hudson RENT 16,16-18 K Hudson RENT 16,16-18 FASTER PAYMENT",,,0,F161618ALH,OurRent,,,0.99,prop_rent_F161618ALH_112,strong,0,rule
2026-01-28,ae2879cfbcddb927843d67d61d27c05a4648598304483dd96723114e71040a79,JAN2026_StarlingStatement_2026-01.csv_159,JAN2026,starling,60-83-71 00558156,2026-01-28,-47.87,GBP,Marks & Spencer,MARKS&SPENCER PLC SACA,Marks & Spencer MARKS&SPENCER PLC SACA,CONTACTLESS,53854.56,,FOOD_AND_DRINK,,FOOD_AND_DRINK,Marks & Spencer MARKS&SPENCER PLC SACA Marks & Spencer MARKS&SPENCER PLC SACA CONTACTLESS,,,0,,PersonalExpense,M&S,,0.99,override_2,strong,0,rule
2026-01-28,967be71494aca7b7fdc6d76707f195df7dcc0193a301959c2c7148e82e1ad45d,JAN2026_StarlingStatement_2026-01.csv_160,JAN2026,starling,60-83-71 00558156,2026-01-28,-11.39,GBP,Subway,SUBWAY59825,Subway SUBWAY59825,CONTACTLESS,53843.17,,FOOD_AND_DRINK,,FOOD_AND_DRINK,Subway SUBWAY59825 Subway SUBWAY59825 CONTACTLESS,,,0,,OtherExpense,,,0.65,cat_otherexpense_35,catch_all,1,rule
2026-01-28,52cb137c4a9945f55597b191f30495fee8aa72980510d40a99551172bdcefbd5,JAN2026_StarlingStatement_2026-01.csv_161,JAN2026,starling,60-83-71 00558156,2026-01-28,875.0,GBP,Dono Kuriakose,11 16-18- rent,Dono Kuriakose 11 16-18- rent,FASTER PAYMENT,54718.17,,REVENUE,,REVENUE,Dono Kuriakose 11 16-18- rent Dono Kuriakose 11 16-18- rent FASTER PAYMENT,,,0,F111618ALH,OurRent,,,0.99,prop_rent_F111618ALH_109,strong,0,rule
2026-01-28,ca425fff5a79ec5ec880fed23ee91934eaeb00085b9326d28e341cc1a6e58391,JAN2026_StarlingStatement_2026-01.csv_162,JAN2026,starling,60-83-71 00558156,2026-01-28,-3.59,GBP,Amazon,Amazon.co.uk*7L5DK5RD5,Amazon Amazon.co.uk*7L5DK5RD5,ONLINE PAYMENT,54714.58,,REPAIRS_AND_MAINTENANCE,,REPAIRS_AND_MAINTENANCE,Amazon Amazon.co.uk*7L5DK5RD5 Amazon Amazon.co.uk*7L5DK5RD5 ONLINE PAYMENT,,,0,,PropertyExpense,,,0.99,cat_propertyexpense_19,strong,1,rule
2026-01-28,63c2993ee1f6e75e67559c6c3becd280cdd6c8328b00919946eec1e646b80f15,JAN2026_StarlingStatement_2026-01.csv_163,JAN2026,starling,60-83-71 00558156,2026-01-28,-8.99,GBP,Amazon Marketplace,AMZNMktplace*8N2LZ60I5,Amazon Marketplace AMZNMktplace*8N2LZ60I5,ONLINE PAYMENT,54705.59,,OTHER,,OTHER,Amazon Marketplace AMZNMktplace*8N2LZ60I5 Amazon Marketplace AMZNMktplace*8N2LZ60I5 ONLINE PAYMENT,,,0,,OtherExpense,,,0.65,cat_otherexpense_35,catch_all,1,rule
2026-01-28,d491fa803d44dd43b5c691001662e0835471cf3a97816da6d6a76628286a49f7,JAN2026_StarlingStatement_2026-01.csv_164,JAN2026,starling,60-83-71 00558156,2026-01-28,-1.99,GBP,Microsoft,Microsoft*Microsoft 36,Microsoft Microsoft*Microsoft 36,CARD SUBSCRIPTION,54703.6,,PHONE_AND_INTERNET,,PHONE_AND_INTERNET,Microsoft Microsoft*Microsoft 36 Microsoft Microsoft*Microsoft 36 CARD SUBSCRIPTION,,,0,,OtherExpense,,,0.65,cat_otherexpense_35,catch_all,1,rule
2026-01-29,1d7f4d03bed743e66d47ca07fe00a6d13f52e6d27f44ae35f74afca8ff0da9ad,JAN2026_BC_6045_JAN2026.csv_3,JAN2026,barclays,20-74-09 60458872,2026-01-29,-30.0,GBP,,,SOFIA                 PETROL FT,,,0,,Funds Transfer,Funds Transfer,SOFIA                 PETROL FT,,,0,,PersonalExpense,Sofia,,0.99,override_8,strong,0,rule
2026-01-29,c2eb6625ed0da53ba1956c86e5c478bdb5753d101defe295f13ed81f13467e8e,JAN2026_BC_3072_JAN2026.csv_5,JAN2026,barclays,20-53-97 30728691,2026-01-29,-317.34,GBP,,,BHAM MIDSHIRES        6092036837070000 DDR,,,184800,,Direct Debit,Direct Debit,BHAM MIDSHIRES        6092036837070000 DDR,,,0,F4163FRA,Mortgage,,,0.99,prop_mort_F4163FRA_20,strong,0,rule
2026-01-29,0b1e117921279865604d32a4ea6d88b9ddf9d62596fe77963164c365f4dd77fb,JAN2026_BC_4040_JAN2026.csv_2,JAN2026,barclays,20-74-09 40406538,2026-01-29,-60.0,GBP,,,SOFIA VALENTINO-TU    FOOD FT,,,0,,Funds Transfer,Funds Transfer,SOFIA VALENTINO-TU    FOOD FT,,,0,,PersonalExpense,Sofia,,0.99,override_8,strong,0,rule
2026-01-29,1a16f059b966a4eeb3170f1ea951891b8d6365a7a7bc86bb9436501bbd9e5b1d,JAN2026_BC_4040_JAN2026.csv_3,JAN2026,barclays,20-74-09 40406538,2026-01-29,100.0,GBP,,,Rsa Capital Limite    food BGC,,,0,,Counter Credit,Counter Credit,Rsa Capital Limite    food BGC,,,0,,Interbank,,,0.99,override_40,strong,0,rule
2026-01-29,395a4d51c0d270f3bcd1aee11178d5f6f2e3828e58d462d7e937d9eb89b970e0,JAN2026_StarlingStatement_2026-01.csv_165,JAN2026,starling,60-83-71 00558156,2026-01-29,-24.84,GBP,Amazon,Amazon.co.uk*EW5OU55Z5,Amazon Amazon.co.uk*EW5OU55Z5,ONLINE PAYMENT,54678.76,,REPAIRS_AND_MAINTENANCE,,REPAIRS_AND_MAINTENANCE,Amazon Amazon.co.uk*EW5OU55Z5 Amazon Amazon.co.uk*EW5OU55Z5 ONLINE PAYMENT,,,0,,PropertyExpense,,,0.99,cat_propertyexpense_19,strong,1,rule
2026-01-29,5fc24fe619a52711ecf6f291910fc010fbcc8db13370a34b5cb979eb75b52b46,JAN2026_StarlingStatement_2026-01.csv_166,JAN2026,starling,60-83-71 00558156,2026-01-29,-42.65,GBP,Amazon,Amazon.co.uk*8L8E739S5,Amazon Amazon.co.uk*8L8E739S5,ONLINE PAYMENT,54636.11,,REPAIRS_AND_MAINTENANCE,,REPAIRS_AND_MAINTENANCE,Amazon Amazon.co.uk*8L8E739S5 Amazon Amazon.co.uk*8L8E739S5 ONLINE PAYMENT,,,0,,PropertyExpense,,,0.99,cat_propertyexpense_19,strong,1,rule
2026-01-29,597395772f00ccc61ba38375810d5ebc5acc2d9afbc770659eaf47bd08134b7e,JAN2026_StarlingStatement_2026-01.csv_167,JAN2026,starling,60-83-71 00558156,2026-01-29,-3.3,GBP,Costa Coffee,COSTA COFFEE 43011803,Costa Coffee COSTA COFFEE 43011803,CONTACTLESS,54632.81,,FOOD_AND_DRINK,,FOOD_AND_DRINK,Costa Coffee COSTA COFFEE 43011803 Costa Coffee COSTA COFFEE 43011803 CONTACTLESS,,,0,,PersonalExpense,EatingOut,,0.99,override_33,strong,0,rule
2026-01-29,7ca894c001efcfa64bd8267b7078538cea7577347d693f1c2afb2cc994541ed8,JAN2026_StarlingStatement_2026-01.csv_168,JAN2026,starling,60-83-71 00558156,2026-01-29,-11.98,GBP,Boots,BOOTS 6568,Boots BOOTS 6568,CONTACTLESS,54620.83,,FOOD_AND_DRINK,,FOOD_AND_DRINK,Boots BOOTS 6568 Boots BOOTS 6568 CONTACTLESS,,,0,,PersonalExpense,Pharmacy/Opticians/Dental,,0.99,override_15,strong,0,rule
2026-01-29,7d61a25d1882875fa33ee59d38656b4b83c5259711621009d357394ecc449e80,JAN2026_StarlingStatement_2026-01.csv_169,JAN2026,starling,60-83-71 00558156,2026-01-29,-86.99,GBP,Specsavers,SPECSAVERS 00052000BED,Specsavers SPECSAVERS 00052000BED,CHIP & PIN,54533.84,,PROFESSIONAL_SERVICES,,PROFESSIONAL_SERVICES,Specsavers SPECSAVERS 00052000BED Specsavers SPECSAVERS 00052000BED CHIP & PIN,,,0,,PersonalExpense,Pharmacy/Opticians/Dental,,0.99,override_31,strong,0,rule
2026-01-29,dbfe0a80b338dc80ec6f3dcf8749a86bc475b12762a36659e835b0c6827f8a65,JAN2026_StarlingStatement_2026-01.csv_170,JAN2026,starling,60-83-71 00558156,2026-01-29,-12.15,GBP,Co-op,CO OPERATIVE FOOD,Co-op CO OPERATIVE FOOD,CONTACTLESS,54521.69,,REPAIRS_AND_MAINTENANCE,,REPAIRS_AND_MAINTENANCE,Co-op CO OPERATIVE FOOD Co-op CO OPERATIVE FOOD CONTACTLESS,,,0,,PersonalExpense,COOP,,0.99,cat_propertyexpense_19,strong,0,rule
2026-01-29,17e843ed8abeac1c7dbe2e706772610f98fcf669ba489bec6001abbf46a00801,JAN2026_StarlingStatement_2026-01.csv_171,JAN2026,starling,60-83-71 00558156,2026-01-29,-8.75,GBP,Co-op,CO OPERATIVE FOOD,Co-op CO OPERATIVE FOOD,CONTACTLESS,54512.94,,REPAIRS_AND_MAINTENANCE,,REPAIRS_AND_MAINTENANCE,Co-op CO OPERATIVE FOOD Co-op CO OPERATIVE FOOD CONTACTLESS,,,0,,PersonalExpense,COOP,,0.99,cat_propertyexpense_19,strong,0,rule
2026-01-29,a7afc787662b425fa951f1299ad33601850e1848b9adcde4e1e7f4040542ef92,JAN2026_StarlingStatement_2026-01.csv_172,JAN2026,starling,60-83-71 00558156,2026-01-29,-8.2,GBP,Co-op,CO OPERATIVE FOOD,Co-op CO OPERATIVE FOOD,CONTACTLESS,54504.74,,REPAIRS_AND_MAINTENANCE,,REPAIRS_AND_MAINTENANCE,Co-op CO OPERATIVE FOOD Co-op CO OPERATIVE FOOD CONTACTLESS,,,0,,PersonalExpense,COOP,,0.99,cat_propertyexpense_19,strong,0,rule
2026-01-29,2a0a71d6de784b7c20aa21564a46c994d3d4b712744213d9a8fda9f9de7e8fa5,JAN2026_StarlingStatement_2026-01.csv_173,JAN2026,starling,60-83-71 00558156,2026-01-29,-100.0,GBP,Ivana  VALENTINO,food,Ivana  VALENTINO food,FASTER PAYMENT,54404.74,,REPAIRS_AND_MAINTENANCE,,REPAIRS_AND_MAINTENANCE,Ivana  VALENTINO food Ivana  VALENTINO food FASTER PAYMENT,,,0,,PersonalExpense,Ivana,,0.99,cat_propertyexpense_19,strong,0,rule
2026-01-29,074900ea072cc4de6d98964d6502b83567175923e2f452dfc02bfd25511c66d2,JAN2026_StarlingStatement_2026-01.csv_174,JAN2026,starling,60-83-71 00558156,2026-01-29,679.0,GBP,Hannah Elliot,4163 Rent,Hannah Elliot 4163 Rent,FASTER PAYMENT,55083.74,,REVENUE,,REVENUE,Hannah Elliot 4163 Rent Hannah Elliot 4163 Rent FASTER PAYMENT,,,0,F4163FRA,OurRent,,,0.99,prop_rent_F4163FRA_84,strong,0,rule
2026-01-29,ce9f2cff391e8b6fbefeebbf4665919228d7d5e6c6ca2889da4f95436aaccac3,JAN2026_StarlingStatement_2026-01.csv_175,JAN2026,starling,60-83-71 00558156,2026-01-29,-11.5,GBP,BP,BP BEDFORD EXPRESS,BP BP BEDFORD EXPRESS,CONTACTLESS,55072.24,,VEHICLES,,VEHICLES,BP BP BEDFORD EXPRESS BP BP BEDFORD EXPRESS CONTACTLESS,,,0,,PersonalExpense,Garage,,0.99,override_18,strong,0,rule
2026-01-29,90b792f56d32d56346f14348ca391e41932a6f95f88c714a5ddfa19b9aa5d9c4,JAN2026_StarlingStatement_2026-01.csv_176,JAN2026,starling,60-83-71 00558156,2026-01-29,905.0,GBP,Kye Elliott-Street,Rsa Capital Limite,Kye Elliott-Street Rsa Capital Limite,FASTER PAYMENT,55977.24,,REVENUE,,REVENUE,Kye Elliott-Street Rsa Capital Limite Kye Elliott-Street Rsa Capital Limite FASTER PAYMENT,,,0,F68ALH,Interbank,,,0.99,prop_rent_F68ALH_98,strong,0,rule
2026-01-30,ba3d3192ba79f5c7b089e8b7c01f66adaa2b7cadf3cc40b336256fd28723cf75,JAN2026_BC_6045_JAN2026.csv_1,JAN2026,barclays,20-74-09 60458872,2026-01-30,15.0,GBP,,,SSE SOUTHERN E        6882766014 REV0001Pa,,,0,,Credit,Credit,SSE SOUTHERN E        6882766014 REV0001Pa,,,0,169FAW,OtherIncome,,,0.99,prop_rent_169FAW_117,strong,0,rule
2026-01-30,f30c604d6edd20484d5ce6b2716daeaf80dc420c165b5576b29db0605277edc3,JAN2026_BC_6045_JAN2026.csv_2,JAN2026,barclays,20-74-09 60458872,2026-01-30,-15.0,GBP,,,SSE SOUTHERN ELECT    6882766014 STO,,,0,,Standing Order,Standing Order,SSE SOUTHERN ELECT    6882766014 STO,,,0,169FAW,PropertyExpense,,,0.99,prop_rent_169FAW_117,strong,0,rule
2026-01-30,7c7213ab62acacdb81fc73044e43e1f56dd56e94af8a6f343c8d7a88a0930493,JAN2026_BC_3072_JAN2026.csv_1,JAN2026,barclays,20-53-97 30728691,2026-01-30,-441.18,GBP,,,PARAGON BANK PLC      002186357 10131800 DD,,,295404,,Direct Debit,Direct Debit,PARAGON BANK PLC      002186357 10131800 DD,,,0,F1746ALH,Mortgage,,,0.99,prop_mort_F1746ALH_34,strong,0,rule
2026-01-30,54844f50bd8b099a5b5d3830ace2171fa253cc756065d49aa36c735d6a92731c,JAN2026_BC_3072_JAN2026.csv_2,JAN2026,barclays,20-53-97 30728691,2026-01-30,-441.18,GBP,,,PARAGON BANK PLC      002186356 10131800 DD,,,295404,,Direct Debit,Direct Debit,PARAGON BANK PLC      002186356 10131800 DD,,,0,F1846ALH,Mortgage,,,0.99,prop_mort_F1846ALH_35,strong,0,rule
2026-01-30,23c0bee220d15e87c69dff47a269f52b800a1e43c931f846869be6345d2bf168,JAN2026_BC_3072_JAN2026.csv_3,JAN2026,barclays,20-53-97 30728691,2026-01-30,-441.18,GBP,,,PARAGON BANK PLC      002186317 10131800 DD,,,295404,,Direct Debit,Direct Debit,PARAGON BANK PLC      002186317 10131800 DD,,,0,F58ALH,Mortgage,,,0.99,prop_mort_F58ALH_29,strong,0,rule
2026-01-30,7104f0d3b07f6be28bf431fde177045bdb9f4848e35d9acb58dd4dd94ea2f687,JAN2026_BC_3072_JAN2026.csv_4,JAN2026,barclays,20-53-97 30728691,2026-01-30,-453.42,GBP,,,MORTGAGE TRUST        002197389 10131800 DD,,,624461,,Direct Debit,Direct Debit,MORTGAGE TRUST        002197389 10131800 DD,,,0,F71214ALH,Mortgage,,,0.99,prop_mort_F71214ALH_45,strong,0,rule
2026-01-30,bd5e8974cbddf72ca4b08e89b6f6216149f9b5b63223a3b3fb7ae08f0395078f,JAN2026_BC_4040_JAN2026.csv_1,JAN2026,barclays,20-74-09 40406538,2026-01-30,-46.0,GBP,,,SPECSAVERS            ON 29 JAN BCC,,,0,,Card Purchase,Card Purchase,SPECSAVERS            ON 29 JAN BCC,,,0,,PersonalExpense,Pharmacy/Opticians/Dental,,0.99,cat_personalexpense_30,strong,0,rule
2026-01-30,a8cbf6c413e884fda7d548ed2463a988147a18feec6fd5fdb2bc086a9d4b446f,JAN2026_StarlingStatement_2026-01.csv_177,JAN2026,starling,60-83-71 00558156,2026-01-30,800.0,GBP,ALDINGTON H,FLAT 4 321LONDONRD,ALDINGTON H FLAT 4 321LONDONRD,FASTER PAYMENT,56777.24,,REVENUE,,REVENUE,ALDINGTON H FLAT 4 321LONDONRD ALDINGTON H FLAT 4 321LONDONRD FASTER PAYMENT,,,0,F4321LON,OurRent,,,0.99,prop_rent_F4321LON_74,strong,0,rule
2026-01-30,7723270562826c6162967b3b32b0d1233ef5fbd6d70bc178bb5a451c649982bb,JAN2026_StarlingStatement_2026-01.csv_178,JAN2026,starling,60-83-71 00558156,2026-01-30,950.0,GBP,K Thu,KAUNG THU FLAT 13,K Thu KAUNG THU FLAT 13,FASTER PAYMENT,57727.24,,REVENUE,,REVENUE,K Thu KAUNG THU FLAT 13 K Thu KAUNG THU FLAT 13 FASTER PAYMENT,,,0,F131618ALH,OurRent,,,0.99,prop_rent_F131618ALH_111,strong,0,rule
2026-01-30,30a16f4ca5ef019691a40d23c7bfc59c114260f7e99f72207785dceb4eea5560,JAN2026_StarlingStatement_2026-01.csv_179,JAN2026,starling,60-83-71 00558156,2026-01-30,-12.44,GBP,Co-op,CO OPERATIVE FOOD,Co-op CO OPERATIVE FOOD,CONTACTLESS,57714.8,,REPAIRS_AND_MAINTENANCE,,REPAIRS_AND_MAINTENANCE,Co-op CO OPERATIVE FOOD Co-op CO OPERATIVE FOOD CONTACTLESS,,,0,,PersonalExpense,COOP,,0.99,cat_propertyexpense_19,strong,0,rule
2026-01-30,62ee5f62483808987444c84f0dafd6967f760de47129d725109e89fdcf3cf8bc,JAN2026_StarlingStatement_2026-01.csv_180,JAN2026,starling,60-83-71 00558156,2026-01-30,-6.3,GBP,Co-op,CO OPERATIVE FOOD,Co-op CO OPERATIVE FOOD,CONTACTLESS,57708.5,,REPAIRS_AND_MAINTENANCE,,REPAIRS_AND_MAINTENANCE,Co-op CO OPERATIVE FOOD Co-op CO OPERATIVE FOOD CONTACTLESS,,,0,,PersonalExpense,COOP,,0.99,cat_propertyexpense_19,strong,0,rule
2026-01-30,242cb5605ee1bc8f3e4ea6c834dabd72a19e65fc294f192823e0516382fee1d1,JAN2026_StarlingStatement_2026-01.csv_181,JAN2026,starling,60-83-71 00558156,2026-01-30,1005.0,GBP,KARUN,19 4-6,KARUN 19 4-6,FASTER PAYMENT,58713.5,,REVENUE,,REVENUE,KARUN 19 4-6 KARUN 19 4-6 FASTER PAYMENT,,,0,F1946ALH,OurRent,,,0.99,prop_rent_F1946ALH_92,strong,0,rule
2026-01-30,e36d5366e7805dd1c324427dbf04f0828d346a742aa4f95174dba84e4d0eedc6,JAN2026_StarlingStatement_2026-01.csv_182,JAN2026,starling,60-83-71 00558156,2026-01-30,-250.0,GBP,Jijo George,12 31214 paint,Jijo George 12 31214 paint,FASTER PAYMENT,58463.5,,REPAIRS_AND_MAINTENANCE,,REPAIRS_AND_MAINTENANCE,Jijo George 12 31214 paint Jijo George 12 31214 paint FASTER PAYMENT,,,0,F31214ALH,PropertyExpense,,,0.99,prop_rent_F31214ALH_67,strong,0,rule
2026-01-30,d2db4f8c4897fa9a2074e35b94def168e65c97c61562b1f8640c052442349b6c,JAN2026_StarlingStatement_2026-01.csv_183,JAN2026,starling,60-83-71 00558156,2026-01-30,-2649.59,GBP,Ivana Valentino,mortgages,Ivana Valentino mortgages,FASTER PAYMENT,55813.91,,INTEREST_PAYMENTS,,INTEREST_PAYMENTS,Ivana Valentino mortgages Ivana Valentino mortgages FASTER PAYMENT,,,0,,MortgageRefund,Ivana,,0.99,cat_mortgagerefund_15,strong,0,rule
2026-01-31,3388a80236f6802594d734bf429bc896187b1b0832f0b2b3310bf9964fa3bcda,JAN2026_StarlingStatement_2026-01.csv_184,JAN2026,starling,60-83-71 00558156,2026-01-31,-48.7,GBP,Marks & Spencer,MARKS&SPENCER PLC,Marks & Spencer MARKS&SPENCER PLC,CONTACTLESS,55765.21,,FOOD_AND_DRINK,,FOOD_AND_DRINK,Marks & Spencer MARKS&SPENCER PLC Marks & Spencer MARKS&SPENCER PLC CONTACTLESS,,,0,,PersonalExpense,M&S,,0.99,override_2,strong,0,rule
2026-01-31,a6807f8e279af8e167166f90e9f466a960014f891b0c146770b408da4cb62795,JAN2026_StarlingStatement_2026-01.csv_185,JAN2026,starling,60-83-71 00558156,2026-01-31,-60.0,GBP,Central Energy South Limited,557 11 1214 sink,Central Energy South Limited 557 11 1214 sink,FASTER PAYMENT,55705.21,,REPAIRS_AND_MAINTENANCE,,REPAIRS_AND_MAINTENANCE,Central Energy South Limited 557 11 1214 sink Central Energy South Limited 557 11 1214 sink FASTER PAYMENT,,,0,F111214ALH,PropertyExpense,,,0.99,prop_rent_F111214ALH_102,strong,0,rule
