Date,tx_id,raw_row_id,import_batch_id,source_bank,source_account,posted_date,amount,currency,counterparty,reference,memo,type,balance,bank_txn_number,bank_category,bank_subcategory,effective_subcategory,match_text,description_x,parent_tx_id,is_superseded,property_code,category,subcategory,description_y,confidence,rule_id,rule_strength,needs_review,source
2026-02-01,9807b5a3c0a630d429634e888f21ad248f5f790d61267738e6df84e07238253d,FEB2026_StarlingStatement_2026-02.csv_1,FEB2026,starling,60-83-71 00558156,2026-02-01,-315.0,GBP,ALHHAMBRA ROAD,M Tucker SC,ALHHAMBRA ROAD M Tucker SC,FASTER PAYMENT,55390.21,,REPAIRS_AND_MAINTENANCE,,REPAIRS_AND_MAINTENANCE,ALHHAMBRA ROAD M Tucker SC ALHHAMBRA ROAD M Tucker SC FASTER PAYMENT,,,0,,ServiceCharge,,,0.99,cat_servicecharge_11,strong,0,rule
2026-02-01,d0a285c64b84598719691b550f85f9d8cfe898234793f8d1a3257084967900d5,FEB2026_StarlingStatement_2026-02.csv_2,FEB2026,starling,60-83-71 00558156,2026-02-01,-465.0,GBP,Alhambra Road,M Tucker SC,Alhambra Road M Tucker SC,FASTER PAYMENT,54925.21,,REPAIRS_AND_MAINTENANCE,,REPAIRS_AND_MAINTENANCE,Alhambra Road M Tucker SC Alhambra Road M Tucker SC FASTER PAYMENT,,,0,,ServiceCharge,,,0.99,cat_servicecharge_11,strong,0,rule
2026-02-01,4e7bab1789bb34d8f73262ad729b6347bd99f5d0552e6e256e07aed1cf9c1485,FEB2026_StarlingStatement_2026-02.csv_3,FEB2026,starling,60-83-71 00558156,2026-02-01,-320.0,GBP,Alhambra Road,M Tucker SC,Alhambra Road M Tucker SC,FASTER PAYMENT,54605.21,,REPAIRS_AND_MAINTENANCE,,REPAIRS_AND_MAINTENANCE,Alhambra Road M Tucker SC Alhambra Road M Tucker SC FASTER PAYMENT,,,0,,ServiceCharge,,,0.99,cat_servicecharge_11,strong,0,rule
2026-02-01,e66f99d74ee6587dc7e84b4932b23d9897a8e1e0bb54004bbdc8090edb826375,FEB2026_StarlingStatement_2026-02.csv_4,FEB2026,starling,60-83-71 00558156,2026-02-01,925.0,GBP,R Cowie,FLAT 14. PO4 0RF,R Cowie FLAT 14. PO4 0RF,FASTER PAYMENT,55530.21,,REVENUE,,REVENUE,R Cowie FLAT 14. PO4 0RF R Cowie FLAT 14. PO4 0RF FASTER PAYMENT,,,0,F141214ALH,OurRent,,,0.99,prop_rent_F141214ALH_103,strong,0,rule
2026-02-01,5156bf59b47997611227dc6ab1ae5c09b0d25577d8ee987c954b1f09d4018903,FEB2026_StarlingStatement_2026-02.csv_5,FEB2026,starling,60-83-71 00558156,2026-02-01,-28.95,GBP,Home Bargains,HOME BARGAINS,Home Bargains HOME BARGAINS,CONTACTLESS,55501.26,,EQUIPMENT,,EQUIPMENT,Home Bargains HOME BARGAINS Home Bargains HOME BARGAINS CONTACTLESS,,,0,,PersonalExpense,Household,,0.99,override_12,strong,0,rule
2026-02-01,1c642f8d75ab36a97e905bb2633c0fd58806547916a9b954bffff452d782ab3b,FEB2026_StarlingStatement_2026-02.csv_6,FEB2026,starling,60-83-71 00558156,2026-02-01,-47.21,GBP,Tesco,TESCO STORES 2105,Tesco TESCO STORES 2105,CONTACTLESS,55454.05,,FOOD_AND_DRINK,,FOOD_AND_DRINK,Tesco TESCO STORES 2105 Tesco TESCO STORES 2105 CONTACTLESS,,,0,,PersonalExpense,Tesco,,0.99,override_9,strong,0,rule
2026-02-01,47c893b066761dc59bba2027c3b1b0c81dd2c893b7cc6b976c351215f48a26ad,FEB2026_StarlingStatement_2026-02.csv_7,FEB2026,starling,60-83-71 00558156,2026-02-01,-78.06,GBP,Tesco Petrol,TESCO PAY AT PUMP 3943,Tesco Petrol TESCO PAY AT PUMP 3943,CHIP & PIN,55375.99,,VEHICLES,,VEHICLES,Tesco Petrol TESCO PAY AT PUMP 3943 Tesco Petrol TESCO PAY AT PUMP 3943 CHIP & PIN,,,0,,PersonalExpense,Garage,,0.99,override_9,strong,0,rule
2026-02-01,191c6f8b8c65c13e022bd489e39160b99d98cd574484dfb5cf099e24afabe6ee,FEB2026_StarlingStatement_2026-02.csv_8,FEB2026,starling,60-83-71 00558156,2026-02-01,775.0,GBP,Nicole  Byrne,FL7 ALHAMBRA RD,Nicole  Byrne FL7 ALHAMBRA RD,FASTER PAYMENT,56150.99,,REVENUE,,REVENUE,Nicole  Byrne FL7 ALHAMBRA RD Nicole  Byrne FL7 ALHAMBRA RD FASTER PAYMENT,,,0,F71618ALH,OurRent,,,0.99,prop_rent_F71618ALH_116,strong,0,rule
2026-02-01,d2b509da69e0541fa9a7138c344a975cee44f2504c73fe4c3469e3ba25bfd17d,FEB2026_StarlingStatement_2026-02.csv_9,FEB2026,starling,60-83-71 00558156,2026-02-01,825.0,GBP,Letisha Lowe,Latisha Rent,Letisha Lowe Latisha Rent,FASTER PAYMENT,56975.99,,REVENUE,,REVENUE,Letisha Lowe Latisha Rent Letisha Lowe Latisha Rent FASTER PAYMENT,,,0,,OtherIncome,,,0.65,cat_otherincome_34,catch_all,1,rule
2026-02-01,4ae5a9c5d54e0a57def8e6f403be60fe31b0c51349c8aa2a0a5c93a04087376e,FEB2026_StarlingStatement_2026-02.csv_10,FEB2026,starling,60-83-71 00558156,2026-02-01,-4.79,GBP,Budgens,BUDGENS,Budgens BUDGENS,CONTACTLESS,56971.2,,FOOD_AND_DRINK,,FOOD_AND_DRINK,Budgens BUDGENS Budgens BUDGENS CONTACTLESS,,,0,,PersonalExpense,Budgens,,0.99,override_35,strong,0,rule
2026-02-01,e50a6ba9bbea9465a96b3337f8ec03d947d8ea853050759711e9f1715c2c3f98,FEB2026_StarlingStatement_2026-02.csv_11,FEB2026,starling,60-83-71 00558156,2026-02-01,-12.19,GBP,Subway,SUBWAY59825,Subway SUBWAY59825,CONTACTLESS,56959.01,,FOOD_AND_DRINK,,FOOD_AND_DRINK,Subway SUBWAY59825 Subway SUBWAY59825 CONTACTLESS,,,0,,OtherExpense,,,0.65,cat_otherexpense_35,catch_all,1,rule
2026-02-02,9c1c09c10f3f5074da4156e68eaed8a2f02dff9659f914bba7f0abea0bbe6edc,FEB2026_BC_6045_FEB2026.csv_1,FEB2026,barclays,20-74-09 60458872,2026-02-02,-17.0,GBP,,,ROCCO                 COOP FT,,,0,,Funds Transfer,Funds Transfer,ROCCO                 COOP FT,,,0,,PersonalExpense,Rocco,,0.99,override_6,strong,0,rule
2026-02-02,187ae11a9a44f5f3c367d0b2ec656a2424276088f68d71dcc5f7459b28e6587b,FEB2026_BC_6045_FEB2026.csv_2,FEB2026,barclays,20-74-09 60458872,2026-02-02,-50.0,GBP,,,ALESSIO               WELLDONEMATHSTEST FT,,,0,,Funds Transfer,Funds Transfer,ALESSIO               WELLDONEMATHSTEST FT,,,0,,PersonalExpense,Alessio,,0.99,override_7,strong,0,rule
2026-02-02,b960164f8a905095409f72455e2f80f839efebffe56f1069eb11ed7b428e60f2,FEB2026_BC_6045_FEB2026.csv_3,FEB2026,barclays,20-74-09 60458872,2026-02-02,-119.48,GBP,,,PIC RE ARGOS PET      PETAG934657920001 DDR,,,451019,,Direct Debit,Direct Debit,PIC RE ARGOS PET      PETAG934657920001 DDR,,,0,,RegularPayment,,,0.99,cat_regularpayment_27,strong,0,rule
2026-02-02,596ec5f0a723555d66b16d105cd61ba35c19aba0d37fbc84ac703f86859a7b09,FEB2026_BC_6045_FEB2026.csv_4,FEB2026,barclays,20-74-09 60458872,2026-02-02,-42.43,GBP,,,EE LIMITED            Q13077400693002787 DD,,,941284,,Direct Debit,Direct Debit,EE LIMITED            Q13077400693002787 DD,,,0,,RegularPayment,,,0.99,cat_regularpayment_27,strong,0,rule
2026-02-02,6939632eb498fd79736fd08656b2501cfd5f50e6e7084829b67c9e0b841e72f0,FEB2026_BC_6045_FEB2026.csv_5,FEB2026,barclays,20-74-09 60458872,2026-02-02,-2938.29,GBP,,,THE HARPUR TRUST D    BVAL000 DDR,,,765055,,Direct Debit,Direct Debit,THE HARPUR TRUST D    BVAL000 DDR,,,0,,SchoolFee,,,0.99,cat_schoolfee_20,strong,0,rule
2026-02-02,45a82814c567920443cc8340e01c2addc112f7a2c183c18d341a149ebb8c0398,FEB2026_BC_6045_FEB2026.csv_6,FEB2026,barclays,20-74-09 60458872,2026-02-02,-300.0,GBP,,,G & F VALENTINO       M TUCKER STO,,,0,,Standing Order,Standing Order,G & F VALENTINO       M TUCKER STO,,,0,,Hilltop,,,0.99,cat_hilltop_21,strong,0,rule
2026-02-02,c0b78f7740e0871cb2eff54dbdf4746095971e2d07cd62b8b8fa4870731fb896,FEB2026_BC_6045_FEB2026.csv_7,FEB2026,barclays,20-74-09 60458872,2026-02-02,-50.0,GBP,,,NATIONWIDE            0604/229172770 STO,,,0,,Standing Order,Standing Order,NATIONWIDE            0604/229172770 STO,,,0,,RegularPayment,,,0.99,cat_regularpayment_25,strong,0,rule
2026-02-02,e035ee3b8bfd6f87b291726b327539b5ea2793fd0eaf7851770751e05c86cf7a,FEB2026_BC_6045_FEB2026.csv_8,FEB2026,barclays,20-74-09 60458872,2026-02-02,2800.0,GBP,,,M Tucker              SF BGC,,,0,,Counter Credit,Counter Credit,M Tucker              SF BGC,,,0,,MTPayment,,,0.99,override_41,strong,0,rule
2026-02-02,0bc012aa055d8781775599aea4ddbedda032043bb4309f2568d61c2fca6d6863,FEB2026_BC_3072_FEB2026.csv_1,FEB2026,barclays,20-53-97 30728691,2026-02-02,2649.59,GBP,,,Rsa Capital Limite    mortgages BGC,,,0,,Counter Credit,Counter Credit,Rsa Capital Limite    mortgages BGC,,,0,,Interbank,,,0.99,override_40,strong,0,rule
2026-02-02,7c8a3bda9692075d8f147db2b919c2371143e189e5b0834da007ec17ba40fb5a,FEB2026_BC_3072_FEB2026.csv_2,FEB2026,barclays,20-53-97 30728691,2026-02-02,-37.95,GBP,,,L&G INSURANCE MI      0114399215-260202 DDR,,,511148,,Direct Debit,Direct Debit,L&G INSURANCE MI      0114399215-260202 DDR,,,0,,RegularPayment,,,0.99,cat_regularpayment_27,strong,0,rule
2026-02-02,8c2303b15fdbff4bc0851dda8dfb84e4fcfa316dbbc270370ecf52bafa1fa4df,FEB2026_BC_3072_FEB2026.csv_3,FEB2026,barclays,20-53-97 30728691,2026-02-02,-457.65,GBP,,,TOPAZ FIN JASPER      PRU00010/190859005 DD,,,169547,,Direct Debit,Direct Debit,TOPAZ FIN JASPER      PRU00010/190859005 DD,,,0,F31618ALH,Mortgage,,,0.99,prop_mort_F31618ALH_51,strong,0,rule
2026-02-02,1eedb81de3b07e0170f7e6b97b2049591b174d6ab86a43b1f35431aecd6b4dfc,FEB2026_BC_3072_FEB2026.csv_4,FEB2026,barclays,20-53-97 30728691,2026-02-02,-513.07,GBP,,,TOPAZ RE ROSINCA      ROW20004/560470708 DD,,,169548,,Direct Debit,Direct Debit,TOPAZ RE ROSINCA      ROW20004/560470708 DD,,,0,F2346ALH,Mortgage,,,0.99,prop_mort_F2346ALH_60,strong,0,rule
2026-02-02,4a69618860b6e46e333aca157cc067fd406fe3206c0f8b7c967ec968d4ca85ff,FEB2026_BC_3072_FEB2026.csv_5,FEB2026,barclays,20-53-97 30728691,2026-02-02,-509.79,GBP,,,TOPAZ RE ROSINCA      ROW20004/560471701 DD,,,169548,,Direct Debit,Direct Debit,TOPAZ RE ROSINCA      ROW20004/560471701 DD,,,0,F2046ALH,Mortgage,,,0.99,prop_mort_F2046ALH_59,strong,0,rule
2026-02-02,b246db6f26e352e54f922d445d05dd34b8e2c370b6dd2dc7c8653080a5c3d155,FEB2026_BC_3072_FEB2026.csv_6,FEB2026,barclays,20-53-97 30728691,2026-02-02,-508.92,GBP,,,TOPAZ RE ROSINCA      ROW20004/560471810 DD,,,169548,,Direct Debit,Direct Debit,TOPAZ RE ROSINCA      ROW20004/560471810 DD,,,0,F2246ALH,Mortgage,,,0.99,prop_mort_F2246ALH_58,strong,0,rule
2026-02-02,afe3d7f2513ce20d1c6165d91c9c60d4316034e8bd2fe8353474fade06d7a687,FEB2026_BC_3072_FEB2026.csv_7,FEB2026,barclays,20-53-97 30728691,2026-02-02,-469.79,GBP,,,TOPAZ RE ROSINCA      ROW20004/560476808 DD,,,169548,,Direct Debit,Direct Debit,TOPAZ RE ROSINCA      ROW20004/560476808 DD,,,0,F61618ALH,Mortgage,,,0.99,prop_mort_F61618ALH_61,strong,0,rule
2026-02-02,d952b8236df64111fe38e38fecd17028b2930e56671124189767949fa08e0dc4,FEB2026_BC_3072_FEB2026.csv_8,FEB2026,barclays,20-53-97 30728691,2026-02-02,-887.02,GBP,,,HESSONITE MORTGAGE    TND00001/631516204 DD,,,573997,,Direct Debit,Direct Debit,HESSONITE MORTGAGE    TND00001/631516204 DD,,,0,23CHAM,Mortgage,,,0.99,prop_mort_23CHAM_28,strong,0,rule
2026-02-02,41ac19b240b4dab684297e37e8cdaf0d6ec4bf5eca1263f68d0f88cebb114f8c,FEB2026_BC_3072_FEB2026.csv_9,FEB2026,barclays,20-53-97 30728691,2026-02-02,-620.94,GBP,,,TOPAZ RE SIBERITE     SIB00001/480016104 DD,,,177794,,Direct Debit,Direct Debit,TOPAZ RE SIBERITE     SIB00001/480016104 DD,,,0,F2146ALH,Mortgage,,,0.99,prop_mort_F2146ALH_38,strong,0,rule
2026-02-02,40d0aa2a78f1f684a7c1a4c5a2aa9314d847db06e475a5bafbcc8b5ff2a547a4,FEB2026_BC_3072_FEB2026.csv_10,FEB2026,barclays,20-53-97 30728691,2026-02-02,-314.84,GBP,,,JASPER MORTGAGES      JAC00002/390255001 DD,,,457918,,Direct Debit,Direct Debit,JASPER MORTGAGES      JAC00002/390255001 DD,,,0,F3321LON,Mortgage,,,0.99,prop_mort_F3321LON_6,strong,0,rule
2026-02-02,0534ce2cef37f185bb3917c38df93b4de2b957de7b0bf2513a36a2603ed4df87,FEB2026_BC_3072_FEB2026.csv_11,FEB2026,barclays,20-53-97 30728691,2026-02-02,-313.0,GBP,,,JASPER MORTGAGES      JAC00002/390255110 DD,,,457918,,Direct Debit,Direct Debit,JASPER MORTGAGES      JAC00002/390255110 DD,,,0,F2169FAW,Mortgage,,,0.99,prop_mort_F2169FAW_9,strong,0,rule
2026-02-02,8b8e42f87d70383acb05712c8c681c165e129544affd8225723cb6765c8191a7,FEB2026_BC_3072_FEB2026.csv_12,FEB2026,barclays,20-53-97 30728691,2026-02-02,4632.97,GBP,,,Rsa Capital Limite    mortgages BGC,,,0,,Counter Credit,Counter Credit,Rsa Capital Limite    mortgages BGC,,,0,,Interbank,,,0.99,override_40,strong,0,rule
2026-02-02,27ec520ce431a1e60eaedcf012b1b5704500ef36cc2cffc460db751f79c7625f,FEB2026_BC_4040_FEB2026.csv_1,FEB2026,barclays,20-74-09 40406538,2026-02-02,-34.44,GBP,,,PNET5304976-1         PNET5304976-1 DDR,,,948389,,Direct Debit,Direct Debit,PNET5304976-1         PNET5304976-1 DDR,,,0,,RegularPayment,,,0.99,cat_regularpayment_27,strong,0,rule
2026-02-02,d2e602eedbd3c807509ae226358b2a1b3878a06c8354ab10775cbf4c21d4e8e1,FEB2026_BC_4040_FEB2026.csv_2,FEB2026,barclays,20-74-09 40406538,2026-02-02,300.0,GBP,,,M Tucker              M TUCKER BGC,,,0,,Counter Credit,Counter Credit,M Tucker              M TUCKER BGC,,,0,,MTPayment,,,0.99,override_41,strong,0,rule
2026-02-02,a3503a5308d4ad86b794b8fa1cc299c3a3616403cbb654c32a42595ec6dcd904,FEB2026_StarlingStatement_2026-02.csv_12,FEB2026,starling,60-83-71 00558156,2026-02-02,850.0,GBP,ELLIE BARTON,12  Alhambra Road,ELLIE BARTON 12  Alhambra Road,FASTER PAYMENT,57809.01,,REVENUE,,REVENUE,ELLIE BARTON 12  Alhambra Road ELLIE BARTON 12  Alhambra Road FASTER PAYMENT,,,0,F121618ALH,OurRent,,,0.99,prop_rent_F121618ALH_110,strong,0,rule
2026-02-02,ce6ee4ef094df92e9a4dac44818cf5efb089368c8a0a3dd10e77a8027478291e,FEB2026_StarlingStatement_2026-02.csv_13,FEB2026,starling,60-83-71 00558156,2026-02-02,525.0,GBP,DAVIES P+J,FLAT3 321 PO2 9HQ,DAVIES P+J FLAT3 321 PO2 9HQ,FASTER PAYMENT,58334.01,,REVENUE,,REVENUE,DAVIES P+J FLAT3 321 PO2 9HQ DAVIES P+J FLAT3 321 PO2 9HQ FASTER PAYMENT,,,0,F3321LON,OurRent,,,0.99,prop_rent_F3321LON_73,strong,0,rule
2026-02-02,04d5af4f4dedfe2d6bbafae7e6825522834627aedc677501f6cd4aff3fd1ecca,FEB2026_StarlingStatement_2026-02.csv_14,FEB2026,starling,60-83-71 00558156,2026-02-02,-158.6,GBP,Lidl Gb Bedford St Joh,LIDL GB BEDFORD ST JOH,Lidl Gb Bedford St Joh LIDL GB BEDFORD ST JOH,CHIP & PIN,58175.41,,FOOD_AND_DRINK,,FOOD_AND_DRINK,Lidl Gb Bedford St Joh LIDL GB BEDFORD ST JOH Lidl Gb Bedford St Joh LIDL GB BEDFORD ST JOH CHIP & PIN,,,0,,PersonalExpense,LIDL,,0.99,override_11,strong,0,rule
2026-02-02,498c2927fc896e8cb70aea5b975f1a64b8778bb1f58476a2249760fd6ce59952,FEB2026_StarlingStatement_2026-02.csv_15,FEB2026,starling,60-83-71 00558156,2026-02-02,-2.43,GBP,Lidl Gb Bedford St Joh,LIDL GB BEDFORD ST JOH,Lidl Gb Bedford St Joh LIDL GB BEDFORD ST JOH,CONTACTLESS,58172.98,,FOOD_AND_DRINK,,FOOD_AND_DRINK,Lidl Gb Bedford St Joh LIDL GB BEDFORD ST JOH Lidl Gb Bedford St Joh LIDL GB BEDFORD ST JOH CONTACTLESS,,,0,,PersonalExpense,LIDL,,0.99,override_11,strong,0,rule
2026-02-02,92b4374f1cd348b0891a07d90f1d446b8e26a3c72b94121445e9327347e85600,FEB2026_StarlingStatement_2026-02.csv_16,FEB2026,starling,60-83-71 00558156,2026-02-02,525.0,GBP,Sean Connacher,rent,Sean Connacher rent,FASTER PAYMENT,58697.98,,REVENUE,,REVENUE,Sean Connacher rent Sean Connacher rent FASTER PAYMENT,,,0,F3321LON,OurRent,,,0.99,prop_rent_F3321LON_73,strong,0,rule
2026-02-02,04f3cb23adf78420fc26a28017bf8e63fc309aa16d2ce283c9373bb7266e868d,FEB2026_StarlingStatement_2026-02.csv_17,FEB2026,starling,60-83-71 00558156,2026-02-02,980.0,GBP,Mr A J  FITZGERALD,FLAT 23 4-6 ALHAMB,Mr A J  FITZGERALD FLAT 23 4-6 ALHAMB,FASTER PAYMENT,59677.98,,REVENUE,,REVENUE,Mr A J  FITZGERALD FLAT 23 4-6 ALHAMB Mr A J  FITZGERALD FLAT 23 4-6 ALHAMB FASTER PAYMENT,,,0,F2346ALH,OurRent,,,0.99,prop_rent_F2346ALH_96,strong,0,rule
2026-02-02,433d7f6bfe664ee25ec1ce54b5d519ed849c0656f5edff5d4c1fe48aeb37f851,FEB2026_StarlingStatement_2026-02.csv_18,FEB2026,starling,60-83-71 00558156,2026-02-02,-4632.97,GBP,Ivana Valentino 3072,mortgages,Ivana Valentino 3072 mortgages,FASTER PAYMENT,55045.01,,INTEREST_PAYMENTS,,INTEREST_PAYMENTS,Ivana Valentino 3072 mortgages Ivana Valentino 3072 mortgages FASTER PAYMENT,,,0,,MortgageRefund,Ivana,,0.99,cat_mortgagerefund_15,strong,0,rule
2026-02-02,a0abbe40b07d42dc4c954731cf0b4091cb58f451edf77b15cca7bdc80b2653d6,FEB2026_StarlingStatement_2026-02.csv_19,FEB2026,starling,60-83-71 00558156,2026-02-02,-10.25,GBP,Co-op,CO OPERATIVE FOOD,Co-op CO OPERATIVE FOOD,CONTACTLESS,55034.76,,REPAIRS_AND_MAINTENANCE,,REPAIRS_AND_MAINTENANCE,Co-op CO OPERATIVE FOOD Co-op CO OPERATIVE FOOD CONTACTLESS,,,0,,PersonalExpense,COOP,,0.99,cat_propertyexpense_19,strong,0,rule
2026-02-03,f5517ec32f3b078fd62fafb4066e1456379a3213f166bcbf86c8fbf93e7c4ed4,FEB2026_BC_3072_FEB2026.csv_13,FEB2026,barclays,20-53-97 30728691,2026-02-03,-562.52,GBP,,,TOPAZ FIN JASPER      PRU00010/191462710 DD,,,169547,,Direct Debit,Direct Debit,TOPAZ FIN JASPER      PRU00010/191462710 DD,,,0,F3171FAW,Mortgage,,,0.99,prop_mort_F3171FAW_16,strong,0,rule
2026-02-03,2152938e7c2028de952f6602c7a8204614039d5cd14e7037ef391cbf438ab400,FEB2026_BC_3072_FEB2026.csv_14,FEB2026,barclays,20-53-97 30728691,2026-02-03,-357.62,GBP,,,TOPAZ FIN ROSINCA     BLA00010/130654303 DD,,,169548,,Direct Debit,Direct Debit,TOPAZ FIN ROSINCA     BLA00010/130654303 DD,,,0,F3163FRA,Mortgage,,,0.99,prop_mort_F3163FRA_18,strong,0,rule
2026-02-03,e61032618789bde5cb97155d05922e1a38004ec2a27c4776a5ca949646cc824c,FEB2026_BC_3072_FEB2026.csv_15,FEB2026,barclays,20-53-97 30728691,2026-02-03,-391.84,GBP,,,TOPAZ FIN ROSINCA     BLA00010/131188407 DD,,,169548,,Direct Debit,Direct Debit,TOPAZ FIN ROSINCA     BLA00010/131188407 DD,,,0,F4321LON,Mortgage,,,0.99,prop_mort_F4321LON_7,strong,0,rule
2026-02-03,d5f824c15ec34b153fe97954fe2c2a0df70b71f9eacf66acc230f58c1ac9cb52,FEB2026_BC_3072_FEB2026.csv_16,FEB2026,barclays,20-53-97 30728691,2026-02-03,-391.76,GBP,,,TOPAZ FIN ROSINCA     BLA00010/131992707 DD,,,169548,,Direct Debit,Direct Debit,TOPAZ FIN ROSINCA     BLA00010/131992707 DD,,,0,F1321LON,Mortgage,,,0.99,prop_mort_F1321LON_1,strong,0,rule
2026-02-03,8c5679e8f489c82e9fc18e6923980e3045febd32a098c66e08b8ec55452cb103,FEB2026_BC_3072_FEB2026.csv_17,FEB2026,barclays,20-53-97 30728691,2026-02-03,-352.97,GBP,,,TOPAZ FIN ROSINCA     BLA00010/132514207 DD,,,169548,,Direct Debit,Direct Debit,TOPAZ FIN ROSINCA     BLA00010/132514207 DD,,,0,F1169FAW,Mortgage,,,0.99,prop_mort_F1169FAW_8,strong,0,rule
2026-02-03,421751b2d90e092372f7028a5f3b5f6f096bd5c6b629f39a5398cff77a2f47aa,FEB2026_BC_3072_FEB2026.csv_18,FEB2026,barclays,20-53-97 30728691,2026-02-03,-457.61,GBP,,,TOPAZ FIN ROSINCA     BLA00010/134121904 DD,,,169548,,Direct Debit,Direct Debit,TOPAZ FIN ROSINCA     BLA00010/134121904 DD,,,0,F111214ALH,Mortgage,,,0.99,prop_mort_F111214ALH_46,strong,0,rule
2026-02-03,0e76046915d807a94dbc59c552124a53af85bafc60ae1d94a9feb58dcf51f8bd,FEB2026_BC_3072_FEB2026.csv_19,FEB2026,barclays,20-53-97 30728691,2026-02-03,-557.12,GBP,,,TOPAZ FIN ROSINCA     BLA00010/134332909 DD,,,169548,,Direct Debit,Direct Debit,TOPAZ FIN ROSINCA     BLA00010/134332909 DD,,,0,F11618ALH,Mortgage,,,0.99,prop_mort_F11618ALH_50,strong,0,rule
2026-02-03,9d5952888c0ad1b7e57474b86cd0b70e2dc582c698945b733fb59d06efaef934,FEB2026_BC_3072_FEB2026.csv_20,FEB2026,barclays,20-53-97 30728691,2026-02-03,-457.88,GBP,,,TOPAZ FIN ROSINCA     BLA00010/134333009 DD,,,169548,,Direct Debit,Direct Debit,TOPAZ FIN ROSINCA     BLA00010/134333009 DD,,,0,F111618ALH,Mortgage,,,0.99,prop_mort_F111618ALH_54,strong,0,rule
2026-02-03,3e92a6e7ce4e5e9fcc9bc877e8b56d38cb974978304a36908b65c7182c313910,FEB2026_BC_3072_FEB2026.csv_21,FEB2026,barclays,20-53-97 30728691,2026-02-03,-557.53,GBP,,,TOPAZ FIN ROSINCA     BLA00010/134338410 DD,,,169548,,Direct Debit,Direct Debit,TOPAZ FIN ROSINCA     BLA00010/134338410 DD,,,0,F131618ALH,Mortgage,,,0.99,prop_mort_F131618ALH_56,strong,0,rule
2026-02-03,b238d05129f0476ec6c0c4a24e02054dec3c2ce72ef52782bb601f85e069e6b0,FEB2026_BC_3072_FEB2026.csv_22,FEB2026,barclays,20-53-97 30728691,2026-02-03,-577.53,GBP,,,TOPAZ FIN ROSINCA     BLA00010/134467209 DD,,,169548,,Direct Debit,Direct Debit,TOPAZ FIN ROSINCA     BLA00010/134467209 DD,,,0,F141214ALH,Mortgage,,,0.99,prop_mort_F141214ALH_48,strong,0,rule
2026-02-03,bbbf8eb2edf9aaf4ddb1f0e0db2ee435e0f745478f6379bf858b847f0c4e58c4,FEB2026_BC_3072_FEB2026.csv_23,FEB2026,barclays,20-53-97 30728691,2026-02-03,-523.18,GBP,,,TOPAZ FIN ROSINCA     BLA00010/137376006 DD,,,169548,,Direct Debit,Direct Debit,TOPAZ FIN ROSINCA     BLA00010/137376006 DD,,,0,F1171FAW,Mortgage,,,0.99,prop_mort_F1171FAW_14,strong,0,rule
2026-02-03,e34eeccaa255d5d2cc340acdea0318fb0c727631868ad799055ed1fa3d3a2db9,FEB2026_BC_3072_FEB2026.csv_24,FEB2026,barclays,20-53-97 30728691,2026-02-03,-462.83,GBP,,,TOPAZ FIN ROSINCA     BLA00010/137376104 DD,,,169548,,Direct Debit,Direct Debit,TOPAZ FIN ROSINCA     BLA00010/137376104 DD,,,0,F2171FAW,Mortgage,,,0.99,prop_mort_F2171FAW_15,strong,0,rule
2026-02-03,ac665553812e3343c09d34ec11bc6650e20d357a2826665c86fcf369cc550f72,FEB2026_BC_4040_FEB2026.csv_3,FEB2026,barclays,20-74-09 40406538,2026-02-03,-5.0,GBP,,,ROCCO VALENTINO       TENNIS FT,,,0,,Funds Transfer,Funds Transfer,ROCCO VALENTINO       TENNIS FT,,,0,,PersonalExpense,Rocco,,0.99,override_6,strong,0,rule
2026-02-03,831243c3807de41bc74f023e897d75b12f5ef6d498bae93e1341841dacf5363d,FEB2026_StarlingStatement_2026-02.csv_20,FEB2026,starling,60-83-71 00558156,2026-02-03,-33.97,GBP,Superdrug,SUPERDRUG STORES PLC,Superdrug SUPERDRUG STORES PLC,CONTACTLESS,55000.79,,OTHER,,OTHER,Superdrug SUPERDRUG STORES PLC Superdrug SUPERDRUG STORES PLC CONTACTLESS,,,0,,OtherExpense,,,0.65,cat_otherexpense_35,catch_all,1,rule
2026-02-03,2444eae03fd6c01bda05e68c6611993ec731eb06ce254685c34f0cd8dcbc82bd,FEB2026_StarlingStatement_2026-02.csv_21,FEB2026,starling,60-83-71 00558156,2026-02-03,-1.8,GBP,Harpur Centre Bedford,Harpur Centre Bedford,Harpur Centre Bedford Harpur Centre Bedford,CONTACTLESS,54998.99,,TRAVEL,,TRAVEL,Harpur Centre Bedford Harpur Centre Bedford Harpur Centre Bedford Harpur Centre Bedford CONTACTLESS,,,0,,OtherExpense,,,0.65,cat_otherexpense_35,catch_all,1,rule
2026-02-03,a4917994954c168707fb46983d012ab5451d1a744c3bba945f074dc5fac6ed96,FEB2026_StarlingStatement_2026-02.csv_22,FEB2026,starling,60-83-71 00558156,2026-02-03,-36.45,GBP,Marks & Spencer,MARKS&SPENCER PLC SACA,Marks & Spencer MARKS&SPENCER PLC SACA,CONTACTLESS,54962.54,,FOOD_AND_DRINK,,FOOD_AND_DRINK,Marks & Spencer MARKS&SPENCER PLC SACA Marks & Spencer MARKS&SPENCER PLC SACA CONTACTLESS,,,0,,PersonalExpense,M&S,,0.99,override_2,strong,0,rule
2026-02-04,de7fb53792a01b29ea43eb291ea0228a9e43cdab85cdceab42524b35c87a338e,FEB2026_BC_6045_FEB2026.csv_9,FEB2026,barclays,20-74-09 60458872,2026-02-04,-10.0,GBP,,,SHEPHERDS FRIENDLY    PN026484A DDR,,,672783,,Direct Debit,Direct Debit,SHEPHERDS FRIENDLY    PN026484A DDR,,,0,,RegularPayment,,,0.99,cat_regularpayment_27,strong,0,rule
2026-02-04,f4aa77648df0765b1c0007d5cef58a86196703f7477098118bb1f287fac82ce4,FEB2026_BC_6045_FEB2026.csv_10,FEB2026,barclays,20-74-09 60458872,2026-02-04,-10.0,GBP,,,UNITY MUTUAL KU CT    PL684048A VALENTNO ST,,,0,,Standing Order,Standing Order,UNITY MUTUAL KU CT    PL684048A VALENTNO ST,,,0,,RegularPayment,,,0.99,override_19,strong,0,rule
2026-02-04,8713678119d14c8fc6f645bc0eaef304d964e53d80d6296ca536c5d518241e6e,FEB2026_BC_3072_FEB2026.csv_25,FEB2026,barclays,20-53-97 30728691,2026-02-04,-483.54,GBP,,,SKIPTON B.S.          SBS00001/165905969 DD,,,995416,,Direct Debit,Direct Debit,SKIPTON B.S.          SBS00001/165905969 DD,,,0,F88ALH,Mortgage,,,0.99,prop_mort_F88ALH_33,strong,0,rule
2026-02-04,dd6c6431c02d317550da4496ca337eec587e0c550b52cf10de15fa63097cb7b3,FEB2026_StarlingStatement_2026-02.csv_23,FEB2026,starling,60-83-71 00558156,2026-02-04,-31.0,GBP,Primark,PRIMARK,Primark PRIMARK,CONTACTLESS,54931.54,,OTHER,,OTHER,Primark PRIMARK Primark PRIMARK CONTACTLESS,,,0,,PersonalExpense,Clothing,,0.99,override_29,strong,0,rule
2026-02-04,b6ef19cc3f52f20369df6cfe342acfa0ad84cdb7c140a9771514c93c13359ff6,FEB2026_StarlingStatement_2026-02.csv_24,FEB2026,starling,60-83-71 00558156,2026-02-04,-5.68,GBP,Budgens,BUDGENS,Budgens BUDGENS,CONTACTLESS,54925.86,,FOOD_AND_DRINK,,FOOD_AND_DRINK,Budgens BUDGENS Budgens BUDGENS CONTACTLESS,,,0,,PersonalExpense,Budgens,,0.99,override_35,strong,0,rule
2026-02-04,96e82a526e2927582b0f44cbb7c7f4c04b279cb7d0ee01b195dcc4325854411c,FEB2026_StarlingStatement_2026-02.csv_25,FEB2026,starling,60-83-71 00558156,2026-02-04,-38.98,GBP,Marks & Spencer,MARKS&SPENCER PLC SACA,Marks & Spencer MARKS&SPENCER PLC SACA,CONTACTLESS,54886.88,,FOOD_AND_DRINK,,FOOD_AND_DRINK,Marks & Spencer MARKS&SPENCER PLC SACA Marks & Spencer MARKS&SPENCER PLC SACA CONTACTLESS,,,0,,PersonalExpense,M&S,,0.99,override_2,strong,0,rule
2026-02-04,df3d4ea7ae26585465a7be9914ebf91d3e0c8ec0badd3cab96675a88c1eadec5,FEB2026_StarlingStatement_2026-02.csv_26,FEB2026,starling,60-83-71 00558156,2026-02-04,1000.0,GBP,S Bijumon,RENT FOR Feb 2026,S Bijumon RENT FOR Feb 2026,FASTER PAYMENT,55886.88,,REVENUE,,REVENUE,S Bijumon RENT FOR Feb 2026 S Bijumon RENT FOR Feb 2026 FASTER PAYMENT,,,0,23BHAM,OurRent,,,0.99,prop_rent_23BHAM_88,strong,0,rule
2026-02-05,148dd0e1172fad7816fba5ae6c90246f673687fd07cf7873b6b000f202aa7254,FEB2026_BC_6045_FEB2026.csv_11,FEB2026,barclays,20-74-09 60458872,2026-02-05,-34.99,GBP,,,NOW 1FF95 Sky Spor    ON 04 FEB BCC,,,0,,Card Purchase,Card Purchase,NOW 1FF95 Sky Spor    ON 04 FEB BCC,,,0,,PersonalExpense,Amazon,,0.99,cat_personalexpense_30,strong,0,rule
2026-02-05,1f19743f9f9e06ed4864926a8bc6eb580b685fd33b6a769f7900970676b9e4ba,FEB2026_StarlingStatement_2026-02.csv_27,FEB2026,starling,60-83-71 00558156,2026-02-05,850.0,GBP,DANIELLE FULKER,Flat3171Fawcett,DANIELLE FULKER Flat3171Fawcett,FASTER PAYMENT,56736.88,,REVENUE,,REVENUE,DANIELLE FULKER Flat3171Fawcett DANIELLE FULKER Flat3171Fawcett FASTER PAYMENT,,,0,F3171FAW,OurRent,,,0.99,prop_rent_F3171FAW_81,strong,0,rule
2026-02-05,517b973ef262be6d7f281268dec8d6d141f48815f970313840cd111247242280,FEB2026_StarlingStatement_2026-02.csv_28,FEB2026,starling,60-83-71 00558156,2026-02-05,-6133.93,GBP,Ivana Valentino 3072,mortgages,Ivana Valentino 3072 mortgages,FASTER PAYMENT,50602.95,,INTEREST_PAYMENTS,,INTEREST_PAYMENTS,Ivana Valentino 3072 mortgages Ivana Valentino 3072 mortgages FASTER PAYMENT,,,0,,MortgageRefund,Ivana,,0.99,cat_mortgagerefund_15,strong,0,rule
2026-02-06,4acbf9b724c96e269b7ae8b218598847e5fe0aa16d95386cf14fd13fe5fa9caa,FEB2026_BC_6045_FEB2026.csv_12,FEB2026,barclays,20-74-09 60458872,2026-02-06,-42.0,GBP,,,ROCCO                 MATHSBOOKS FT,,,0,,Funds Transfer,Funds Transfer,ROCCO                 MATHSBOOKS FT,,,0,,PersonalExpense,Rocco,,0.99,override_6,strong,0,rule
2026-02-06,35758cc845627a68c4e813e83087dee36a14bd547528f24f688f943afc7ca58d,FEB2026_BC_6045_FEB2026.csv_13,FEB2026,barclays,20-74-09 60458872,2026-02-06,1000.0,GBP,,,M Tucker              SF BGC,,,0,,Counter Credit,Counter Credit,M Tucker              SF BGC,,,0,,MTPayment,,,0.99,override_41,strong,0,rule
2026-02-06,2c8f60ce0232138423846fefd15bddcebcad74374724fd9bfb901499ff40a18f,FEB2026_BC_3072_FEB2026.csv_26,FEB2026,barclays,20-53-97 30728691,2026-02-06,6133.93,GBP,,,Rsa Capital Limite    mortgages BGC,,,0,,Counter Credit,Counter Credit,Rsa Capital Limite    mortgages BGC,,,0,,Interbank,,,0.99,override_40,strong,0,rule
2026-02-06,b021d603738dc4b921fc084aacc222b890c5cd8a294dca16103851273749813b,FEB2026_StarlingStatement_2026-02.csv_29,FEB2026,starling,60-83-71 00558156,2026-02-06,-16.64,GBP,Co-op,CO OPERATIVE FOOD,Co-op CO OPERATIVE FOOD,CONTACTLESS,50586.31,,REPAIRS_AND_MAINTENANCE,,REPAIRS_AND_MAINTENANCE,Co-op CO OPERATIVE FOOD Co-op CO OPERATIVE FOOD CONTACTLESS,,,0,,PersonalExpense,COOP,,0.99,cat_propertyexpense_19,strong,0,rule
2026-02-07,f9ad91bfa774eca587c71ab6d2a30cb2a2754302876df3868211b2bf290428cf,FEB2026_StarlingStatement_2026-02.csv_30,FEB2026,starling,60-83-71 00558156,2026-02-07,-34.29,GBP,Lidl Gb Bedford St Joh,LIDL GB BEDFORD ST JOH,Lidl Gb Bedford St Joh LIDL GB BEDFORD ST JOH,CHIP & PIN,50552.02,,FOOD_AND_DRINK,,FOOD_AND_DRINK,Lidl Gb Bedford St Joh LIDL GB BEDFORD ST JOH Lidl Gb Bedford St Joh LIDL GB BEDFORD ST JOH CHIP & PIN,,,0,,PersonalExpense,LIDL,,0.99,override_11,strong,0,rule
2026-02-07,a1192cbd25dcb882750e34c14f0a62b0aaf0ae3fb16dcdc853f943607f8f811a,FEB2026_StarlingStatement_2026-02.csv_31,FEB2026,starling,60-83-71 00558156,2026-02-07,-30.9,GBP,Marks & Spencer,MARKS&SPENCER PLC SACA,Marks & Spencer MARKS&SPENCER PLC SACA,CONTACTLESS,50521.12,,FOOD_AND_DRINK,,FOOD_AND_DRINK,Marks & Spencer MARKS&SPENCER PLC SACA Marks & Spencer MARKS&SPENCER PLC SACA CONTACTLESS,,,0,,PersonalExpense,M&S,,0.99,override_2,strong,0,rule
2026-02-07,557d1cc7af9254fc72c3af8e2839423fd36a99baff179f55a2965287608052d4,FEB2026_StarlingStatement_2026-02.csv_32,FEB2026,starling,60-83-71 00558156,2026-02-07,-2.49,GBP,Google Play,Google One,Google Play Google One,CARD SUBSCRIPTION,50518.63,,ADMIN,,ADMIN,Google Play Google One Google Play Google One CARD SUBSCRIPTION,,,0,,PropertyExpense,,,0.99,cat_propertyexpense_10,strong,1,rule
2026-02-08,995c4b2a931bc2cf52c7c8cf32776f45fc77bf53173b56ef1ec79be4351c33e0,FEB2026_StarlingStatement_2026-02.csv_33,FEB2026,starling,60-83-71 00558156,2026-02-08,-77.14,GBP,Tesco Petrol,TESCO PAY AT PUMP 3943,Tesco Petrol TESCO PAY AT PUMP 3943,CHIP & PIN,50441.49,,VEHICLES,,VEHICLES,Tesco Petrol TESCO PAY AT PUMP 3943 Tesco Petrol TESCO PAY AT PUMP 3943 CHIP & PIN,,,0,,PersonalExpense,Garage,,0.99,override_9,strong,0,rule
2026-02-08,12da1f4251bbd19d0039eb7cbc62c2198e7f86669ea88839ab90d82bd483814a,FEB2026_StarlingStatement_2026-02.csv_34,FEB2026,starling,60-83-71 00558156,2026-02-08,775.0,GBP,Matt GRANIL,Flat 2 PO4 ODH,Matt GRANIL Flat 2 PO4 ODH,FASTER PAYMENT,51216.49,,REVENUE,,REVENUE,Matt GRANIL Flat 2 PO4 ODH Matt GRANIL Flat 2 PO4 ODH FASTER PAYMENT,,,0,F2169FAW,OurRent,,,0.99,prop_rent_F2169FAW_77,strong,0,rule
2026-02-08,ded350f87a35bbbb87b9cae5402dccd4dc4b9eea69f69f234a79a1b492c7474e,FEB2026_StarlingStatement_2026-02.csv_35,FEB2026,starling,60-83-71 00558156,2026-02-08,-6.0,GBP,Co-op,CO OPERATIVE FOOD,Co-op CO OPERATIVE FOOD,CONTACTLESS,51210.49,,REPAIRS_AND_MAINTENANCE,,REPAIRS_AND_MAINTENANCE,Co-op CO OPERATIVE FOOD Co-op CO OPERATIVE FOOD CONTACTLESS,,,0,,PersonalExpense,COOP,,0.99,cat_propertyexpense_19,strong,0,rule
2026-02-08,1dffa70d5d0d373e677972ebfd1bffe8493d0ae4fb67b909d7c2b823d692a456,FEB2026_StarlingStatement_2026-02.csv_36,FEB2026,starling,60-83-71 00558156,2026-02-08,-259.0,GBP,KINGSTON DOMESTIC APPLIANCES LTD,11364a  31618,KINGSTON DOMESTIC APPLIANCES LTD 11364a  31618,FASTER PAYMENT,50951.49,,REPAIRS_AND_MAINTENANCE,,REPAIRS_AND_MAINTENANCE,KINGSTON DOMESTIC APPLIANCES LTD 11364a  31618 KINGSTON DOMESTIC APPLIANCES LTD 11364a  31618 FASTER PAYMENT,,,0,,PropertyExpense,,,0.99,cat_propertyexpense_19,strong,1,rule
2026-02-09,4e651a8e6b02cfcc897a07ca7d531e300551aa30e6ffc5a1bc4a0a9070381d9d,FEB2026_BC_6045_FEB2026.csv_14,FEB2026,barclays,20-74-09 60458872,2026-02-09,-9.99,GBP,,,AMAZON* E34Z58955     ON 07 FEB BCC,,,0,,Card Purchase,Card Purchase,AMAZON* E34Z58955     ON 07 FEB BCC,,,0,,PersonalExpense,Amazon,,0.99,cat_personalexpense_30,strong,0,rule
2026-02-09,89bfbe16dcd5a3d257018e00b3e820356c8b4c5e0568f790d7a9cfa0d5915014,FEB2026_BC_3072_FEB2026.csv_27,FEB2026,barclays,20-53-97 30728691,2026-02-09,-47.02,GBP,,,BHAM MIDSHIRES        6792116703030000 DDR,,,184800,,Direct Debit,Direct Debit,BHAM MIDSHIRES        6792116703030000 DDR,,,0,F3169FAW,Mortgage,,,0.99,prop_mort_F3169FAW_13,strong,0,rule
2026-02-09,2631e7078a8b8534f6b4107e45dcb5c25836bbb2470d29bf7dfbd40933289d12,FEB2026_BC_3072_FEB2026.csv_28,FEB2026,barclays,20-53-97 30728691,2026-02-09,-512.53,GBP,,,BHAM MIDSHIRES        6092076502030000 DDR,,,184800,,Direct Debit,Direct Debit,BHAM MIDSHIRES        6092076502030000 DDR,,,0,196BKIN,Mortgage,,,0.99,prop_mort_196BKIN_25,strong,0,rule
2026-02-09,aede602d8670a208a73ff39d6edfe35308a28a616a79763ec974de536927fd28,FEB2026_BC_4040_FEB2026.csv_4,FEB2026,barclays,20-74-09 40406538,2026-02-09,-10.0,GBP,,,ROCCO VALENTINO       FOOD FT,,,0,,Funds Transfer,Funds Transfer,ROCCO VALENTINO       FOOD FT,,,0,,PersonalExpense,Rocco,,0.99,override_6,strong,0,rule
2026-02-09,213e33ebb712cef7bc1ca28dbdb7b32df0f10494210c0a2d0909b346d3d19913,FEB2026_BC_4040_FEB2026.csv_5,FEB2026,barclays,20-74-09 40406538,2026-02-09,-200.28,GBP,,,TESCO STORES 2105     ON 07 FEB BCC,,,0,,Card Purchase,Card Purchase,TESCO STORES 2105     ON 07 FEB BCC,,,0,,PersonalExpense,Tesco,,0.99,cat_personalexpense_30,strong,0,rule
2026-02-09,cee48ae0e5d24a6bfa9b5f0365fd6d0b7e1fd151307c627feccd050992109ec9,FEB2026_BC_4040_FEB2026.csv_6,FEB2026,barclays,20-74-09 40406538,2026-02-09,-8.0,GBP,,,ID MOBILE LIMITED     12253154/001 DDR,,,298372,,Direct Debit,Direct Debit,ID MOBILE LIMITED     12253154/001 DDR,,,0,,RegularPayment,,,0.99,cat_regularpayment_27,strong,0,rule
2026-02-09,a8e78037ac5c717efa58509220e1cb4af497dc1a3e78009ab55b3b354f35f7d3,FEB2026_BC_4040_FEB2026.csv_7,FEB2026,barclays,20-74-09 40406538,2026-02-09,-2.4,GBP,,,CO OPERATIVE FOOD     ON 08 FEB CLP,,,0,,Contactless Card Purchase,Contactless Card Purchase,CO OPERATIVE FOOD     ON 08 FEB CLP,,,0,,PersonalExpense,COOP,,0.99,cat_personalexpense_30,strong,0,rule
2026-02-09,1f6d528dba4911562384c93d99fe35da5a0fe0917ac651155de0ce33168cc601,FEB2026_BC_4040_FEB2026.csv_8,FEB2026,barclays,20-74-09 40406538,2026-02-09,-21.81,GBP,,,LIDL GB BEDFORD ST    ON 07 FEB CLP,,,0,,Contactless Card Purchase,Contactless Card Purchase,LIDL GB BEDFORD ST    ON 07 FEB CLP,,,0,,PersonalExpense,LIDL,,0.99,cat_personalexpense_30,strong,0,rule
2026-02-09,93a165c10223aa5086980d820c825f85313f76519a03f521cd176688a5580153,FEB2026_BC_4040_FEB2026.csv_9,FEB2026,barclays,20-74-09 40406538,2026-02-09,-28.3,GBP,,,MARKS&SPENCER PLC     ON 08 FEB CLP,,,0,,Contactless Card Purchase,Contactless Card Purchase,MARKS&SPENCER PLC     ON 08 FEB CLP,,,0,,PersonalExpense,M&S,,0.99,cat_personalexpense_30,strong,0,rule
2026-02-09,66737b777c8f321f95e534bb424046e72a7ab6e89d1ff65b8001199f42646d47,FEB2026_StarlingStatement_2026-02.csv_37,FEB2026,starling,60-83-71 00558156,2026-02-09,825.0,GBP,J BOTTLE,RENT,J BOTTLE RENT,FASTER PAYMENT,51776.49,,REVENUE,,REVENUE,J BOTTLE RENT J BOTTLE RENT FASTER PAYMENT,,,0,F58ALH,OurRent,,,0.99,prop_rent_F58ALH_97,strong,0,rule
2026-02-09,9e26e23de2ee509a68c10b0822942319aeddc437992d3e588964f21712a31bbf,FEB2026_StarlingStatement_2026-02.csv_38,FEB2026,starling,60-83-71 00558156,2026-02-09,-15.95,GBP,The Range,THE RANGE,The Range THE RANGE,CONTACTLESS,51760.54,,EQUIPMENT,,EQUIPMENT,The Range THE RANGE The Range THE RANGE CONTACTLESS,,,0,,OtherExpense,,,0.65,cat_otherexpense_35,catch_all,1,rule
2026-02-09,11b167c831ac486ea20e021e99deb144cffb7e49a70c1aac737b5aaa3ddba131,FEB2026_StarlingStatement_2026-02.csv_39,FEB2026,starling,60-83-71 00558156,2026-02-09,-20.0,GBP,Rocco VALENTINO TUCKER,train,Rocco VALENTINO TUCKER train,FASTER PAYMENT,51740.54,,REPAIRS_AND_MAINTENANCE,,REPAIRS_AND_MAINTENANCE,Rocco VALENTINO TUCKER train Rocco VALENTINO TUCKER train FASTER PAYMENT,,,0,,PersonalExpense,Rocco,,0.99,cat_propertyexpense_19,strong,0,rule
2026-02-09,280a06eb38ba28789dedd01712e1ed69ac68deee8b8c1e8728d517d26120ac75,FEB2026_StarlingStatement_2026-02.csv_40,FEB2026,starling,60-83-71 00558156,2026-02-09,1050.0,GBP,A Ancy Treesa Math,23 C HT  Feb RENT,A Ancy Treesa Math 23 C HT  Feb RENT,FASTER PAYMENT,52790.54,,REVENUE,,REVENUE,A Ancy Treesa Math 23 C HT  Feb RENT A Ancy Treesa Math 23 C HT  Feb RENT FASTER PAYMENT,,,0,23CHAM,OurRent,,,0.99,prop_rent_23CHAM_89,strong,0,rule
2026-02-10,040839aa897bbc2b6bc299b6e4c9f2552c3482c70b6d97baa004fffefc1b27e8,FEB2026_BC_3072_FEB2026.csv_29,FEB2026,barclays,20-53-97 30728691,2026-02-10,-352.32,GBP,,,BHAM MIDSHIRES        6092096352060000 DDR,,,184800,,Direct Debit,Direct Debit,BHAM MIDSHIRES        6092096352060000 DDR,,,0,F41214ALH,Mortgage,,,0.99,prop_mort_F41214ALH_43,strong,0,rule
2026-02-10,7a1ae1ef731be2afb50a098be4669573424d76ff6cd89dff976c21ab998337bc,FEB2026_StarlingStatement_2026-02.csv_41,FEB2026,starling,60-83-71 00558156,2026-02-10,-4.38,GBP,ALDI,ALDI STORES 776-97,ALDI ALDI STORES 776-97,CONTACTLESS,52786.16,,FOOD_AND_DRINK,,FOOD_AND_DRINK,ALDI ALDI STORES 776-97 ALDI ALDI STORES 776-97 CONTACTLESS,,,0,,PersonalExpense,ALDI,,0.99,override_20,strong,0,rule
2026-02-10,8e41860dda3f27ec4a08909e6dc05a11614799145f926106b35cc618fc7c5983,FEB2026_StarlingStatement_2026-02.csv_42,FEB2026,starling,60-83-71 00558156,2026-02-10,-13.45,GBP,Co-op,CO- OPERATIVE FOOD,Co-op CO- OPERATIVE FOOD,CONTACTLESS,52772.71,,REPAIRS_AND_MAINTENANCE,,REPAIRS_AND_MAINTENANCE,Co-op CO- OPERATIVE FOOD Co-op CO- OPERATIVE FOOD CONTACTLESS,,,0,,PersonalExpense,COOP,,0.99,cat_propertyexpense_19,strong,0,rule
2026-02-10,3342623c7c33c8a807e8621ba9da02dc9be30bb466fea254099b35f22ae287ff,FEB2026_StarlingStatement_2026-02.csv_43,FEB2026,starling,60-83-71 00558156,2026-02-10,-69.7,GBP,Waitrose & Partners,WAITROSE STORES,Waitrose & Partners WAITROSE STORES,CONTACTLESS,52703.01,,FOOD_AND_DRINK,,FOOD_AND_DRINK,Waitrose & Partners WAITROSE STORES Waitrose & Partners WAITROSE STORES CONTACTLESS,,,0,,PersonalExpense,Waitrose,,0.99,override_34,strong,0,rule
2026-02-10,462f73b19c7d27997867770ae78297ceecbc7d81fff3ec7e6e2dc550fe30f7b0,FEB2026_StarlingStatement_2026-02.csv_44,FEB2026,starling,60-83-71 00558156,2026-02-10,-23.99,GBP,Amazon Marketplace,AMZNMktplace*AO2PC3ZT5,Amazon Marketplace AMZNMktplace*AO2PC3ZT5,ONLINE PAYMENT,52679.02,,OTHER,,OTHER,Amazon Marketplace AMZNMktplace*AO2PC3ZT5 Amazon Marketplace AMZNMktplace*AO2PC3ZT5 ONLINE PAYMENT,,,0,,OtherExpense,,,0.65,cat_otherexpense_35,catch_all,1,rule
2026-02-10,f5d86e4482918dd79c5714f9c33a4617f318a6bf99a38fc0cdd49d19e9595df7,FEB2026_StarlingStatement_2026-02.csv_45,FEB2026,starling,60-83-71 00558156,2026-02-10,900.0,GBP,Brett Ricketts,"8, 8 Alhambra","Brett Ricketts 8, 8 Alhambra",FASTER PAYMENT,53579.02,,REVENUE,,REVENUE,"Brett Ricketts 8, 8 Alhambra Brett Ricketts 8, 8 Alhambra FASTER PAYMENT",,,0,F3163FRA,OurRent,,,0.99,prop_rent_F3163FRA_83,strong,0,rule
2026-02-11,bd7b1b8d4e04df8434688c5e7249de25d090257ef188e54eb36d533fad6a587e,FEB2026_BC_6045_FEB2026.csv_15,FEB2026,barclays,20-74-09 60458872,2026-02-11,-6.99,GBP,,,NOW 351F7 Entertai    ON 10 FEB BCC,,,0,,Card Purchase,Card Purchase,NOW 351F7 Entertai    ON 10 FEB BCC,,,0,,PersonalExpense,Amazon,,0.99,cat_personalexpense_30,strong,0,rule
2026-02-11,2739d6ca4f9f767aef32ccf56ff270e3fc85bc7408fa5e90cac7740058332a15,FEB2026_BC_4040_FEB2026.csv_10,FEB2026,barclays,20-74-09 40406538,2026-02-11,100.0,GBP,,,Rsa Capital Limite    food BGC,,,0,,Counter Credit,Counter Credit,Rsa Capital Limite    food BGC,,,0,,Interbank,,,0.99,override_40,strong,0,rule
2026-02-11,2c342438465c0847a5d096c0545d357c50648d1f539d9f693916691f8d33af08,FEB2026_BC_4040_FEB2026.csv_11,FEB2026,barclays,20-74-09 40406538,2026-02-11,-10.0,GBP,,,CARDTRONICS UK LTD    BP - ELSTOW INTERC11F,,,0,,Cash Withdrawal,Cash Withdrawal,CARDTRONICS UK LTD    BP - ELSTOW INTERC11F,,,0,,PersonalExpense,Cash,,0.99,cat_personalexpense_31,strong,0,rule
2026-02-11,6e3e1f655793251fe53ef9f38604baaf0db2c26478bce94c247182b714214318,FEB2026_BC_4040_FEB2026.csv_12,FEB2026,barclays,20-74-09 40406538,2026-02-11,-15.0,GBP,,,SOFIA VALENTINO-TU    DOG SHAMPOO FT,,,0,,Funds Transfer,Funds Transfer,SOFIA VALENTINO-TU    DOG SHAMPOO FT,,,0,,PersonalExpense,Sofia,,0.99,override_8,strong,0,rule
2026-02-11,acc88e8d022af285861570c9e6892ebd5904dce6d4031f504dfa20854979547f,FEB2026_BC_4040_FEB2026.csv_13,FEB2026,barclays,20-74-09 40406538,2026-02-11,-10.0,GBP,,,ROCCO VALENTINO       FOOD FT,,,0,,Funds Transfer,Funds Transfer,ROCCO VALENTINO       FOOD FT,,,0,,PersonalExpense,Rocco,,0.99,override_6,strong,0,rule
2026-02-11,fbeaa9dc31d36b66619e3420fcdc0bea85aba33f884d1be628746f111f2fbcf0,FEB2026_StarlingStatement_2026-02.csv_46,FEB2026,starling,60-83-71 00558156,2026-02-11,-8.2,GBP,Co-op,CO OPERATIVE FOOD,Co-op CO OPERATIVE FOOD,CONTACTLESS,53570.82,,REPAIRS_AND_MAINTENANCE,,REPAIRS_AND_MAINTENANCE,Co-op CO OPERATIVE FOOD Co-op CO OPERATIVE FOOD CONTACTLESS,,,0,,PersonalExpense,COOP,,0.99,cat_propertyexpense_19,strong,0,rule
2026-02-11,d10564dac864b792fa583db8cc21a14b41545b9bf0a30f018a97ef7335af8f87,FEB2026_StarlingStatement_2026-02.csv_47,FEB2026,starling,60-83-71 00558156,2026-02-11,-16.25,GBP,Marks & Spencer,MARKS&SPENCER PLC SACA,Marks & Spencer MARKS&SPENCER PLC SACA,CONTACTLESS,53554.57,,FOOD_AND_DRINK,,FOOD_AND_DRINK,Marks & Spencer MARKS&SPENCER PLC SACA Marks & Spencer MARKS&SPENCER PLC SACA CONTACTLESS,,,0,,PersonalExpense,M&S,,0.99,override_2,strong,0,rule
2026-02-11,22c557d48827e6dc38752bb8d1f92dbcfc4334a77d32a80435b1c71addd70e44,FEB2026_StarlingStatement_2026-02.csv_48,FEB2026,starling,60-83-71 00558156,2026-02-11,-100.0,GBP,Ivana  VALENTINO,food,Ivana  VALENTINO food,FASTER PAYMENT,53454.57,,REPAIRS_AND_MAINTENANCE,,REPAIRS_AND_MAINTENANCE,Ivana  VALENTINO food Ivana  VALENTINO food FASTER PAYMENT,,,0,,PersonalExpense,Ivana,,0.99,cat_propertyexpense_19,strong,0,rule
2026-02-12,2f6c6ca89485471b6327823e164957202ba9a241233741dd1c63f0933fd88d8e,FEB2026_BC_6045_FEB2026.csv_16,FEB2026,barclays,20-74-09 60458872,2026-02-12,-6.0,GBP,,,NOW FBE5B GB Basic    ON 11 FEB BCC,,,0,,Card Purchase,Card Purchase,NOW FBE5B GB Basic    ON 11 FEB BCC,,,0,,PersonalExpense,Amazon,,0.99,cat_personalexpense_30,strong,0,rule
2026-02-12,41665e2c4c148e9c7d08194cf5822ad2e1127281179ae316f1d034b1eac43af7,FEB2026_BC_3072_FEB2026.csv_30,FEB2026,barclays,20-53-97 30728691,2026-02-12,-330.57,GBP,,,BHAM MIDSHIRES        6092021491040000 DDR,,,184800,,Direct Debit,Direct Debit,BHAM MIDSHIRES        6092021491040000 DDR,,,0,F3169FAW,Mortgage,,,0.99,prop_mort_F3169FAW_11,strong,0,rule
2026-02-12,f70707382c87548e9c63cc96fc2e7bf4b5621dd5cb0d7d9bf4f7ee29c1a31b25,FEB2026_BC_3072_FEB2026.csv_31,FEB2026,barclays,20-53-97 30728691,2026-02-12,-37.68,GBP,,,AVIVA LIFE            014033997 DDR,,,990457,,Direct Debit,Direct Debit,AVIVA LIFE            014033997 DDR,,,0,,RegularPayment,,,0.99,cat_regularpayment_27,strong,0,rule
2026-02-12,418de311a22d16db1d5f8bd9450f850725e76099137dd7076c8f9cb4b431c894,FEB2026_BC_4040_FEB2026.csv_14,FEB2026,barclays,20-74-09 40406538,2026-02-12,-12.19,GBP,,,SUBWAY59825           ON 11 FEB CLP,,,0,,Contactless Card Purchase,Contactless Card Purchase,SUBWAY59825           ON 11 FEB CLP,,,0,,PersonalExpense,Coffee,,0.99,cat_personalexpense_30,strong,0,rule
2026-02-12,5364fc9cc84e8342280e959d0be21bc70491f8efff30043b79c40567cabf92ce,FEB2026_StarlingStatement_2026-02.csv_49,FEB2026,starling,60-83-71 00558156,2026-02-12,800.0,GBP,Samuel Kirwin,Rent 5 12-14 SK,Samuel Kirwin Rent 5 12-14 SK,FASTER PAYMENT,54254.57,,REVENUE,,REVENUE,Samuel Kirwin Rent 5 12-14 SK Samuel Kirwin Rent 5 12-14 SK FASTER PAYMENT,,,0,F51214ALH,OurRent,,,0.99,prop_rent_F51214ALH_107,strong,0,rule
2026-02-12,8061284ce103a97fe2f0415bd74d600ce929c95c226a3586544ffeefe05548d4,FEB2026_StarlingStatement_2026-02.csv_50,FEB2026,starling,60-83-71 00558156,2026-02-12,-5.07,GBP,Budgens,BUDGENS,Budgens BUDGENS,CONTACTLESS,54249.5,,FOOD_AND_DRINK,,FOOD_AND_DRINK,Budgens BUDGENS Budgens BUDGENS CONTACTLESS,,,0,,PersonalExpense,Budgens,,0.99,override_35,strong,0,rule
2026-02-12,7b9977e6de2d005c891e4d24c0a9b040e598068472d0ce8e21a74f3d9d43d8ca,FEB2026_StarlingStatement_2026-02.csv_51,FEB2026,starling,60-83-71 00558156,2026-02-12,-5.15,GBP,Co-op,CO OPERATIVE FOOD,Co-op CO OPERATIVE FOOD,CONTACTLESS,54244.35,,REPAIRS_AND_MAINTENANCE,,REPAIRS_AND_MAINTENANCE,Co-op CO OPERATIVE FOOD Co-op CO OPERATIVE FOOD CONTACTLESS,,,0,,PersonalExpense,COOP,,0.99,cat_propertyexpense_19,strong,0,rule
2026-02-12,36d70e61f1361b7053bed58303de6e08df25c25327bc24a1890d5da3479fda3a,FEB2026_StarlingStatement_2026-02.csv_52,FEB2026,starling,60-83-71 00558156,2026-02-12,-60.0,GBP,Sequence Uk Ca Liverpo Wirral,SEQUENCE UK CA LIVERPO,Sequence Uk Ca Liverpo Wirral SEQUENCE UK CA LIVERPO,CARD PAYMENT,54184.35,,WORKPLACE,,WORKPLACE,Sequence Uk Ca Liverpo Wirral SEQUENCE UK CA LIVERPO Sequence Uk Ca Liverpo Wirral SEQUENCE UK CA LIVERPO CARD PAYMENT,,,0,,PropertyExpense,,,0.99,override_1,strong,1,rule
2026-02-12,efeec550d26622285a7d164a520797026ea538206dd455d8808b45dab65cbe1e,FEB2026_StarlingStatement_2026-02.csv_53,FEB2026,starling,60-83-71 00558156,2026-02-12,-144.0,GBP,Premier Accountancy (UK) Limited,accounts filing,Premier Accountancy (UK) Limited accounts filing,FASTER PAYMENT,54040.35,,PROFESSIONAL_SERVICES,,PROFESSIONAL_SERVICES,Premier Accountancy (UK) Limited accounts filing Premier Accountancy (UK) Limited accounts filing FASTER PAYMENT,,,0,,OtherExpense,,,0.65,cat_otherexpense_35,catch_all,1,rule
2026-02-13,dbc486d18752a4765bb43f757a48685a474e6314e997946b6ad74851a3fd589d,FEB2026_BC_4040_FEB2026.csv_15,FEB2026,barclays,20-74-09 40406538,2026-02-13,-8.55,GBP,,,BP BEDFORD EXPRESS    ON 11 FEB CLP,,,0,,Contactless Card Purchase,Contactless Card Purchase,BP BEDFORD EXPRESS    ON 11 FEB CLP,,,0,,PersonalExpense,Garage,,0.99,cat_personalexpense_30,strong,0,rule
2026-02-13,b8530e7dbb1a0fcca3a7ea37d8c8939aeeccfd547b6650e99cc0ac84503f1382,FEB2026_BC_4040_FEB2026.csv_16,FEB2026,barclays,20-74-09 40406538,2026-02-13,-16.5,GBP,,,BP NEWHAM AVENUE C    ON 11 FEB CLP,,,0,,Contactless Card Purchase,Contactless Card Purchase,BP NEWHAM AVENUE C    ON 11 FEB CLP,,,0,,PersonalExpense,Garage,,0.99,cat_personalexpense_30,strong,0,rule
2026-02-13,8db13f687f24a3b74f51030086a9cee04beef8032c6963cad4c3d2cfbec9f7a7,FEB2026_BC_4040_FEB2026.csv_17,FEB2026,barclays,20-74-09 40406538,2026-02-13,-5.7,GBP,,,CO OPERATIVE FOOD     ON 12 FEB CLP,,,0,,Contactless Card Purchase,Contactless Card Purchase,CO OPERATIVE FOOD     ON 12 FEB CLP,,,0,,PersonalExpense,COOP,,0.99,cat_personalexpense_30,strong,0,rule
2026-02-13,3c991844664a4e94e733e2eb2307a1512cb653a94ec2a5f5cbd6988e3bb02cf2,FEB2026_BC_4040_FEB2026.csv_18,FEB2026,barclays,20-74-09 40406538,2026-02-13,-19.95,GBP,,,CO OPERATIVE FOOD     ON 12 FEB CLP,,,0,,Contactless Card Purchase,Contactless Card Purchase,CO OPERATIVE FOOD     ON 12 FEB CLP,,,0,,PersonalExpense,COOP,,0.99,cat_personalexpense_30,strong,0,rule
2026-02-13,b012f201745977f4e41bf925e9dd4db9aeecf651836e2014110e1f9a44b33817,FEB2026_StarlingStatement_2026-02.csv_54,FEB2026,starling,60-83-71 00558156,2026-02-13,850.0,GBP,Lucinda Francis,"7, 8 Alhambra Road","Lucinda Francis 7, 8 Alhambra Road",FASTER PAYMENT,54890.35,,REVENUE,,REVENUE,"Lucinda Francis 7, 8 Alhambra Road Lucinda Francis 7, 8 Alhambra Road FASTER PAYMENT",,,0,F78ALH,OurRent,,,0.99,prop_rent_F78ALH_99,strong,0,rule
2026-02-13,4a5e52fc0946258cd0f2244045976a1c8d506401d2562b7d75dd5a48a95b469f,FEB2026_StarlingStatement_2026-02.csv_55,FEB2026,starling,60-83-71 00558156,2026-02-13,-16.0,GBP,Halfords,HALFORDS 0887,Halfords HALFORDS 0887,CONTACTLESS,54874.35,,EQUIPMENT,,EQUIPMENT,Halfords HALFORDS 0887 Halfords HALFORDS 0887 CONTACTLESS,,,0,,OtherExpense,,,0.65,cat_otherexpense_35,catch_all,1,rule
2026-02-13,08480ab18a3d3e58b4265c17a4a11e0d9753e947810afc8156364463cb57dd9b,FEB2026_StarlingStatement_2026-02.csv_56,FEB2026,starling,60-83-71 00558156,2026-02-13,-2.99,GBP,Home Bargains,HOME BARGAINS,Home Bargains HOME BARGAINS,CONTACTLESS,54871.36,,EQUIPMENT,,EQUIPMENT,Home Bargains HOME BARGAINS Home Bargains HOME BARGAINS CONTACTLESS,,,0,,PersonalExpense,Household,,0.99,override_12,strong,0,rule
2026-02-13,f10f4013d3cf1104ff45ae3d0d3ec98ea9eba8927bcff4b4ba7b40c46b414e2b,FEB2026_StarlingStatement_2026-02.csv_57,FEB2026,starling,60-83-71 00558156,2026-02-13,-18.1,GBP,Peter Taperek,1171  fawc varnish,Peter Taperek 1171  fawc varnish,FASTER PAYMENT,54853.26,,REPAIRS_AND_MAINTENANCE,,REPAIRS_AND_MAINTENANCE,Peter Taperek 1171  fawc varnish Peter Taperek 1171  fawc varnish FASTER PAYMENT,,,0,F1171FAW,PropertyExpense,,,0.99,prop_rent_F1171FAW_79,strong,0,rule
2026-02-13,be940da0e2ab4f2c851c3488aae9b70cb6e0f38d2843f6664bc3d6f0635e444d,FEB2026_StarlingStatement_2026-02.csv_58,FEB2026,starling,60-83-71 00558156,2026-02-13,825.0,GBP,SAMRAT M,"16,12-14 Alhambra","SAMRAT M 16,12-14 Alhambra",FASTER PAYMENT,55678.26,,REVENUE,,REVENUE,"SAMRAT M 16,12-14 Alhambra SAMRAT M 16,12-14 Alhambra FASTER PAYMENT",,,0,F161214ALH,OurRent,,,0.99,prop_rent_F161214ALH_104,strong,0,rule
2026-02-14,bed48a82fb48d838101b57d73725f0bf8b56cf99b226fad23080bbeee777653d,FEB2026_StarlingStatement_2026-02.csv_59,FEB2026,starling,60-83-71 00558156,2026-02-14,900.0,GBP,Lauren Bullock,LBULLOCK-17-Alhamb,Lauren Bullock LBULLOCK-17-Alhamb,FASTER PAYMENT,56578.26,,REVENUE,,REVENUE,Lauren Bullock LBULLOCK-17-Alhamb Lauren Bullock LBULLOCK-17-Alhamb FASTER PAYMENT,,,0,F1746ALH,OurRent,,,0.99,prop_rent_F1746ALH_90,strong,0,rule
2026-02-14,10892da24bd64ccb809a3b663e7928ebf1d41eee7b81725826667333571fcec5,FEB2026_StarlingStatement_2026-02.csv_60,FEB2026,starling,60-83-71 00558156,2026-02-14,-8.99,GBP,Amazon Marketplace,AMZNMktplace*PR58A4HA5,Amazon Marketplace AMZNMktplace*PR58A4HA5,ONLINE PAYMENT,56569.27,,OTHER,,OTHER,Amazon Marketplace AMZNMktplace*PR58A4HA5 Amazon Marketplace AMZNMktplace*PR58A4HA5 ONLINE PAYMENT,,,0,,OtherExpense,,,0.65,cat_otherexpense_35,catch_all,1,rule
2026-02-14,068218b01a721fc20267485af93d79a5af4b2a0648ebf3a0f0b72578c9780cd8,FEB2026_StarlingStatement_2026-02.csv_61,FEB2026,starling,60-83-71 00558156,2026-02-14,-275.0,GBP,Jijo George,14 31214 flooring,Jijo George 14 31214 flooring,FASTER PAYMENT,56294.27,,REPAIRS_AND_MAINTENANCE,,REPAIRS_AND_MAINTENANCE,Jijo George 14 31214 flooring Jijo George 14 31214 flooring FASTER PAYMENT,,,0,F31214ALH,PropertyExpense,,,0.99,prop_rent_F31214ALH_67,strong,0,rule
2026-02-14,d86713058d02010990e5448cb9b391b6eeded34513de7e2951bfddd7af00b990,FEB2026_StarlingStatement_2026-02.csv_62,FEB2026,starling,60-83-71 00558156,2026-02-14,850.0,GBP,Lucy Morton-Scott,"Flat 11, 12-14","Lucy Morton-Scott Flat 11, 12-14",FASTER PAYMENT,57144.27,,REVENUE,,REVENUE,"Lucy Morton-Scott Flat 11, 12-14 Lucy Morton-Scott Flat 11, 12-14 FASTER PAYMENT",,,0,F111214ALH,OurRent,,,0.99,prop_rent_F111214ALH_102,strong,0,rule
2026-02-14,c2831a86ab799c3c07a37d914eb19b5c72ceea48e84fe23c2e46d6a5647b3b67,FEB2026_StarlingStatement_2026-02.csv_63,FEB2026,starling,60-83-71 00558156,2026-02-14,-6.6,GBP,Co-op,CO OPERATIVE FOOD,Co-op CO OPERATIVE FOOD,CONTACTLESS,57137.67,,REPAIRS_AND_MAINTENANCE,,REPAIRS_AND_MAINTENANCE,Co-op CO OPERATIVE FOOD Co-op CO OPERATIVE FOOD CONTACTLESS,,,0,,PersonalExpense,COOP,,0.99,cat_propertyexpense_19,strong,0,rule
2026-02-14,8ed76ef031fd8464c85c31fe1dca54cfdfd7f50655379a9244237758ee0b47d3,FEB2026_StarlingStatement_2026-02.csv_64,FEB2026,starling,60-83-71 00558156,2026-02-14,-34.3,GBP,Marks & Spencer,MARKS&SPENCER PLC SACA,Marks & Spencer MARKS&SPENCER PLC SACA,CONTACTLESS,57103.37,,FOOD_AND_DRINK,,FOOD_AND_DRINK,Marks & Spencer MARKS&SPENCER PLC SACA Marks & Spencer MARKS&SPENCER PLC SACA CONTACTLESS,,,0,,PersonalExpense,M&S,,0.99,override_2,strong,0,rule
2026-02-14,f69d53df771d805a3f3b3142bb4cf05287c69f9e73af5c393eaf8785cb9152dd,FEB2026_StarlingStatement_2026-02.csv_65,FEB2026,starling,60-83-71 00558156,2026-02-14,-100.0,GBP,Ivana  VALENTINO,food,Ivana  VALENTINO food,FASTER PAYMENT,57003.37,,REPAIRS_AND_MAINTENANCE,,REPAIRS_AND_MAINTENANCE,Ivana  VALENTINO food Ivana  VALENTINO food FASTER PAYMENT,,,0,,PersonalExpense,Ivana,,0.99,cat_propertyexpense_19,strong,0,rule
2026-02-14,a673df8585e077c779be82bdd8dc795550dded0df052be226207fb1b33ec289d,FEB2026_StarlingStatement_2026-02.csv_66,FEB2026,starling,60-83-71 00558156,2026-02-14,-35.0,GBP,Jijo George,41214 gas,Jijo George 41214 gas,FASTER PAYMENT,56968.37,,REPAIRS_AND_MAINTENANCE,,REPAIRS_AND_MAINTENANCE,Jijo George 41214 gas Jijo George 41214 gas FASTER PAYMENT,,,0,F41214ALH,PropertyExpense,,,0.99,prop_rent_F41214ALH_66,strong,0,rule
2026-02-15,d5797aec326239fe18ff1c49c5a339d6406d7652930a3bd8c4945d783999a7e5,FEB2026_StarlingStatement_2026-02.csv_67,FEB2026,starling,60-83-71 00558156,2026-02-15,-1280.12,GBP,Ivana Valentino 3072,mortgages,Ivana Valentino 3072 mortgages,FASTER PAYMENT,55688.25,,INTEREST_PAYMENTS,,INTEREST_PAYMENTS,Ivana Valentino 3072 mortgages Ivana Valentino 3072 mortgages FASTER PAYMENT,,,0,,MortgageRefund,Ivana,,0.99,cat_mortgagerefund_15,strong,0,rule
2026-02-16,00ac0b8a11eaa3325b1babfeb15553eb9edf4073423cbbe247cf3390ebdfb119,FEB2026_BC_6045_FEB2026.csv_17,FEB2026,barclays,20-74-09 60458872,2026-02-16,-21.99,GBP,,,Spotify Limited       ON 13 FEB BCC,,,0,,Card Purchase,Card Purchase,Spotify Limited       ON 13 FEB BCC,,,0,,RegularPayment,,,0.99,cat_regularpayment_26,strong,0,rule
2026-02-16,8efd8217f77afe44971241e0dba89c3b424f18236eda8cb5338eb865cab80e0e,FEB2026_BC_3072_FEB2026.csv_32,FEB2026,barclays,20-53-97 30728691,2026-02-16,1280.12,GBP,,,Rsa Capital Limite    mortgages BGC,,,0,,Counter Credit,Counter Credit,Rsa Capital Limite    mortgages BGC,,,0,,Interbank,,,0.99,override_40,strong,0,rule
2026-02-16,1c11b57a119e34e033c6e72ff7ef5e4d09620ce283ea54c85447076e9fb74efc,FEB2026_BC_3072_FEB2026.csv_33,FEB2026,barclays,20-53-97 30728691,2026-02-16,-457.62,GBP,,,TOPAZ FIN JASPER      PRU00010/190778206 DD,,,169547,,Direct Debit,Direct Debit,TOPAZ FIN JASPER      PRU00010/190778206 DD,,,0,F51214ALH,Mortgage,,,0.99,prop_mort_F51214ALH_44,strong,0,rule
2026-02-16,04a4624f4bb60296b96b1ca0a9e8c633423f070535bf814850bfe2213f78b67f,FEB2026_BC_3072_FEB2026.csv_34,FEB2026,barclays,20-53-97 30728691,2026-02-16,-457.7,GBP,,,TOPAZ FIN JASPER      PRU00010/190812705 DD,,,169547,,Direct Debit,Direct Debit,TOPAZ FIN JASPER      PRU00010/190812705 DD,,,0,F31214ALH,Mortgage,,,0.99,prop_mort_F31214ALH_41,strong,0,rule
2026-02-16,8f507bb74b291617510ee292c666b1dbb13720733488950133ea6406f5b9cdf1,FEB2026_BC_3072_FEB2026.csv_35,FEB2026,barclays,20-53-97 30728691,2026-02-16,-457.54,GBP,,,TOPAZ FIN JASPER      PRU00010/190859506 DD,,,169547,,Direct Debit,Direct Debit,TOPAZ FIN JASPER      PRU00010/190859506 DD,,,0,F71618ALH,Mortgage,,,0.99,prop_mort_F71618ALH_53,strong,0,rule
2026-02-16,8882783bb5b3e394e0284ad940eb7a18dd961afd45a4453e5e78e9969080d293,FEB2026_BC_3072_FEB2026.csv_36,FEB2026,barclays,20-53-97 30728691,2026-02-16,-457.64,GBP,,,TOPAZ FIN JASPER      PRU00010/190885105 DD,,,169547,,Direct Debit,Direct Debit,TOPAZ FIN JASPER      PRU00010/190885105 DD,,,0,F101214ALH,Mortgage,,,0.99,prop_mort_F101214ALH_47,strong,0,rule
2026-02-16,06729a07c60ccfc4c698fb3fe4065be123fd18a7085e390e759d1fdbc16ea3c4,FEB2026_BC_3072_FEB2026.csv_37,FEB2026,barclays,20-53-97 30728691,2026-02-16,-473.51,GBP,,,TOPAZ FIN JASPER      PRU00010/190885203 DD,,,169547,,Direct Debit,Direct Debit,TOPAZ FIN JASPER      PRU00010/190885203 DD,,,0,F161214ALH,Mortgage,,,0.99,prop_mort_F161214ALH_49,strong,0,rule
2026-02-16,3cb6d6a268023468e0d7c80e8c1b36125e75a22463f66dcfb8cf48907f0663fe,FEB2026_BC_3072_FEB2026.csv_38,FEB2026,barclays,20-53-97 30728691,2026-02-16,-473.51,GBP,,,TOPAZ FIN JASPER      PRU00010/190892600 DD,,,169547,,Direct Debit,Direct Debit,TOPAZ FIN JASPER      PRU00010/190892600 DD,,,0,F161618ALH,Mortgage,,,0.99,prop_mort_F161618ALH_57,strong,0,rule
2026-02-16,708cda9bd6e3fec6815d568e14c5f9a94b7c805aa7755de96605229d114b466d,FEB2026_BC_3072_FEB2026.csv_39,FEB2026,barclays,20-53-97 30728691,2026-02-16,-457.54,GBP,,,TOPAZ FIN JASPER      PRU00010/190959705 DD,,,169547,,Direct Debit,Direct Debit,TOPAZ FIN JASPER      PRU00010/190959705 DD,,,0,F121618ALH,Mortgage,,,0.99,prop_mort_F121618ALH_55,strong,0,rule
2026-02-16,9a090897e3625fff99406a8f1cc835acf2a6d5dae0e031901b01b79077707191,FEB2026_BC_3072_FEB2026.csv_40,FEB2026,barclays,20-53-97 30728691,2026-02-16,-513.03,GBP,,,TOPAZ RE ROSINCA      ROW20004/560471505 DD,,,169548,,Direct Debit,Direct Debit,TOPAZ RE ROSINCA      ROW20004/560471505 DD,,,0,F1946ALH,Mortgage,,,0.99,prop_mort_F1946ALH_63,strong,0,rule
2026-02-16,f707acd2bd4f20068c4dcaee800663fe99090d5e2e179bb2fbba530f1f229b2d,FEB2026_BC_3072_FEB2026.csv_41,FEB2026,barclays,20-53-97 30728691,2026-02-16,-431.51,GBP,,,TOPAZ RE ROSINCA      ROW20004/560470501 DD,,,169548,,Direct Debit,Direct Debit,TOPAZ RE ROSINCA      ROW20004/560470501 DD,,,0,F68ALH,Mortgage,,,0.99,prop_mort_F68ALH_64,strong,0,rule
2026-02-16,e64601299c8a29ae8456a55a55f1078fb49c89f284851b1644a856daacc9c065,FEB2026_BC_3072_FEB2026.csv_42,FEB2026,barclays,20-53-97 30728691,2026-02-16,-431.51,GBP,,,TOPAZ RE ROSINCA      ROW20004/560470610 DD,,,169548,,Direct Debit,Direct Debit,TOPAZ RE ROSINCA      ROW20004/560470610 DD,,,0,F78ALH,Mortgage,,,0.99,prop_mort_F78ALH_62,strong,0,rule
2026-02-16,541ecc5ea420bf821ce039901a2eff60159764cb546b85b63ea28cd7ba2a3e26,FEB2026_BC_3072_FEB2026.csv_43,FEB2026,barclays,20-53-97 30728691,2026-02-16,-34.18,GBP,,,BHAM MIDSHIRES        6792116720030000 DDR,,,184800,,Direct Debit,Direct Debit,BHAM MIDSHIRES        6792116720030000 DDR,,,0,F2321LON,Mortgage,,,0.99,prop_mort_F2321LON_5,strong,0,rule
2026-02-16,8804dd4fcac4be7ed29596862fa52e3f084370bb4e3bba6d78861aa7d4f0581a,FEB2026_BC_3072_FEB2026.csv_44,FEB2026,barclays,20-53-97 30728691,2026-02-16,-548.18,GBP,,,BHAM MIDSHIRES        6092045443050000 DDR,,,184800,,Direct Debit,Direct Debit,BHAM MIDSHIRES        6092045443050000 DDR,,,0,23BHAM,Mortgage,,,0.99,prop_mort_23BHAM_27,strong,0,rule
2026-02-16,edeba660da7d28c1f9600a24cee7c6baa46e61331543d0efca39ab8a2ceb3dc3,FEB2026_BC_3072_FEB2026.csv_45,FEB2026,barclays,20-53-97 30728691,2026-02-16,5193.47,GBP,,,Rsa Capital Limite    mortgages BGC,,,0,,Counter Credit,Counter Credit,Rsa Capital Limite    mortgages BGC,,,0,,Interbank,,,0.99,override_40,strong,0,rule
2026-02-16,056edfc169cb800646260aade2bc549b59259d8c26986fb5f3c2a723f3cce569,FEB2026_BC_4040_FEB2026.csv_19,FEB2026,barclays,20-74-09 40406538,2026-02-16,100.0,GBP,,,Rsa Capital Limite    food BGC,,,0,,Counter Credit,Counter Credit,Rsa Capital Limite    food BGC,,,0,,Interbank,,,0.99,override_40,strong,0,rule
2026-02-16,57e0885c0deb324e728b5ce118a7cd10f5fa674af54530918853878b044c8cce,FEB2026_BC_4040_FEB2026.csv_20,FEB2026,barclays,20-74-09 40406538,2026-02-16,-13.0,GBP,,,ALESSIO VALENTINO-    FROM MUMMY FT,,,0,,Funds Transfer,Funds Transfer,ALESSIO VALENTINO-    FROM MUMMY FT,,,0,,PersonalExpense,Alessio,,0.99,override_7,strong,0,rule
2026-02-16,7e518df85388908caaae449becb20ddd709eb44b3f2e616ee5ce570057d34f08,FEB2026_BC_4040_FEB2026.csv_21,FEB2026,barclays,20-74-09 40406538,2026-02-16,-25.9,GBP,,,CO OPERATIVE FOOD     ON 14 FEB CLP,,,0,,Contactless Card Purchase,Contactless Card Purchase,CO OPERATIVE FOOD     ON 14 FEB CLP,,,0,,PersonalExpense,COOP,,0.99,cat_personalexpense_30,strong,0,rule
2026-02-16,b1e65320b1f843a99305772831d6acca6c746f93a664083525ad2064e771d19a,FEB2026_BC_4040_FEB2026.csv_22,FEB2026,barclays,20-74-09 40406538,2026-02-16,-59.95,GBP,,,Moss BEDFORD          ON 14 FEB CLP,,,0,,Contactless Card Purchase,Contactless Card Purchase,Moss BEDFORD          ON 14 FEB CLP,,,0,,PersonalExpense,Clothing,,0.99,cat_personalexpense_30,strong,0,rule
2026-02-16,11f10de0a51d8e0155c54a7e94f53441538360b01e8f28b75131bb516aef913b,FEB2026_StarlingStatement_2026-02.csv_68,FEB2026,starling,60-83-71 00558156,2026-02-16,975.0,GBP,P Saunyama,196B KING,P Saunyama 196B KING,FASTER PAYMENT,56663.25,,REVENUE,,REVENUE,P Saunyama 196B KING P Saunyama 196B KING FASTER PAYMENT,,,0,196AKIN,OurRent,,,0.99,prop_rent_196AKIN_86,strong,0,rule
2026-02-16,27da37b5a9031ff8ab3df9662533ceaf7a716b10adb3313b96124b94ba6458cd,FEB2026_StarlingStatement_2026-02.csv_69,FEB2026,starling,60-83-71 00558156,2026-02-16,-5193.47,GBP,Ivana Valentino 3072,mortgages,Ivana Valentino 3072 mortgages,FASTER PAYMENT,51469.78,,INTEREST_PAYMENTS,,INTEREST_PAYMENTS,Ivana Valentino 3072 mortgages Ivana Valentino 3072 mortgages FASTER PAYMENT,,,0,,MortgageRefund,Ivana,,0.99,cat_mortgagerefund_15,strong,0,rule
2026-02-17,6a518cfbf36b6efab96893e0ef5a9d6d4f550678e4c995bb9757837c7a47ce9c,FEB2026_BC_4040_FEB2026.csv_23,FEB2026,barclays,20-74-09 40406538,2026-02-17,100.0,GBP,,,Rsa Capital Limite    food BGC,,,0,,Counter Credit,Counter Credit,Rsa Capital Limite    food BGC,,,0,,Interbank,,,0.99,override_40,strong,0,rule
2026-02-17,17913368efde8b7fb2dba013f8b50a3738368e95a1f3683c3df5a520eb604155,FEB2026_BC_4040_FEB2026.csv_24,FEB2026,barclays,20-74-09 40406538,2026-02-17,-30.0,GBP,,,SOFIA VALENTINO-TU    FOOD FT,,,0,,Funds Transfer,Funds Transfer,SOFIA VALENTINO-TU    FOOD FT,,,0,,PersonalExpense,Sofia,,0.99,override_8,strong,0,rule
2026-02-17,01855420f1fe72ba88e5ffd60198fd5d59495529af70e8ed2f0c67d9402b8566,FEB2026_StarlingStatement_2026-02.csv_70,FEB2026,starling,60-83-71 00558156,2026-02-17,-70.45,GBP,New County Service Sta,NEW COUNTY SERVICE STA,New County Service Sta NEW COUNTY SERVICE STA,CONTACTLESS,51399.33,,VEHICLES,,VEHICLES,New County Service Sta NEW COUNTY SERVICE STA New County Service Sta NEW COUNTY SERVICE STA CONTACTLESS,,,0,,PersonalExpense,Garage,,0.99,override_5,strong,0,rule
2026-02-17,681374123db106405cc459b35d55babe90350b14b687acf014dbfde7078e3390,FEB2026_StarlingStatement_2026-02.csv_71,FEB2026,starling,60-83-71 00558156,2026-02-17,1000.0,GBP,UVAROV S,20 4-6 UVAROV,UVAROV S 20 4-6 UVAROV,FASTER PAYMENT,52399.33,,REVENUE,,REVENUE,UVAROV S 20 4-6 UVAROV UVAROV S 20 4-6 UVAROV FASTER PAYMENT,,,0,F2046ALH,OurRent,,,0.99,prop_rent_F2046ALH_93,strong,0,rule
2026-02-17,901b0c1a0991424414b5978641d08522a9df13729df97ca9c8bf1d42c96f9a07,FEB2026_StarlingStatement_2026-02.csv_72,FEB2026,starling,60-83-71 00558156,2026-02-17,30.0,GBP,UVAROV S,20 4-6 UVAROV,UVAROV S 20 4-6 UVAROV,FASTER PAYMENT,52429.33,,REVENUE,,REVENUE,UVAROV S 20 4-6 UVAROV UVAROV S 20 4-6 UVAROV FASTER PAYMENT,,,0,F2046ALH,OurRent,,,0.99,prop_rent_F2046ALH_93,strong,0,rule
2026-02-17,3181535d14f979a8d127860a6824dd012379d17598c24bf7590de9ea56fe1541,FEB2026_StarlingStatement_2026-02.csv_73,FEB2026,starling,60-83-71 00558156,2026-02-17,-100.0,GBP,Ivana  VALENTINO,food,Ivana  VALENTINO food,FASTER PAYMENT,52329.33,,REPAIRS_AND_MAINTENANCE,,REPAIRS_AND_MAINTENANCE,Ivana  VALENTINO food Ivana  VALENTINO food FASTER PAYMENT,,,0,,PersonalExpense,Ivana,,0.99,cat_propertyexpense_19,strong,0,rule
2026-02-17,1773f56b44453f2a9ff72ad0ef2b703d67b3224793ab5c43df0c61abb0a6a3f3,FEB2026_StarlingStatement_2026-02.csv_74,FEB2026,starling,60-83-71 00558156,2026-02-17,-31.9,GBP,Marks & Spencer,MARKS&SPENCER PLC,Marks & Spencer MARKS&SPENCER PLC,CHIP & PIN,52297.43,,FOOD_AND_DRINK,,FOOD_AND_DRINK,Marks & Spencer MARKS&SPENCER PLC Marks & Spencer MARKS&SPENCER PLC CHIP & PIN,,,0,,PersonalExpense,M&S,,0.99,override_2,strong,0,rule
2026-02-17,d6bdfedc69e66ef016da39d5651c59a0f1191e89ec72b0e18d5b80c551639a62,FEB2026_StarlingStatement_2026-02.csv_75,FEB2026,starling,60-83-71 00558156,2026-02-17,-18.5,GBP,Marks & Spencer,MARKS&SPENCER PLC,Marks & Spencer MARKS&SPENCER PLC,CONTACTLESS,52278.93,,FOOD_AND_DRINK,,FOOD_AND_DRINK,Marks & Spencer MARKS&SPENCER PLC Marks & Spencer MARKS&SPENCER PLC CONTACTLESS,,,0,,PersonalExpense,M&S,,0.99,override_2,strong,0,rule
2026-02-17,5cb252625463216661c634a1e4605d6f3aab43f47c93f57dc4c33aba0c868ab9,FEB2026_StarlingStatement_2026-02.csv_76,FEB2026,starling,60-83-71 00558156,2026-02-17,-6.05,GBP,Marks & Spencer,MARKS&SPENCER PLC,Marks & Spencer MARKS&SPENCER PLC,CONTACTLESS,52272.88,,FOOD_AND_DRINK,,FOOD_AND_DRINK,Marks & Spencer MARKS&SPENCER PLC Marks & Spencer MARKS&SPENCER PLC CONTACTLESS,,,0,,PersonalExpense,M&S,,0.99,override_2,strong,0,rule
2026-02-17,455372d2aad8494686a1a7988ad8b34c7f357194692539226e559fc4c6a3ece4,FEB2026_StarlingStatement_2026-02.csv_77,FEB2026,starling,60-83-71 00558156,2026-02-17,775.0,GBP,R Chowdhury,FLAT RENT,R Chowdhury FLAT RENT,FASTER PAYMENT,53047.88,,REVENUE,,REVENUE,R Chowdhury FLAT RENT R Chowdhury FLAT RENT FASTER PAYMENT,,,0,F1321LON,OurRent,,,0.99,prop_rent_F1321LON_71,strong,0,rule
2026-02-18,5e46103651eabeb3d38f799a728857ee110848a7764cfcd41ff322bbe423acf7,FEB2026_BC_6045_FEB2026.csv_18,FEB2026,barclays,20-74-09 60458872,2026-02-18,-18.99,GBP,,,PAYPAL PAYMENT        5CM22229DF5GW DDR,,,679848,,Direct Debit,Direct Debit,PAYPAL PAYMENT        5CM22229DF5GW DDR,,,0,,RegularPayment,,,0.99,cat_regularpayment_27,strong,0,rule
2026-02-18,d4b827e7c2f581a46d56870bdc4a0ee5946bede35d92c9b5abbe79a7e5fecd87,FEB2026_BC_3072_FEB2026.csv_46,FEB2026,barclays,20-53-97 30728691,2026-02-18,-341.79,GBP,,,BHAM MIDSHIRES        6092042862000000 DDR,,,184800,,Direct Debit,Direct Debit,BHAM MIDSHIRES        6092042862000000 DDR,,,0,F2321LON,Mortgage,,,0.99,prop_mort_F2321LON_3,strong,0,rule
2026-02-18,d468431458e53b4fd7beb834b96ca29d7d4343a7442a5aa199af1a9be10594fd,FEB2026_StarlingStatement_2026-02.csv_78,FEB2026,starling,60-83-71 00558156,2026-02-18,980.0,GBP,GONGORA OLIVA J,FLAT 22 4-6 ALHAMB,GONGORA OLIVA J FLAT 22 4-6 ALHAMB,FASTER PAYMENT,54027.88,,REVENUE,,REVENUE,GONGORA OLIVA J FLAT 22 4-6 ALHAMB GONGORA OLIVA J FLAT 22 4-6 ALHAMB FASTER PAYMENT,,,0,F2246ALH,OurRent,,,0.99,prop_rent_F2246ALH_95,strong,0,rule
2026-02-18,ae02988c8e860dcc4761ba60d04ef51dccf11fa16668df6dad61ec3ff6636fed,FEB2026_StarlingStatement_2026-02.csv_79,FEB2026,starling,60-83-71 00558156,2026-02-18,-10.0,GBP,Ampthill Dental Practi,AMPTHILL DENTAL PRACTI,Ampthill Dental Practi AMPTHILL DENTAL PRACTI,CONTACTLESS,54017.88,,PROFESSIONAL_SERVICES,,PROFESSIONAL_SERVICES,Ampthill Dental Practi AMPTHILL DENTAL PRACTI Ampthill Dental Practi AMPTHILL DENTAL PRACTI CONTACTLESS,,,0,,OtherExpense,,,0.65,cat_otherexpense_35,catch_all,1,rule
2026-02-18,50dbc39a246b0b7c9ec3e45bcecfbeeb442ece8d64f3af8b1c9ab549a726e78d,FEB2026_StarlingStatement_2026-02.csv_80,FEB2026,starling,60-83-71 00558156,2026-02-18,-100.6,GBP,Tesco,TESCO STORES 2547,Tesco TESCO STORES 2547,CHIP & PIN,53917.28,,FOOD_AND_DRINK,,FOOD_AND_DRINK,Tesco TESCO STORES 2547 Tesco TESCO STORES 2547 CHIP & PIN,,,0,,PersonalExpense,Tesco,,0.99,override_9,strong,0,rule
2026-02-18,565e6d4a862e9b3f1808f2684ad5775042c4b3d6e47a5522a6820cf32d77394a,FEB2026_StarlingStatement_2026-02.csv_81,FEB2026,starling,60-83-71 00558156,2026-02-18,-27.93,GBP,ALDI,ALDI STORES,ALDI ALDI STORES,CONTACTLESS,53889.35,,FOOD_AND_DRINK,,FOOD_AND_DRINK,ALDI ALDI STORES ALDI ALDI STORES CONTACTLESS,,,0,,PersonalExpense,ALDI,,0.99,override_20,strong,0,rule
2026-02-19,bcec39af3dddd325fceb6310f08043294002f61fe8f3b01de787cb432a9613b9,FEB2026_BC_4040_FEB2026.csv_25,FEB2026,barclays,20-74-09 40406538,2026-02-19,-20.0,GBP,,,SOFIA VALENTINO-TU    FOOD FT,,,0,,Funds Transfer,Funds Transfer,SOFIA VALENTINO-TU    FOOD FT,,,0,,PersonalExpense,Sofia,,0.99,override_8,strong,0,rule
2026-02-19,c7f0a77e4ce885f48dd9857fa924e0c9df3acadabcddcbc1ceab1d3ce859d034,FEB2026_BC_4040_FEB2026.csv_26,FEB2026,barclays,20-74-09 40406538,2026-02-19,-11.25,GBP,,,CO OPERATIVE FOOD     ON 18 FEB CLP,,,0,,Contactless Card Purchase,Contactless Card Purchase,CO OPERATIVE FOOD     ON 18 FEB CLP,,,0,,PersonalExpense,COOP,,0.99,cat_personalexpense_30,strong,0,rule
2026-02-19,b505da17dcd2e76f7bbe6b7bedfcfc4fdf563f98ea806ae083bdf91e4bf46a1a,FEB2026_BC_4040_FEB2026.csv_27,FEB2026,barclays,20-74-09 40406538,2026-02-19,-36.9,GBP,,,MARKS&SPENCER PLC     ON 18 FEB CLP,,,0,,Contactless Card Purchase,Contactless Card Purchase,MARKS&SPENCER PLC     ON 18 FEB CLP,,,0,,PersonalExpense,M&S,,0.99,cat_personalexpense_30,strong,0,rule
2026-02-19,dd3675b36463f5901f020756a19bb392bd1bc0bbdc124f7e34a9ea0317037850,FEB2026_StarlingStatement_2026-02.csv_82,FEB2026,starling,60-83-71 00558156,2026-02-19,-110.0,GBP,Dunelm,Dunelm F0550,Dunelm Dunelm F0550,CHIP & PIN,53779.35,,REPAIRS_AND_MAINTENANCE,,REPAIRS_AND_MAINTENANCE,Dunelm Dunelm F0550 Dunelm Dunelm F0550 CHIP & PIN,,,0,,PropertyExpense,,,0.99,cat_propertyexpense_19,strong,1,rule
2026-02-19,224c0e7ac80b098e50545d18d24831e734dfbcc7cc455116e8329f1bfb96b766,FEB2026_StarlingStatement_2026-02.csv_83,FEB2026,starling,60-83-71 00558156,2026-02-19,-400.0,GBP,J A Defty,102 1171 plaster,J A Defty 102 1171 plaster,FASTER PAYMENT,53379.35,,REPAIRS_AND_MAINTENANCE,,REPAIRS_AND_MAINTENANCE,J A Defty 102 1171 plaster J A Defty 102 1171 plaster FASTER PAYMENT,,,0,F1171FAW,PropertyExpense,,,0.99,prop_rent_F1171FAW_79,strong,0,rule
2026-02-20,a1da6cf230dba8d065a70400ddebc92b526f0c314c9333340c6577469cfb98c9,FEB2026_BC_3072_FEB2026.csv_47,FEB2026,barclays,20-53-97 30728691,2026-02-20,-10.0,GBP,,,ID MOBILE LIMITED     11245718/001 DDR,,,298372,,Direct Debit,Direct Debit,ID MOBILE LIMITED     11245718/001 DDR,,,0,,RegularPayment,,,0.99,cat_regularpayment_27,strong,0,rule
2026-02-20,0023edf8e4b9067fa13a6162ee0b346bc759e29d00c8b1d6faf0a4d55c3c7f01,FEB2026_BC_4040_FEB2026.csv_28,FEB2026,barclays,20-74-09 40406538,2026-02-20,-6.0,GBP,,,ALESSIO VALENTINO-    FROM MUMMY FT,,,0,,Funds Transfer,Funds Transfer,ALESSIO VALENTINO-    FROM MUMMY FT,,,0,,PersonalExpense,Alessio,,0.99,override_7,strong,0,rule
2026-02-20,331529640f5f22222886bcbe17b6de7f82c5ae37adacea148032db332d41174d,FEB2026_StarlingStatement_2026-02.csv_84,FEB2026,starling,60-83-71 00558156,2026-02-20,695.0,GBP,Brett,000000003621821188,Brett 000000003621821188,DIRECT CREDIT,54074.35,,REVENUE,,REVENUE,Brett 000000003621821188 Brett 000000003621821188 DIRECT CREDIT,,,0,F3163FRA,OurRent,,,0.99,prop_rent_F3163FRA_83,strong,0,rule
2026-02-20,989edf7c0481a53b154a6691893922af85824a38aef8d14c0f3385e7bae10f33,FEB2026_StarlingStatement_2026-02.csv_85,FEB2026,starling,60-83-71 00558156,2026-02-20,-250.0,GBP,Ivana Valentino,car,Ivana Valentino car,FASTER PAYMENT,53824.35,,VEHICLES,,VEHICLES,Ivana Valentino car Ivana Valentino car FASTER PAYMENT,,,0,,RegularPayment,Ivana,,0.99,override_37,strong,0,rule
2026-02-20,5aef77e06d8448796f83194252ad7414e8a56ab12698617aa74e8a729ab813a2,FEB2026_StarlingStatement_2026-02.csv_86,FEB2026,starling,60-83-71 00558156,2026-02-20,880.0,GBP,Emily Cove,21 4-6 Alhambra,Emily Cove 21 4-6 Alhambra,FASTER PAYMENT,54704.35,,REVENUE,,REVENUE,Emily Cove 21 4-6 Alhambra Emily Cove 21 4-6 Alhambra FASTER PAYMENT,,,0,F2146ALH,OurRent,,,0.99,prop_rent_F2146ALH_94,strong,0,rule
2026-02-20,0a09f903b96a0c4db3aec9afe009aa6394349e83db60f8fff5ada8721382f1a6,FEB2026_StarlingStatement_2026-02.csv_87,FEB2026,starling,60-83-71 00558156,2026-02-20,875.0,GBP,Eliesha Pettitt & Ifechukwude Okeleke,Sent from Revolut,Eliesha Pettitt & Ifechukwude Okeleke Sent from Revolut,FASTER PAYMENT,55579.35,,REVENUE,,REVENUE,Eliesha Pettitt & Ifechukwude Okeleke Sent from Revolut Eliesha Pettitt & Ifechukwude Okeleke Sent from Revolut FASTER PAYMENT,,,0,,OtherIncome,,,0.65,cat_otherincome_34,catch_all,1,rule
2026-02-20,46aaedf71ea5a114f6be686ee360abf00d40dce0fff08f3c3d11458f0823afd7,FEB2026_StarlingStatement_2026-02.csv_88,FEB2026,starling,60-83-71 00558156,2026-02-20,-38.1,GBP,Marks & Spencer,MARKS&SPENCER PLC,Marks & Spencer MARKS&SPENCER PLC,CONTACTLESS,55541.25,,FOOD_AND_DRINK,,FOOD_AND_DRINK,Marks & Spencer MARKS&SPENCER PLC Marks & Spencer MARKS&SPENCER PLC CONTACTLESS,,,0,,PersonalExpense,M&S,,0.99,override_2,strong,0,rule
2026-02-20,cb354a36c9a6311dac7579fb821e181bd33f763262748ece25e4aa3a409de358,FEB2026_StarlingStatement_2026-02.csv_89,FEB2026,starling,60-83-71 00558156,2026-02-20,-5.0,GBP,Marks & Spencer,MARKS&SPENCER PLC,Marks & Spencer MARKS&SPENCER PLC,CONTACTLESS,55536.25,,FOOD_AND_DRINK,,FOOD_AND_DRINK,Marks & Spencer MARKS&SPENCER PLC Marks & Spencer MARKS&SPENCER PLC CONTACTLESS,,,0,,PersonalExpense,M&S,,0.99,override_2,strong,0,rule
2026-02-20,00692cb31247ad009f6bc3906a07d0235113119e7ec216988713fa72c3a85e30,FEB2026_StarlingStatement_2026-02.csv_90,FEB2026,starling,60-83-71 00558156,2026-02-20,-186.0,GBP,E A Locksmiths,1599 11618 locks,E A Locksmiths 1599 11618 locks,FASTER PAYMENT,55350.25,,REPAIRS_AND_MAINTENANCE,,REPAIRS_AND_MAINTENANCE,E A Locksmiths 1599 11618 locks E A Locksmiths 1599 11618 locks FASTER PAYMENT,,,0,,PropertyExpense,,,0.99,cat_propertyexpense_19,strong,1,rule
2026-02-21,a701f187df6cd33b12fc837278fb8f7be4a0c2cab2de7d5c67ee533dbcf5de22,FEB2026_StarlingStatement_2026-02.csv_91,FEB2026,starling,60-83-71 00558156,2026-02-21,-5.99,GBP,The Highlands Pharmacy,THE HIGHLANDS PHARMACY,The Highlands Pharmacy THE HIGHLANDS PHARMACY,CONTACTLESS,55344.26,,OTHER,,OTHER,The Highlands Pharmacy THE HIGHLANDS PHARMACY The Highlands Pharmacy THE HIGHLANDS PHARMACY CONTACTLESS,,,0,,PersonalExpense,Pharmacy/Opticians/Dental,,0.99,override_22,strong,0,rule
2026-02-21,dbe16d5a69266aa35661b8abbfa20ac2dfb83daf19c06f48c1026002c3b9e857,FEB2026_StarlingStatement_2026-02.csv_92,FEB2026,starling,60-83-71 00558156,2026-02-21,-13.8,GBP,Tesco,TESCO STORES 2547,Tesco TESCO STORES 2547,CONTACTLESS,55330.46,,FOOD_AND_DRINK,,FOOD_AND_DRINK,Tesco TESCO STORES 2547 Tesco TESCO STORES 2547 CONTACTLESS,,,0,,PersonalExpense,Tesco,,0.99,override_9,strong,0,rule
2026-02-21,ba431ecf9d17c5c12af113b3a7284833f1d80bad3ae56043fdc934f8349288d1,FEB2026_StarlingStatement_2026-02.csv_93,FEB2026,starling,60-83-71 00558156,2026-02-21,-7.9,GBP,Co-op,CO OPERATIVE FOOD,Co-op CO OPERATIVE FOOD,CONTACTLESS,55322.56,,REPAIRS_AND_MAINTENANCE,,REPAIRS_AND_MAINTENANCE,Co-op CO OPERATIVE FOOD Co-op CO OPERATIVE FOOD CONTACTLESS,,,0,,PersonalExpense,COOP,,0.99,cat_propertyexpense_19,strong,0,rule
2026-02-21,1e0cfee8a6979ef02c131d3ba23df214e6d273a6689a48ad52b8a7aeea7ce611,FEB2026_StarlingStatement_2026-02.csv_94,FEB2026,starling,60-83-71 00558156,2026-02-21,-9.9,GBP,Highlands Surgery,HIGHLANDS SURGERY,Highlands Surgery HIGHLANDS SURGERY,CONTACTLESS,55312.66,,PROFESSIONAL_SERVICES,,PROFESSIONAL_SERVICES,Highlands Surgery HIGHLANDS SURGERY Highlands Surgery HIGHLANDS SURGERY CONTACTLESS,,,0,,OtherExpense,,,0.65,cat_otherexpense_35,catch_all,1,rule
2026-02-22,768c34449128d71b4493c9a20d0e72b25e99662f8da458388d0ecce6937deb27,FEB2026_StarlingStatement_2026-02.csv_95,FEB2026,starling,60-83-71 00558156,2026-02-22,-12.25,GBP,Co-op,CO OPERATIVE FOOD,Co-op CO OPERATIVE FOOD,CONTACTLESS,55300.41,,REPAIRS_AND_MAINTENANCE,,REPAIRS_AND_MAINTENANCE,Co-op CO OPERATIVE FOOD Co-op CO OPERATIVE FOOD CONTACTLESS,,,0,,PersonalExpense,COOP,,0.99,cat_propertyexpense_19,strong,0,rule
2026-02-22,64f039eda7ab4087d1b304ac0113021de5195268e4a9789f93904b6e5e63cd7f,FEB2026_StarlingStatement_2026-02.csv_96,FEB2026,starling,60-83-71 00558156,2026-02-22,-40.0,GBP,Central Energy South Limited,585 GS 41214,Central Energy South Limited 585 GS 41214,FASTER PAYMENT,55260.41,,REPAIRS_AND_MAINTENANCE,,REPAIRS_AND_MAINTENANCE,Central Energy South Limited 585 GS 41214 Central Energy South Limited 585 GS 41214 FASTER PAYMENT,,,0,F41214ALH,PropertyExpense,,,0.99,prop_rent_F41214ALH_66,strong,0,rule
2026-02-22,4ae321ed5959d5dad66c859b2f41563a23c85b4a515c4e130f34415a54a733b8,FEB2026_StarlingStatement_2026-02.csv_97,FEB2026,starling,60-83-71 00558156,2026-02-22,-60.0,GBP,Central Energy South Limited,596 88 leak,Central Energy South Limited 596 88 leak,FASTER PAYMENT,55200.41,,REPAIRS_AND_MAINTENANCE,,REPAIRS_AND_MAINTENANCE,Central Energy South Limited 596 88 leak Central Energy South Limited 596 88 leak FASTER PAYMENT,,,0,,PropertyExpense,,,0.99,cat_propertyexpense_19,strong,1,rule
2026-02-22,b895d3b65d69948368fd25c3459b12126bd086e3d3188cd41aaeba73b0694ca0,FEB2026_StarlingStatement_2026-02.csv_98,FEB2026,starling,60-83-71 00558156,2026-02-22,-36.26,GBP,Kimi Bethke,21 4-6 lock,Kimi Bethke 21 4-6 lock,FASTER PAYMENT,55164.15,,REPAIRS_AND_MAINTENANCE,,REPAIRS_AND_MAINTENANCE,Kimi Bethke 21 4-6 lock Kimi Bethke 21 4-6 lock FASTER PAYMENT,,,0,F2146ALH,PropertyExpense,,,0.99,prop_rent_F2146ALH_94,strong,0,rule
2026-02-23,fd74ca4c257243da009b408ed8edaa9777a251396bf93ff0e00c8331292e22a0,FEB2026_BC_6045_FEB2026.csv_19,FEB2026,barclays,20-74-09 60458872,2026-02-23,-36.81,GBP,,,INTEREST CHARGED      INTEREST CHARGED,,,0,,Credit Payment,Credit Payment,INTEREST CHARGED      INTEREST CHARGED,,,0,,OtherExpense,,,0.99,override_17,strong,0,rule
2026-02-23,515153511723ddb3b24cfc8654d74b6e0171b52855c8fd937ef37326185037d3,FEB2026_BC_3072_FEB2026.csv_48,FEB2026,barclays,20-53-97 30728691,2026-02-23,-11.94,GBP,,,INTEREST CHARGED      INTEREST CHARGED,,,0,,Credit Payment,Credit Payment,INTEREST CHARGED      INTEREST CHARGED,,,0,,OtherExpense,,,0.99,override_17,strong,0,rule
2026-02-23,4cc3c2014c38401297e68d91688b9788b46b31f9aa99cb88e263431eac88980c,FEB2026_BC_3072_FEB2026.csv_49,FEB2026,barclays,20-53-97 30728691,2026-02-23,-10.0,GBP,,,ID MOBILE LIMITED     11888885/001 DDR,,,298372,,Direct Debit,Direct Debit,ID MOBILE LIMITED     11888885/001 DDR,,,0,,RegularPayment,,,0.99,cat_regularpayment_27,strong,0,rule
2026-02-23,81cc5a4e94a164189eda2688be9dff2ef9f713c325759b911c69787f9601c31b,FEB2026_BC_3072_FEB2026.csv_50,FEB2026,barclays,20-53-97 30728691,2026-02-23,-431.27,GBP,,,BHAM MIDSHIRES        6092076296020000 DDR,,,184800,,Direct Debit,Direct Debit,BHAM MIDSHIRES        6092076296020000 DDR,,,0,196AKIN,Mortgage,,,0.99,prop_mort_196AKIN_23,strong,0,rule
2026-02-23,bc83fb29d75cc8eae26d9c95613272bf1734729fb627446ad7c6c9fb99df50c6,FEB2026_BC_4040_FEB2026.csv_29,FEB2026,barclays,20-74-09 40406538,2026-02-23,-10.89,GBP,,,INTEREST CHARGED      INTEREST CHARGED,,,0,,Credit Payment,Credit Payment,INTEREST CHARGED      INTEREST CHARGED,,,0,,OtherExpense,,,0.99,override_17,strong,0,rule
2026-02-23,225f3a8cc68867d5b8eb5ef97ce9b996f625d40bcd98d4a61f87d751e87d250b,FEB2026_StarlingStatement_2026-02.csv_99,FEB2026,starling,60-83-71 00558156,2026-02-23,750.0,GBP,A JOY,"ANGEL JOY  ,FLAT 7","A JOY ANGEL JOY  ,FLAT 7",FASTER PAYMENT,55914.15,,REVENUE,,REVENUE,"A JOY ANGEL JOY  ,FLAT 7 A JOY ANGEL JOY  ,FLAT 7 FASTER PAYMENT",,,0,F71214ALH,OurRent,,,0.99,prop_rent_F71214ALH_108,strong,0,rule
2026-02-23,c0318161523c285dc98e23f6259389c0e895308dd9d4185fd477e8c326104f5a,FEB2026_StarlingStatement_2026-02.csv_100,FEB2026,starling,60-83-71 00558156,2026-02-23,-120.0,GBP,Central Energy South Limited,584 eicer GS 31214,Central Energy South Limited 584 eicer GS 31214,FASTER PAYMENT,55794.15,,REPAIRS_AND_MAINTENANCE,,REPAIRS_AND_MAINTENANCE,Central Energy South Limited 584 eicer GS 31214 Central Energy South Limited 584 eicer GS 31214 FASTER PAYMENT,,,0,F31214ALH,PropertyExpense,,,0.99,prop_rent_F31214ALH_67,strong,0,rule
2026-02-23,f0c7f914a2065b431bc5432914ebc8c0e62badbb04cc493fcdc70634676b4633,FEB2026_StarlingStatement_2026-02.csv_101,FEB2026,starling,60-83-71 00558156,2026-02-23,750.0,GBP,Michael  Pedace,FLAT2 171FAWCETT,Michael  Pedace FLAT2 171FAWCETT,FASTER PAYMENT,56544.15,,REVENUE,,REVENUE,Michael  Pedace FLAT2 171FAWCETT Michael  Pedace FLAT2 171FAWCETT FASTER PAYMENT,,,0,F2171FAW,OurRent,,,0.99,prop_rent_F2171FAW_80,strong,0,rule
2026-02-23,ac009b3e2bd6f283c355667b80cb5fba6a7ee7151eb125d3a488225c5fcfb42f,FEB2026_StarlingStatement_2026-02.csv_102,FEB2026,starling,60-83-71 00558156,2026-02-23,-77.27,GBP,ALDI,ALDI STORES,ALDI ALDI STORES,CONTACTLESS,56466.88,,FOOD_AND_DRINK,,FOOD_AND_DRINK,ALDI ALDI STORES ALDI ALDI STORES CONTACTLESS,,,0,,PersonalExpense,ALDI,,0.99,override_20,strong,0,rule
2026-02-23,9c479c36821b36a7f5da75d2464911a3a133d51aaadcde8264dd9e00359ff77b,FEB2026_StarlingStatement_2026-02.csv_103,FEB2026,starling,60-83-71 00558156,2026-02-23,-7.55,GBP,Co-op,CO OPERATIVE FOOD,Co-op CO OPERATIVE FOOD,CONTACTLESS,56459.33,,REPAIRS_AND_MAINTENANCE,,REPAIRS_AND_MAINTENANCE,Co-op CO OPERATIVE FOOD Co-op CO OPERATIVE FOOD CONTACTLESS,,,0,,PersonalExpense,COOP,,0.99,cat_propertyexpense_19,strong,0,rule
2026-02-23,d8046acf9ce217f1f06da6551b7438715f8446f0db10b2d2fd3baba88a390d0e,FEB2026_StarlingStatement_2026-02.csv_104,FEB2026,starling,60-83-71 00558156,2026-02-23,-4.62,GBP,Trainline,TRAINLINE,Trainline TRAINLINE,ONLINE PAYMENT,56454.71,,TRAVEL,,TRAVEL,Trainline TRAINLINE Trainline TRAINLINE ONLINE PAYMENT,,,0,,OtherExpense,,,0.65,cat_otherexpense_35,catch_all,1,rule
2026-02-23,44b89fb2ed225e5201176415ddea24ea89210c7a82372fedc8001c1a6928e2e3,FEB2026_StarlingStatement_2026-02.csv_105,FEB2026,starling,60-83-71 00558156,2026-02-23,-805.0,GBP,Ivana Valentino 3072,mortgages,Ivana Valentino 3072 mortgages,FASTER PAYMENT,55649.71,,INTEREST_PAYMENTS,,INTEREST_PAYMENTS,Ivana Valentino 3072 mortgages Ivana Valentino 3072 mortgages FASTER PAYMENT,,,0,,MortgageRefund,Ivana,,0.99,cat_mortgagerefund_15,strong,0,rule
2026-02-24,d005e06d36e558f609882bf63f09826309ca9fbcfa08d0027f6151838aa29c29,FEB2026_BC_6045_FEB2026.csv_20,FEB2026,barclays,20-74-09 60458872,2026-02-24,-68.97,GBP,,,AMAZON* ZU86F1IK4     ON 23 FEB BCC,,,0,,Card Purchase,Card Purchase,AMAZON* ZU86F1IK4     ON 23 FEB BCC,,,0,,PersonalExpense,Amazon,,0.99,cat_personalexpense_30,strong,0,rule
2026-02-24,23321afd2ff57ad72e94abc5726966d7791ec403bad248394e0d0373d9b47ffd,FEB2026_BC_3072_FEB2026.csv_51,FEB2026,barclays,20-53-97 30728691,2026-02-24,805.0,GBP,,,Rsa Capital Limite    mortgages BGC,,,0,,Counter Credit,Counter Credit,Rsa Capital Limite    mortgages BGC,,,0,,Interbank,,,0.99,override_40,strong,0,rule
2026-02-24,19de86f7220c6db89a8a9900b95088c051ef477c7e00391f41b71be3586116b2,FEB2026_StarlingStatement_2026-02.csv_106,FEB2026,starling,60-83-71 00558156,2026-02-24,-26.4,GBP,Wwwbedfordschoolorguk,WWWBEDFORDSCHOOLORGUK,Wwwbedfordschoolorguk WWWBEDFORDSCHOOLORGUK,ONLINE PAYMENT,55623.31,,STAFF,,STAFF,Wwwbedfordschoolorguk WWWBEDFORDSCHOOLORGUK Wwwbedfordschoolorguk WWWBEDFORDSCHOOLORGUK ONLINE PAYMENT,,,0,,OtherExpense,,,0.65,cat_otherexpense_35,catch_all,1,rule
2026-02-24,1ec1cb0a7035ba73013cf13e3931d6ba38d9aa6c6010020e243901d49d74afcc,FEB2026_StarlingStatement_2026-02.csv_107,FEB2026,starling,60-83-71 00558156,2026-02-24,-155.2,GBP,Wickes,WICKES BUILDING,Wickes WICKES BUILDING,ONLINE PAYMENT,55468.11,,REPAIRS_AND_MAINTENANCE,,REPAIRS_AND_MAINTENANCE,Wickes WICKES BUILDING Wickes WICKES BUILDING ONLINE PAYMENT,,,0,,PropertyExpense,,,0.99,cat_propertyexpense_19,strong,1,rule
2026-02-24,68cbaa1fb02d3acd2ee3922f33c1823ddb5676cd2b48f964d0da2be70ba30b98,FEB2026_StarlingStatement_2026-02.csv_108,FEB2026,starling,60-83-71 00558156,2026-02-24,-41.4,GBP,Marks & Spencer,MARKS&SPENCER PLC SACA,Marks & Spencer MARKS&SPENCER PLC SACA,CONTACTLESS,55426.71,,FOOD_AND_DRINK,,FOOD_AND_DRINK,Marks & Spencer MARKS&SPENCER PLC SACA Marks & Spencer MARKS&SPENCER PLC SACA CONTACTLESS,,,0,,PersonalExpense,M&S,,0.99,override_2,strong,0,rule
2026-02-24,62de811e1d987568afe69ee4e8baa883a44d6d1bdae31f9646fb046e393785fa,FEB2026_StarlingStatement_2026-02.csv_109,FEB2026,starling,60-83-71 00558156,2026-02-24,-7.28,GBP,Amazon Marketplace,AMZNMktplace*DE4SQ45N5,Amazon Marketplace AMZNMktplace*DE4SQ45N5,ONLINE PAYMENT,55419.43,,OTHER,,OTHER,Amazon Marketplace AMZNMktplace*DE4SQ45N5 Amazon Marketplace AMZNMktplace*DE4SQ45N5 ONLINE PAYMENT,,,0,,OtherExpense,,,0.65,cat_otherexpense_35,catch_all,1,rule
2026-02-24,59b937c6c4ed51841ac17e701546b9f9bd3203059065d1c7aac19fb83a32c64a,FEB2026_StarlingStatement_2026-02.csv_110,FEB2026,starling,60-83-71 00558156,2026-02-24,-13.39,GBP,Amazon Marketplace,AMZNMktplace*H09CJ4WW5,Amazon Marketplace AMZNMktplace*H09CJ4WW5,ONLINE PAYMENT,55406.04,,OTHER,,OTHER,Amazon Marketplace AMZNMktplace*H09CJ4WW5 Amazon Marketplace AMZNMktplace*H09CJ4WW5 ONLINE PAYMENT,,,0,,OtherExpense,,,0.65,cat_otherexpense_35,catch_all,1,rule
2026-02-24,c41b48d5ee6e9a167f521984b1972756ab794a45a085e243666132e303a317fb,FEB2026_StarlingStatement_2026-02.csv_111,FEB2026,starling,60-83-71 00558156,2026-02-24,-13.78,GBP,Amazon Marketplace,AMZNMktplace*VY4L67WU5,Amazon Marketplace AMZNMktplace*VY4L67WU5,ONLINE PAYMENT,55392.26,,OTHER,,OTHER,Amazon Marketplace AMZNMktplace*VY4L67WU5 Amazon Marketplace AMZNMktplace*VY4L67WU5 ONLINE PAYMENT,,,0,,OtherExpense,,,0.65,cat_otherexpense_35,catch_all,1,rule
2026-02-24,6292dbbffa4a9b26d7bdd1586479a14879bef71e9e1fe7b115007e26418f951b,FEB2026_StarlingStatement_2026-02.csv_112,FEB2026,starling,60-83-71 00558156,2026-02-24,-9.99,GBP,Amazon Marketplace,AMZNMktplace*YH4VS8NQ5,Amazon Marketplace AMZNMktplace*YH4VS8NQ5,ONLINE PAYMENT,55382.27,,OTHER,,OTHER,Amazon Marketplace AMZNMktplace*YH4VS8NQ5 Amazon Marketplace AMZNMktplace*YH4VS8NQ5 ONLINE PAYMENT,,,0,,OtherExpense,,,0.65,cat_otherexpense_35,catch_all,1,rule
2026-02-24,3fca261be2679cc4bad3f4d87b1c97dc998f6f9ebb5095165e86d8b9a3d16981,FEB2026_StarlingStatement_2026-02.csv_113,FEB2026,starling,60-83-71 00558156,2026-02-24,-708.0,GBP,Mathew Tucker Lloyds,Coadjute AML,Mathew Tucker Lloyds Coadjute AML,FASTER PAYMENT,54674.27,,INTEREST_PAYMENTS,,INTEREST_PAYMENTS,Mathew Tucker Lloyds Coadjute AML Mathew Tucker Lloyds Coadjute AML FASTER PAYMENT,,,0,,OtherExpense,,,0.65,cat_otherexpense_35,catch_all,1,rule
2026-02-24,84d16a43e65a307a4bea6b4eaface9bf252998726e9a7328949f6b31ee45422c,FEB2026_StarlingStatement_2026-02.csv_114,FEB2026,starling,60-83-71 00558156,2026-02-24,-9.45,GBP,Amazon Marketplace,AMZNMktplace*G83SA2AF5,Amazon Marketplace AMZNMktplace*G83SA2AF5,ONLINE PAYMENT,54664.82,,OTHER,,OTHER,Amazon Marketplace AMZNMktplace*G83SA2AF5 Amazon Marketplace AMZNMktplace*G83SA2AF5 ONLINE PAYMENT,,,0,,OtherExpense,,,0.65,cat_otherexpense_35,catch_all,1,rule
2026-02-24,1453f1d456743527f61822ae1ea105127a60a75e838b7d0ac330d385ef619ac6,FEB2026_StarlingStatement_2026-02.csv_115,FEB2026,starling,60-83-71 00558156,2026-02-24,-12.0,GBP,Jijo George,1171 faw repairs,Jijo George 1171 faw repairs,FASTER PAYMENT,54652.82,,REPAIRS_AND_MAINTENANCE,,REPAIRS_AND_MAINTENANCE,Jijo George 1171 faw repairs Jijo George 1171 faw repairs FASTER PAYMENT,,,0,F1171FAW,PropertyExpense,,,0.99,prop_rent_F1171FAW_79,strong,0,rule
2026-02-25,abb4455cca5d4f12566760e6072f13079c56c001273d3b67d36a76d92fe48f0a,FEB2026_BC_6045_FEB2026.csv_21,FEB2026,barclays,20-74-09 60458872,2026-02-25,-13.13,GBP,,,PAYPAL PAYMENT        5CM22229DF5GW DDR,,,679848,,Direct Debit,Direct Debit,PAYPAL PAYMENT        5CM22229DF5GW DDR,,,0,,RegularPayment,,,0.99,cat_regularpayment_27,strong,0,rule
2026-02-25,8771db78f43c39956eed049a26c6bc81ac136cee1125b84b6a588fd85c1da673,FEB2026_BC_6045_FEB2026.csv_22,FEB2026,barclays,20-74-09 60458872,2026-02-25,-110.0,GBP,,,SOFIA                 VACCINATIONS FT,,,0,,Funds Transfer,Funds Transfer,SOFIA                 VACCINATIONS FT,,,0,,PersonalExpense,Sofia,,0.99,override_8,strong,0,rule
2026-02-25,c05e9a02307404a673ef844fe6f1ac04fa363469519e996d2ad0dbe5d573a715,FEB2026_StarlingStatement_2026-02.csv_116,FEB2026,starling,60-83-71 00558156,2026-02-25,452.0,GBP,CHARTERS ESTATE AGENTS LIMITED,Shop 196 Kingston,CHARTERS ESTATE AGENTS LIMITED Shop 196 Kingston,FASTER PAYMENT,55104.82,,REVENUE,,REVENUE,CHARTERS ESTATE AGENTS LIMITED Shop 196 Kingston CHARTERS ESTATE AGENTS LIMITED Shop 196 Kingston FASTER PAYMENT,,,0,SHOP196KIN,OurRent,,,0.99,prop_rent_SHOP196KIN_85,strong,0,rule
2026-02-25,40149ca67447bb411ec1fb2deed0fa46487e0f50db4b5006b6e1866398dfd0ac,FEB2026_StarlingStatement_2026-02.csv_117,FEB2026,starling,60-83-71 00558156,2026-02-25,-10.65,GBP,Co-op,CO OPERATIVE FOOD,Co-op CO OPERATIVE FOOD,CONTACTLESS,55094.17,,REPAIRS_AND_MAINTENANCE,,REPAIRS_AND_MAINTENANCE,Co-op CO OPERATIVE FOOD Co-op CO OPERATIVE FOOD CONTACTLESS,,,0,,PersonalExpense,COOP,,0.99,cat_propertyexpense_19,strong,0,rule
2026-02-25,57aa920f0f1331491f55cefbf798a871b8990c3dcd826566d07eca2addb0b4bc,FEB2026_StarlingStatement_2026-02.csv_118,FEB2026,starling,60-83-71 00558156,2026-02-25,-10.35,GBP,Marks & Spencer,MARKS&SPENCER PLC,Marks & Spencer MARKS&SPENCER PLC,CONTACTLESS,55083.82,,FOOD_AND_DRINK,,FOOD_AND_DRINK,Marks & Spencer MARKS&SPENCER PLC Marks & Spencer MARKS&SPENCER PLC CONTACTLESS,,,0,,PersonalExpense,M&S,,0.99,override_2,strong,0,rule
2026-02-26,7bb1f1e66c0878fa9c15af597a21adfba64952e558c11b7256a5e167c2dc998e,FEB2026_BC_3072_FEB2026.csv_52,FEB2026,barclays,20-53-97 30728691,2026-02-26,-27.42,GBP,,,H3G                   980404269602200098 DD,,,948449,,Direct Debit,Direct Debit,H3G                   980404269602200098 DD,,,0,,RegularPayment,,,0.99,cat_regularpayment_27,strong,0,rule
2026-02-26,98f44df7657f9aa87568e2f56c95781cbe432ae5ccb295ed43e957a0116fe2e7,FEB2026_StarlingStatement_2026-02.csv_119,FEB2026,starling,60-83-71 00558156,2026-02-26,159.99,GBP,F3 12-14 Alhambra,SEQUENCE  UK  LIMI,F3 12-14 Alhambra SEQUENCE  UK  LIMI,DIRECT CREDIT,55243.81,,REVENUE,,REVENUE,F3 12-14 Alhambra SEQUENCE  UK  LIMI F3 12-14 Alhambra SEQUENCE  UK  LIMI DIRECT CREDIT,,,0,F31214ALH,PropertyExpense,,,0.99,prop_rent_F31214ALH_105,strong,0,rule
2026-02-26,0456f3a32862c135650842b23f6489be021615466079a593fd60f4479433132f,FEB2026_StarlingStatement_2026-02.csv_120,FEB2026,starling,60-83-71 00558156,2026-02-26,694.6,GBP,CHARTERS ESTATE AGENTS LIMITED,Flat 10 1214 Alham,CHARTERS ESTATE AGENTS LIMITED Flat 10 1214 Alham,FASTER PAYMENT,55938.41,,REVENUE,,REVENUE,CHARTERS ESTATE AGENTS LIMITED Flat 10 1214 Alham CHARTERS ESTATE AGENTS LIMITED Flat 10 1214 Alham FASTER PAYMENT,,,0,F101214ALH,OurRent,,,0.99,prop_rent_F101214ALH_101,strong,0,rule
2026-02-26,10ab7f4c858999229f8bde2dee5a399e434be47cd3b9a1167fd240b50aefea00,FEB2026_StarlingStatement_2026-02.csv_121,FEB2026,starling,60-83-71 00558156,2026-02-26,-82.61,GBP,Morr Bedford,MORR BEDFORD,Morr Bedford MORR BEDFORD,CHIP & PIN,55855.8,,VEHICLES,,VEHICLES,Morr Bedford MORR BEDFORD Morr Bedford MORR BEDFORD CHIP & PIN,,,0,,OtherExpense,,,0.65,cat_otherexpense_35,catch_all,1,rule
2026-02-26,fd8cda7107d93c810abcf15d94943a91088d9e9d73b6cd368381ab0d3d850557,FEB2026_StarlingStatement_2026-02.csv_122,FEB2026,starling,60-83-71 00558156,2026-02-26,-40.39,GBP,New County Service Sta,NEW COUNTY SERVICE STA,New County Service Sta NEW COUNTY SERVICE STA,CONTACTLESS,55815.41,,VEHICLES,,VEHICLES,New County Service Sta NEW COUNTY SERVICE STA New County Service Sta NEW COUNTY SERVICE STA CONTACTLESS,,,0,,PersonalExpense,Garage,,0.99,override_5,strong,0,rule
2026-02-26,0ef828d74d4bb01ad75628fe4c746eee20260bb1bf8c8f9e15aafbdc282ed7b6,FEB2026_StarlingStatement_2026-02.csv_123,FEB2026,starling,60-83-71 00558156,2026-02-26,-37.49,GBP,ALDI,ALDI STORES 776-97,ALDI ALDI STORES 776-97,CONTACTLESS,55777.92,,FOOD_AND_DRINK,,FOOD_AND_DRINK,ALDI ALDI STORES 776-97 ALDI ALDI STORES 776-97 CONTACTLESS,,,0,,PersonalExpense,ALDI,,0.99,override_20,strong,0,rule
2026-02-26,4c3805f64379ffc0b2c0729dc8d6943302d6227585370bbc45f5a68d051a9e35,FEB2026_StarlingStatement_2026-02.csv_124,FEB2026,starling,60-83-71 00558156,2026-02-26,-7.1,GBP,Co-op,CO OPERATIVE FOOD,Co-op CO OPERATIVE FOOD,CONTACTLESS,55770.82,,REPAIRS_AND_MAINTENANCE,,REPAIRS_AND_MAINTENANCE,Co-op CO OPERATIVE FOOD Co-op CO OPERATIVE FOOD CONTACTLESS,,,0,,PersonalExpense,COOP,,0.99,cat_propertyexpense_19,strong,0,rule
2026-02-26,a709d657d4459a487af5966636a0aff83c6c0233e9e0173102714e029cd091a6,FEB2026_StarlingStatement_2026-02.csv_125,FEB2026,starling,60-83-71 00558156,2026-02-26,-7.75,GBP,Co-op,CO OPERATIVE FOOD,Co-op CO OPERATIVE FOOD,CONTACTLESS,55763.07,,REPAIRS_AND_MAINTENANCE,,REPAIRS_AND_MAINTENANCE,Co-op CO OPERATIVE FOOD Co-op CO OPERATIVE FOOD CONTACTLESS,,,0,,PersonalExpense,COOP,,0.99,cat_propertyexpense_19,strong,0,rule
2026-02-26,8045fed778c2432e83a9085d4734b859465001b8287825a759277f31ba72e5d8,FEB2026_StarlingStatement_2026-02.csv_126,FEB2026,starling,60-83-71 00558156,2026-02-26,905.0,GBP,Kye Elliott-Street,Rsa Capital Limite,Kye Elliott-Street Rsa Capital Limite,FASTER PAYMENT,56668.07,,REVENUE,,REVENUE,Kye Elliott-Street Rsa Capital Limite Kye Elliott-Street Rsa Capital Limite FASTER PAYMENT,,,0,F68ALH,Interbank,,,0.99,prop_rent_F68ALH_98,strong,0,rule
2026-02-27,0fc2cc5210577d183b6cd70b024127f6445e43b6d25f6a14e2289e3f0cbfddff,FEB2026_BC_6045_FEB2026.csv_23,FEB2026,barclays,20-74-09 60458872,2026-02-27,-15.0,GBP,,,SSE SOUTHERN ELECT    6882766014 STO,,,0,,Standing Order,Standing Order,SSE SOUTHERN ELECT    6882766014 STO,,,0,169FAW,PropertyExpense,,,0.99,prop_rent_169FAW_117,strong,0,rule
2026-02-27,1027eaccf8f88bb45abe019d5d002ef0aa1eca619d7d533c304b6e41c3ffafb8,FEB2026_BC_6045_FEB2026.csv_24,FEB2026,barclays,20-74-09 60458872,2026-02-27,15.0,GBP,,,SSE SOUTHERN E        6882766014 REV0001Pa,,,0,,Credit,Credit,SSE SOUTHERN E        6882766014 REV0001Pa,,,0,169FAW,OtherIncome,,,0.99,prop_rent_169FAW_117,strong,0,rule
2026-02-27,eb7d8ad1986212790980d9bd1852170a7fccbde1f26d654d77da6d2fb191c8c2,FEB2026_BC_3072_FEB2026.csv_53,FEB2026,barclays,20-53-97 30728691,2026-02-27,-453.42,GBP,,,MORTGAGE TRUST        002197389 10132080 DD,,,624461,,Direct Debit,Direct Debit,MORTGAGE TRUST        002197389 10132080 DD,,,0,F71214ALH,Mortgage,,,0.99,prop_mort_F71214ALH_45,strong,0,rule
2026-02-27,426081110aff2915cdce5cb00d1290d970ae933872b8c1d660209db57eb23e5c,FEB2026_BC_3072_FEB2026.csv_54,FEB2026,barclays,20-53-97 30728691,2026-02-27,-441.18,GBP,,,PARAGON BANK PLC      002186317 10132080 DD,,,295404,,Direct Debit,Direct Debit,PARAGON BANK PLC      002186317 10132080 DD,,,0,F58ALH,Mortgage,,,0.99,prop_mort_F58ALH_29,strong,0,rule
2026-02-27,6647a2cab76875c3420a60f8ead82ec8d0ccf3819760fce3c5b80c9079fda9d6,FEB2026_BC_3072_FEB2026.csv_55,FEB2026,barclays,20-53-97 30728691,2026-02-27,-441.18,GBP,,,PARAGON BANK PLC      002186356 10132080 DD,,,295404,,Direct Debit,Direct Debit,PARAGON BANK PLC      002186356 10132080 DD,,,0,F1846ALH,Mortgage,,,0.99,prop_mort_F1846ALH_35,strong,0,rule
2026-02-27,11efef4b385a081d298c23d13a295c474b315028ea55b714072629b75c9fe37d,FEB2026_BC_3072_FEB2026.csv_56,FEB2026,barclays,20-53-97 30728691,2026-02-27,-441.18,GBP,,,PARAGON BANK PLC      002186357 10132080 DD,,,295404,,Direct Debit,Direct Debit,PARAGON BANK PLC      002186357 10132080 DD,,,0,F1746ALH,Mortgage,,,0.99,prop_mort_F1746ALH_34,strong,0,rule
2026-02-27,422db7ee0e5323ea349b2dbb4a00c18cb2142a40c73754c60573681a1c3e605a,FEB2026_BC_3072_FEB2026.csv_57,FEB2026,barclays,20-53-97 30728691,2026-02-27,1804.38,GBP,,,Rsa Capital Limite    mortgages BGC,,,0,,Counter Credit,Counter Credit,Rsa Capital Limite    mortgages BGC,,,0,,Interbank,,,0.99,override_40,strong,0,rule
2026-02-27,b3f8e3676b5bfa0cdb0b2c3ddeaaa92782d3be09cffaa1586db7bb9b7f00f9ec,FEB2026_StarlingStatement_2026-02.csv_127,FEB2026,starling,60-83-71 00558156,2026-02-27,695.0,GBP,Tap,000000003634395199,Tap 000000003634395199,DIRECT CREDIT,57363.07,,REVENUE,,REVENUE,Tap 000000003634395199 Tap 000000003634395199 DIRECT CREDIT,,,0,,OtherIncome,,,0.65,cat_otherincome_34,catch_all,1,rule
2026-02-27,3f61a7a699c3765bc0518b930d5a46f05d9d2c5e2739e28085565db25364eed8,FEB2026_StarlingStatement_2026-02.csv_128,FEB2026,starling,60-83-71 00558156,2026-02-27,900.0,GBP,D McGowan,1846,D McGowan 1846,FASTER PAYMENT,58263.07,,REVENUE,,REVENUE,D McGowan 1846 D McGowan 1846 FASTER PAYMENT,,,0,F1846ALH,OurRent,,,0.99,prop_rent_F1846ALH_91,strong,0,rule
2026-02-27,de6fba347a564a1333d902e78e3675a1421d323875f2a686d82782c24c137f59,FEB2026_StarlingStatement_2026-02.csv_129,FEB2026,starling,60-83-71 00558156,2026-02-27,-8.99,GBP,Amazon Prime,Amazon Prime*5B7CF7M35,Amazon Prime Amazon Prime*5B7CF7M35,CARD SUBSCRIPTION,58254.08,,ADMIN,,ADMIN,Amazon Prime Amazon Prime*5B7CF7M35 Amazon Prime Amazon Prime*5B7CF7M35 CARD SUBSCRIPTION,,,0,,PropertyExpense,,,0.99,cat_propertyexpense_10,strong,1,rule
2026-02-27,fa82931ec6e655b13e7a2a231918e92d675c62eaa2233b5c06ff1ac8268ba578,FEB2026_StarlingStatement_2026-02.csv_130,FEB2026,starling,60-83-71 00558156,2026-02-27,800.0,GBP,ALDINGTON H,FLAT 4 321LONDONRD,ALDINGTON H FLAT 4 321LONDONRD,FASTER PAYMENT,59054.08,,REVENUE,,REVENUE,ALDINGTON H FLAT 4 321LONDONRD ALDINGTON H FLAT 4 321LONDONRD FASTER PAYMENT,,,0,F4321LON,OurRent,,,0.99,prop_rent_F4321LON_74,strong,0,rule
2026-02-27,c941752c0d0b8c6d26c2a88cff725ca7d44542d5aa36c8f9631f2eef192e63b9,FEB2026_StarlingStatement_2026-02.csv_131,FEB2026,starling,60-83-71 00558156,2026-02-27,-1804.38,GBP,Ivana Valentino 3072,mortgages,Ivana Valentino 3072 mortgages,FASTER PAYMENT,57249.7,,INTEREST_PAYMENTS,,INTEREST_PAYMENTS,Ivana Valentino 3072 mortgages Ivana Valentino 3072 mortgages FASTER PAYMENT,,,0,,MortgageRefund,Ivana,,0.99,cat_mortgagerefund_15,strong,0,rule
2026-02-27,67b29768f8034ab328b405637f5596544a24b5189e935c93a61e1ec123806bdd,FEB2026_StarlingStatement_2026-02.csv_132,FEB2026,starling,60-83-71 00558156,2026-02-27,-270.0,GBP,Peter  Caveney,1171 carpet fittee,Peter  Caveney 1171 carpet fittee,FASTER PAYMENT,56979.7,,REPAIRS_AND_MAINTENANCE,,REPAIRS_AND_MAINTENANCE,Peter  Caveney 1171 carpet fittee Peter  Caveney 1171 carpet fittee FASTER PAYMENT,,,0,F1171FAW,PropertyExpense,,,0.99,prop_rent_F1171FAW_79,strong,0,rule
2026-02-27,60529746af9b26772e9f0d7232797b498c0efe83f6f35df09cef76cec0387ee2,FEB2026_StarlingStatement_2026-02.csv_133,FEB2026,starling,60-83-71 00558156,2026-02-27,950.0,GBP,K Thu,KAUNG THU FLAT 13,K Thu KAUNG THU FLAT 13,FASTER PAYMENT,57929.7,,REVENUE,,REVENUE,K Thu KAUNG THU FLAT 13 K Thu KAUNG THU FLAT 13 FASTER PAYMENT,,,0,F131618ALH,OurRent,,,0.99,prop_rent_F131618ALH_111,strong,0,rule
2026-02-27,20730f98a3a16f0a3f88203cd04c1a04ae7e9a85a2c6d435068208cfc6e85151,FEB2026_StarlingStatement_2026-02.csv_134,FEB2026,starling,60-83-71 00558156,2026-02-27,-10.1,GBP,Co-op,CO OPERATIVE FOOD,Co-op CO OPERATIVE FOOD,CONTACTLESS,57919.6,,REPAIRS_AND_MAINTENANCE,,REPAIRS_AND_MAINTENANCE,Co-op CO OPERATIVE FOOD Co-op CO OPERATIVE FOOD CONTACTLESS,,,0,,PersonalExpense,COOP,,0.99,cat_propertyexpense_19,strong,0,rule
2026-02-27,d2d887d0cc9e8f96a380279ee10b3693752c66581f3e7367da59c8382caac279,FEB2026_StarlingStatement_2026-02.csv_135,FEB2026,starling,60-83-71 00558156,2026-02-27,-38.11,GBP,Marks & Spencer,MARKS&SPENCER PLC SACA,Marks & Spencer MARKS&SPENCER PLC SACA,CONTACTLESS,57881.49,,FOOD_AND_DRINK,,FOOD_AND_DRINK,Marks & Spencer MARKS&SPENCER PLC SACA Marks & Spencer MARKS&SPENCER PLC SACA CONTACTLESS,,,0,,PersonalExpense,M&S,,0.99,override_2,strong,0,rule
2026-02-27,8ba1fc7f8bfd03d0830d8015d839e879f28700c8fe523b0c7aa35803817b3414,FEB2026_StarlingStatement_2026-02.csv_136,FEB2026,starling,60-83-71 00558156,2026-02-27,-17.5,GBP,Peter Taperek,2321 rep,Peter Taperek 2321 rep,FASTER PAYMENT,57863.99,,REPAIRS_AND_MAINTENANCE,,REPAIRS_AND_MAINTENANCE,Peter Taperek 2321 rep Peter Taperek 2321 rep FASTER PAYMENT,,,0,F2321LON,PropertyExpense,,,0.99,prop_rent_F2321LON_72,strong,0,rule
2026-02-28,59457cc9f8fcb511209df0630fcc700f95ff84c35020fa2c272b3b4af1c411c8,FEB2026_StarlingStatement_2026-02.csv_137,FEB2026,starling,60-83-71 00558156,2026-02-28,-12.15,GBP,Tdsf&cs,The Denmark St Fish &,Tdsf&cs The Denmark St Fish &,CONTACTLESS,57851.84,,FOOD_AND_DRINK,,FOOD_AND_DRINK,Tdsf&cs The Denmark St Fish & Tdsf&cs The Denmark St Fish & CONTACTLESS,,,0,,Deposit,,,0.99,cat_deposit_5,strong,0,rule
2026-02-28,59c74409df19bc36b2801645a6ae18f0a5965cc4ecfd9f952fb3f6225e66a7e0,FEB2026_StarlingStatement_2026-02.csv_138,FEB2026,starling,60-83-71 00558156,2026-02-28,-0.8,GBP,Tdsf&cs,The Denmark St Fish &,Tdsf&cs The Denmark St Fish &,CONTACTLESS,57851.04,,FOOD_AND_DRINK,,FOOD_AND_DRINK,Tdsf&cs The Denmark St Fish & Tdsf&cs The Denmark St Fish & CONTACTLESS,,,0,,Deposit,,,0.99,cat_deposit_5,strong,0,rule
2026-02-28,79fbf0e3e30b085aa231b77b51cdb5bb8bd1bd9e4ffd480689841ce974fca7c7,FEB2026_StarlingStatement_2026-02.csv_139,FEB2026,starling,60-83-71 00558156,2026-02-28,875.0,GBP,Dono Kuriakose,RSA Capital Limite,Dono Kuriakose RSA Capital Limite,FASTER PAYMENT,58726.04,,REVENUE,,REVENUE,Dono Kuriakose RSA Capital Limite Dono Kuriakose RSA Capital Limite FASTER PAYMENT,,,0,F111618ALH,Interbank,,,0.99,prop_rent_F111618ALH_109,strong,0,rule
2026-02-28,e2fc6b4526833595bb4bcfa754050e5bfd91dca8eb2736afdf61102a32e18778,FEB2026_StarlingStatement_2026-02.csv_140,FEB2026,starling,60-83-71 00558156,2026-02-28,825.0,GBP,K Hudson,"RENT 16,16-18","K Hudson RENT 16,16-18",FASTER PAYMENT,59551.04,,REVENUE,,REVENUE,"K Hudson RENT 16,16-18 K Hudson RENT 16,16-18 FASTER PAYMENT",,,0,F161618ALH,OurRent,,,0.99,prop_rent_F161618ALH_112,strong,0,rule
2026-02-28,ff1041ecb8a272d5aed94b468b4790daaa06725b0a1a0b4ae7395644808047ee,FEB2026_StarlingStatement_2026-02.csv_141,FEB2026,starling,60-83-71 00558156,2026-02-28,825.0,GBP,William Sait,169 FLAT FAWCETT,William Sait 169 FLAT FAWCETT,FASTER PAYMENT,60376.04,,REVENUE,,REVENUE,William Sait 169 FLAT FAWCETT William Sait 169 FLAT FAWCETT FASTER PAYMENT,,,0,F3169FAW,OurRent,,,0.99,prop_rent_F3169FAW_78,strong,0,rule
2026-02-28,6ce5c878c47b041979d90a733767dd0a02d94b3ab5022acf849e8980fd34af8d,FEB2026_StarlingStatement_2026-02.csv_142,FEB2026,starling,60-83-71 00558156,2026-02-28,-6.95,GBP,Co-op,CO OPERATIVE FOOD,Co-op CO OPERATIVE FOOD,CONTACTLESS,60369.09,,REPAIRS_AND_MAINTENANCE,,REPAIRS_AND_MAINTENANCE,Co-op CO OPERATIVE FOOD Co-op CO OPERATIVE FOOD CONTACTLESS,,,0,,PersonalExpense,COOP,,0.99,cat_propertyexpense_19,strong,0,rule
2026-02-28,ffc23171e6f97b9ed08de97e6be44fd9249d3c9f20296bab54f843a619b55175,FEB2026_StarlingStatement_2026-02.csv_143,FEB2026,starling,60-83-71 00558156,2026-02-28,-7.95,GBP,Co-op,CO OPERATIVE FOOD,Co-op CO OPERATIVE FOOD,CONTACTLESS,60361.14,,REPAIRS_AND_MAINTENANCE,,REPAIRS_AND_MAINTENANCE,Co-op CO OPERATIVE FOOD Co-op CO OPERATIVE FOOD CONTACTLESS,,,0,,PersonalExpense,COOP,,0.99,cat_propertyexpense_19,strong,0,rule
2026-02-28,00a4dd1b6d1e2d32be9448e92cc1855b8d3063e6b1838842fc0a0da68665b6f2,FEB2026_StarlingStatement_2026-02.csv_144,FEB2026,starling,60-83-71 00558156,2026-02-28,-78.29,GBP,Peter Taperek,drill,Peter Taperek drill,FASTER PAYMENT,60282.85,,REPAIRS_AND_MAINTENANCE,,REPAIRS_AND_MAINTENANCE,Peter Taperek drill Peter Taperek drill FASTER PAYMENT,,,0,,PropertyExpense,,,0.99,cat_propertyexpense_19,strong,1,rule
2026-02-28,d4b1c0a68fd016c616c80b59bec2661613e4cef39a242347a30ff69b102d3d8c,FEB2026_StarlingStatement_2026-02.csv_145,FEB2026,starling,60-83-71 00558156,2026-02-28,1005.0,GBP,KARUN,19 4-6,KARUN 19 4-6,FASTER PAYMENT,61287.85,,REVENUE,,REVENUE,KARUN 19 4-6 KARUN 19 4-6 FASTER PAYMENT,,,0,F1946ALH,OurRent,,,0.99,prop_rent_F1946ALH_92,strong,0,rule
